Numéro,Pokémon,Forme,Rouge,Bleu,Jaune,Or,Argent,Cristal,Rubis,Saphir,Émeraude,Rouge-Feu,Vert-Feuille,Diamant,Perle,Platine,Or HeartGold,Argent SoulSilver,Noire,Blanche,Noire 2,Blanche 2,X,Y,Rubis Omega,Saphir Alpha,Soleil,Lune,Ultra Soleil,Ultra Lune,Let's Go Evoli,Let's Go Pikachu,Épée,Bouclier,Diamant Étincelant,Perle Scintillante,Légendes Arceus,Écarlate,Violet,Légendes ZA
0001,Bulbizarre,,L'un des 3 Pokémon de départ à Bourg Palette,L'un des 3 Pokémon de départ à Bourg Palette,"Centre Pokémon d'Azuria, si Pikachu est suffisamment heureux",Indisponible,Indisponible,Indisponible,Indisponible,Indisponible,Indisponible,Pokémon de départ à Bourg Palette,Pokémon de départ à Bourg Palette,Indisponible,Indisponible,Indisponible,"Donné par le Professeur Chen à Bourg Palette une fois Red vaincu (choix entre lui, Salamèche et Carapuce)","Donné par le Professeur Chen à Bourg Palette une fois Red vaincu (choix entre lui, Salamèche et Carapuce)",Indisponible,Indisponible,Indisponible,Indisponible,"Donné par le Professeur Platane à Illumis (choix entre lui, Salamèche et Carapuce)","Donné par le Professeur Platane à Illumis (choix entre lui, Salamèche et Carapuce)",Indisponible,Indisponible,Indisponible,Indisponible,"Scanner des Îles : Vendredi, Route 2","Scanner des Îles : Vendredi, Route 2","Apparition rare à la Forêt de Jade, Offert à Azuria*","Apparition rare à la Forêt de Jade, Offert à Azuria*",Offert par Apia au Dojo de la Maîtrise,Offert par Apia au Dojo de la Maîtrise,"Grotte de la Prairie, Grotte du Marécage, Grotte de la Rivière, Caverne du Miroir d'Eau, Caverne Ensoleillée, Caverne du Marais Sans Fond","Grotte de la Prairie, Grotte du Marécage, Grotte de la Rivière, Caverne du Miroir d'Eau, Caverne Ensoleillée, Caverne du Marais Sans Fond",Incompatible,Zone Côtière,Zone Côtière,Zone Sauvage 20
0002,Herbizarre,,Indisponible,Indisponible,Indisponible,Indisponible,Indisponible,Indisponible,Indisponible,Indisponible,Indisponible,Indisponible,Indisponible,Indisponible,Indisponible,Indisponible,Indisponible,Indisponible,Indisponible,Indisponible,Indisponible,Indisponible,"Safari des Amis Plante, position 2 (4682-8662-1798)","Safari des Amis Plante, position 2 (4682-8662-1798)",Indisponible,Indisponible,Indisponible,Indisponible,Indisponible,Indisponible,Indisponible,Indisponible,Expédition Dynamax,Expédition Dynamax,Faire évoluer Bulbizarre (Niveau 16),Faire évoluer Bulbizarre (Niveau 16),Incompatible,Indisponible,Indisponible,Indisponible
0003,Florizarre,Mâle,Indisponible,Indisponible,Indisponible,Indisponible,Indisponible,Indisponible,Indisponible,Indisponible,Indisponible,Indisponible,Indisponible,Indisponible,Indisponible,Indisponible,Indisponible,Indisponible,Indisponible,Indisponible,Indisponible,Indisponible,Indisponible,Indisponible,Indisponible,Indisponible,Indisponible,Indisponible,Indisponible,Indisponible,Indisponible,Indisponible,Raid Dynamax,Raid Dynamax,Faire évoluer Herbizarre (Niveau 32),Faire évoluer Herbizarre (Niveau 32),Incompatible,Indisponible,Indisponible,Indisponible
0003,Florizarre,Femelle,,,,,,,,,,,,Indisponible,Indisponible,Indisponible,Indisponible,Indisponible,Indisponible,Indisponible,Indisponible,Indisponible,Indisponible,Indisponible,Indisponible,Indisponible,Indisponible,Indisponible,Indisponible,Indisponible,Indisponible,Indisponible,Raid Dynamax,Raid Dynamax,Faire évoluer Herbizarre (Niveau 32),Faire évoluer Herbizarre (Niveau 32),Incompatible,Indisponible,Indisponible,Indisponible
0004,Salamèche,,L'un des 3 Pokémon de départ à Bourg Palette,L'un des 3 Pokémon de départ à Bourg Palette,Donné par un Dresseur sur la Route 24,Indisponible,Indisponible,Indisponible,Indisponible,Indisponible,Indisponible,Pokémon de départ à Bourg Palette,Pokémon de départ à Bourg Palette,Indisponible,Indisponible,Indisponible,"Donné par le Professeur Chen à Bourg Palette une fois Red vaincu (choix entre lui, Bulbizarre et Carapuce)","Donné par le Professeur Chen à Bourg Palette une fois Red vaincu (choix entre lui, Bulbizarre et Carapuce)",Indisponible,Indisponible,Indisponible,Indisponible,"Donné par le Professeur Platane à Illumis (choix entre lui, Bulbizarre et Carapuce)","Donné par le Professeur Platane à Illumis (choix entre lui, Bulbizarre et Carapuce)",Indisponible,Indisponible,Indisponible,Indisponible,"Scanner des Îles : Dimanche, Route 3","Scanner des Îles : Dimanche, Route 3","Apparition rare à la Grotte Sombre, sur Route 3 et 4, Offert sur Route 24*","Apparition rare à la Grotte Sombre, sur Route 3 et 4, Offert sur Route 24*",Offert à Paddoxton après la Ligue,Offert à Paddoxton après la Ligue,"Grotte du Magma, Grotte des Sables Ardents, Caverne Typhlosion","Grotte du Magma, Grotte des Sables Ardents, Caverne Typhlosion",Incompatible,Zone Savane,Zone Savane,Zone Sauvage 20
0005,Reptincel,,Indisponible,Indisponible,Indisponible,Indisponible,Indisponible,Indisponible,Indisponible,Indisponible,Indisponible,Indisponible,Indisponible,Indisponible,Indisponible,Indisponible,Indisponible,Indisponible,Indisponible,Indisponible,Indisponible,Indisponible,"Safari des Amis Feu, position 2 (4313-3831-4517)","Safari des Amis Feu, position 2 (4313-3831-4517)",Indisponible,Indisponible,Indisponible,Indisponible,Indisponible,Indisponible,Indisponible,Indisponible,Expédition Dynamax,Expédition Dynamax,Faire évoluer Salamèche (Niveau 16),Faire évoluer Salamèche (Niveau 16),Incompatible,Indisponible,Indisponible,Indisponible
0006,Dracaufeu,,Indisponible,Indisponible,Indisponible,Indisponible,Indisponible,Indisponible,Indisponible,Indisponible,Indisponible,Indisponible,Indisponible,Indisponible,Indisponible,Indisponible,Indisponible,Indisponible,Indisponible,Indisponible,Indisponible,Indisponible,Indisponible,Indisponible,Indisponible,Indisponible,Indisponible,Indisponible,Indisponible,Indisponible,Apparition rare dans les airs* au-dessus des Routes,Apparition rare dans les airs* au-dessus des Routes,Raid Dynamax,Raid Dynamax,Faire évoluer Reptincel (Niveau 36),Faire évoluer Reptincel (Niveau 36),Incompatible,Indisponible,Indisponible,Indisponible
0007,Carapuce,,L'un des 3 Pokémon de départ à Bourg Palette,L'un des 3 Pokémon de départ à Bourg Palette,Donné par un Agent Jenny à Carmin sur Mer après avoir obtenu le Badge Foudre,Indisponible,Indisponible,Indisponible,Indisponible,Indisponible,Indisponible,Pokémon de départ à Bourg Palette,Pokémon de départ à Bourg Palette,Indisponible,Indisponible,Indisponible,"Donné par le Professeur Chen à Bourg Palette une fois Red vaincu (choix entre lui, Bulbizarre et Salamèche)","Donné par le Professeur Chen à Bourg Palette une fois Red vaincu (choix entre lui, Bulbizarre et Salamèche)",Indisponible,Indisponible,Indisponible,Indisponible,"Donné par le Professeur Platane à Illumis (choix entre lui, Bulbizarre et Salamèche)","Donné par le Professeur Platane à Illumis (choix entre lui, Bulbizarre et Salamèche)",Indisponible,Indisponible,Indisponible,Indisponible,"Scanner des Îles : Lundi, Grotte Verlamer","Scanner des Îles : Lundi, Grotte Verlamer","Apparition rare aux Îles Écume, sur Route 24 et 25, Offert à Carmin sur Mer*","Apparition rare aux Îles Écume, sur Route 24 et 25, Offert à Carmin sur Mer*",Offert par Apia au Dojo de la Maîtrise,Offert par Apia au Dojo de la Maîtrise,"Grotte des Eaux Souterraines, Grotte de la Rivière, Caverne du Miroir d'Eau","Grotte des Eaux Souterraines, Grotte de la Rivière, Caverne du Miroir d'Eau",Incompatible,Zone Canyon,Zone Canyon,Zone Sauvage 20
0008,Carabaffe,,Indisponible,Indisponible,Indisponible,Indisponible,Indisponible,Indisponible,Indisponible,Indisponible,Indisponible,Indisponible,Indisponible,Indisponible,Indisponible,Indisponible,Indisponible,Indisponible,Indisponible,Indisponible,Indisponible,Indisponible,"Safari des Amis Eau, position 2 (1693-1616-2178)","Safari des Amis Eau, position 2 (1693-1616-2178)",Indisponible,Indisponible,Indisponible,Indisponible,Indisponible,Indisponible,Indisponible,Indisponible,Expédition Dynamax,Expédition Dynamax,Faire évoluer Carapuce (Niveau 16),Faire évoluer Carapuce (Niveau 16),Incompatible,Indisponible,Indisponible,Indisponible
0009,Tortank,,Indisponible,Indisponible,Indisponible,Indisponible,Indisponible,Indisponible,Indisponible,Indisponible,Indisponible,Indisponible,Indisponible,Indisponible,Indisponible,Indisponible,Indisponible,Indisponible,Indisponible,Indisponible,Indisponible,Indisponible,Indisponible,Indisponible,Indisponible,Indisponible,Indisponible,Indisponible,Indisponible,Indisponible,Indisponible,Indisponible,Raid Dynamax,Raid Dynamax,Faire évoluer Carabaffe (Niveau 36),Faire évoluer Carabaffe (Niveau 36),Incompatible,Indisponible,Indisponible,Indisponible
0010,Chenipan,,"Route 25, Forêt de Jade","Route 2, Route 24, Route 25, Forêt de Jade",Forêt de Jade,"Route 2, Route 30, Route 31, Bois aux Chênes, Parc Naturel, Coup d'Boule, Concours de capture d'insecte (Matin et Jour)",Concours de capture d'insecte (Matin et Jour),"Route 2, Route 24, Route 25, Route 30, Route 31, Bois aux Chênes, Parc Naturel, Concours de capture d'insecte (Matin et Jour)",Indisponible,Indisponible,Indisponible,"Route 2, Route 24, Route 25, Forêt de Jade, Forbuissons","Route 2, Route 24, Route 25, Forêt de Jade, Forbuissons",Route 204,Route 204,"Route 204, Forêt Vestigion (Insertion Rouge Feu)","Route 2, Route 30, Route 31, Bois aux Chênes, Parc Naturel, Forêt de Jade, Concours de capture d'insecte, Coup d'Boule (Matin et Jour)",Concours de capture d'insecte,Indisponible,Indisponible,Indisponible,Indisponible,Forêt de Neuvartault,"Route 2, Forêt de Neuvartault",Indisponible,Indisponible,"Routes 1 et 5, Jardin de Mele-Mele, Jungle Sombrefeuille","Routes 1 et 5, Jardin de Mele-Mele, Jungle Sombrefeuille",Route 1,Route 1,"Route 2, Forêt de Jade","Route 2, Forêt de Jade",Route 1,Route 1,"Grotte Spacieuse, Grotte de la Prairie, Grotte du Marécage, Grotte de la Rivière, Caverne du Miroir d'Eau, Caverne Ensoleillée, Caverne du Marais Sans Fond",Échange,Incompatible,,,
0011,Chrysacier,,"Route 25, Forêt de Jade","Route 24, Route 25, Forêt de Jade",Forêt de Jade,"Route 2, Route 30, Route 31, Bois aux Chênes, Parc Naturel, Coup d'Boule, Concours de capture d'insecte (Matin et Jour)",Concours de capture d'insecte (Matin et Jour),"Route 24, Route 25, Bois aux Chênes, Concours de capture d'insecte (Matin et Jour)",Indisponible,Indisponible,Indisponible,"Route 24, Route 25, Forêt de Jade, Forbuissons","Route 24, Route 25, Forêt de Jade, Forbuissons",Forêt Vestigion (Insertion Rouge Feu),Forêt Vestigion (Insertion Rouge Feu),Forêt Vestigion (Insertion Rouge Feu),"Route 2, Route 30, Route 31, Bois aux Chênes, Parc Naturel, Forêt de Jade, Concours de capture d'insecte (Matin et Jour)",Concours de capture d'insecte (Matin et Jour),Indisponible,Route 12,Indisponible,Indisponible,Indisponible,"Forêt de Neuvartault, Faire évoluer Chenipan au N.7",Indisponible,Indisponible,"Routes 1 et 5, Jardin de Mele-Mele, Jungle Sombrefeuille","Routes 1 et 5, Jardin de Mele-Mele, Jungle Sombrefeuille",Route 5,Route 5,Forêt de Jade,Forêt de Jade,Plaine Verdoyante,Plaine Verdoyante,Faire évoluer Chenipan (Niveau 7),Échange,Incompatible,,,
0012,Papilusion,Mâle,Indisponible,Indisponible,Indisponible,"Route 2, Coup d'Boule, Concours de capture d'insecte (Matin)",Concours de capture d'insecte (Matin),"Route 2, Route 24, Route 25, Coup d'Boule, Concours de capture d'insecte (Matin et Jour)",Indisponible,Indisponible,Indisponible,Indisponible,Indisponible,Indisponible,Indisponible,Indisponible,"Forêt de Jade, Route 2, Concours de capture d'insecte, Coup d'Boule (Matin)",Concours de capture d'insecte,Indisponible,Route 12 (Herbes mouvantes),Indisponible,Trouée Cachée (Forêt d'Empoigne),"Safari des Amis Insecte, position 1 (1993-6860-1096)","Safari des Amis Insecte, position 1 (1993-6860-1096)",Indisponible,Indisponible,"Jardin de Mele-Mele, Route 5","Jardin de Mele-Mele, Route 5",Jardin de Mele-Mele,Jardin de Mele-Mele,Forêt de Jade,Faire évoluer Chrysacier (niveau 10),"Lac Coupenotte Est, Miroir du Géant, Plaine Verdoyante, Forêt de Sleepwood, Expédition Dynamax","Lac Coupenotte Est, Miroir du Géant, Plaine Verdoyante, Forêt de Sleepwood, Expédition Dynamax",Faire évoluer Chrysacier (Niveau 10),Échange,Incompatible,,,
0012,Papilusion,Femelle,,,,,,,,,,,,Indisponible,Indisponible,Indisponible,"Forêt de Jade, Route 2, Concours de capture d'insecte, Coup d'Boule (Matin)",Concours de capture d'insecte,Indisponible,Route 12 (Herbes mouvantes),Indisponible,Trouée Cachée (Forêt d'Empoigne),"Safari des Amis Insecte, position 1 (1993-6860-1096)","Safari des Amis Insecte, position 1 (1993-6860-1096)",Indisponible,Indisponible,"Jardin de Mele-Mele, Route 5","Jardin de Mele-Mele, Route 5",Jardin de Mele-Mele,Jardin de Mele-Mele,Forêt de Jade,Faire évoluer Chrysacier (niveau 10),"Lac Coupenotte Est, Miroir du Géant, Plaine Verdoyante, Forêt de Sleepwood, Expédition Dynamax","Lac Coupenotte Est, Miroir du Géant, Plaine Verdoyante, Forêt de Sleepwood, Expédition Dynamax",Faire évoluer Chrysacier (Niveau 10),Échange,Incompatible,,,
0013,Aspicot,,"Route 2, Route 24, Route 25, Forêt de Jade","Route 25, Forêt de Jade",Indisponible,Concours de capture d'insecte (Matin et Jour),"Route 2, Route 30, Route 31, Bois aux Chênes, Parc Naturel, Coup d'Boule, Concours de capture d'insecte (Matin et Jour)","Route 30, Route 31, Bois aux Chênes, Parc Naturel, Concours de capture d'insecte (Matin et Jour)",Indisponible,Indisponible,Indisponible,"Route 2, Route 24, Route 25, Forêt de Jade, Forbuissons","Route 2, Route 24, Route 25, Forêt de Jade, Forbuissons",Route 204,Route 204,"Route 204, Forêt Vestigion (Insertion Vert Feuille)",Concours de capture d'insecte,"Route 2, Route 30, Route 31, Bois aux Chênes, Parc Naturel, Forêt de Jade, Concours de capture d'insecte, Coup d'Boule (Matin et Jour)",Indisponible,Indisponible,Indisponible,Indisponible,"Route 2, Forêt de Neuvartault",Forêt de Neuvartault,Indisponible,Indisponible,Échange,Échange,Faire reproduire Dardargnan,Faire reproduire Dardargnan,"Route 2, Forêt de Jade","Route 2, Forêt de Jade",Incompatible,Incompatible,Échange,"Grotte Spacieuse, Grotte de la Prairie, Grotte du Marécage, Grotte de la Rivière, Caverne du Miroir d'Eau, Caverne Ensoleillée, Caverne du Marais Sans Fond",Incompatible,,,Zone Sauvage 1
0014,Coconfort,,"Route 24, Route 25, Forêt de Jade","Route 25, Forêt de Jade",Indisponible,Concours de capture d'insecte (Matin et Jour),"Route 2, Route 30, Route 31, Bois aux Chênes, Parc Naturel, Coup d'Boule, Concours de capture d'insecte (Matin et Jour)","Bois aux Chênes, Concours de capture d'insecte (Matin et Jour)",Indisponible,Indisponible,Indisponible,"Route 24, Route 25, Forêt de Jade, Forbuissons","Route 24, Route 25, Forêt de Jade, Forbuissons",Forêt Vestigion (Insertion Vert Feuille),Forêt Vestigion (Insertion Vert Feuille),Forêt Vestigion (Insertion Vert Feuille),Concours de capture d'insecte (Matin et Jour),"Route 2, Route 30, Route 31, Bois aux Chênes, Parc Naturel, Forêt de Jade, Concours de capture d'insecte (Matin et Jour)",Route 12,Indisponible,Indisponible,Indisponible,Forêt de Neuvartault,"Safari des Amis Poison, position 1 (4485-5247-4664)",Parc Safari (Navi-Dex),Parc Safari (Navi-Dex),Échange,Échange,Faire reproduire Dardargnan,Faire reproduire Dardargnan,Forêt de Jade,Forêt de Jade,Incompatible,Incompatible,Échange,Faire évoluer Aspicot (Niveau 7),Incompatible,,,Zone Sauvage 2
0015,Dardargnan,,Indisponible,Indisponible,Indisponible,Concours de capture d'insecte (Matin),"Route 2, Coup d'Boule, Concours de capture d'insecte (Matin)","Coup d'Boule, Concours de capture d'insecte (Matin et Jour)",Indisponible,Indisponible,Indisponible,Indisponible,Indisponible,Indisponible,Indisponible,Indisponible,Concours de capture d'insecte,"Forêt de Jade, Route 2, Concours de capture d'insecte, Coup d'Boule (Matin)",Route 12 (Herbes mouvantes),Indisponible,Trouée Cachée (Forêt d'Empoigne),Indisponible,Indisponible,Indisponible,Indisponible,Indisponible,Échange,Échange,"Scanner des Îles : Jeudi, Route 4","Scanner des Îles : Jeudi, Route 4",Faire évoluer Coconfort (niveau 10),Forêt de Jade,Incompatible,Incompatible,Échange,Faire évoluer Coconfort (Niveau 10),Incompatible,,,Zone Sauvage 15
0016,Roucool,,"Route 1, Route 2, Route 3, Route 5, Route 6, Route 7, Route 8, Route 12, Route 13, Route 14, Route 15, Chenal 21, Route 24, Route 25","Route 1, Route 2, Route 3, Route 5, Route 6, Route 7, Route 8, Route 12, Route 13, Route 14, Route 15, Chenal 21, Route 24, Route 25","Route 1, Route 2, Route 5, Route 6, Route 7, Route 8, Route 11, Route 12, Route 13, Chenal 21, Route 24, Route 25, Forêt de Jade","Route 1, Route 2, Route 5, Route 6, Route 25, Route 29, Route 30, Route 31, Route 35, Route 36, Route 37, Parc Naturel (Matin et Jour)","Route 1, Route 2, Route 5, Route 6, Route 25, Route 29, Route 30, Route 31, Route 35, Route 36, Route 37, Parc Naturel (Matin et Jour)","Route 1, Route 2, Route 5, Route 25, Route 29, Route 30, Route 31, Route 32, Route 34, Route 35, Route 36, Route 37, Parc Naturel",Indisponible,Indisponible,Indisponible,"Route 1, Route 2, Route 5, Route 6, Route 7, Route 8, Route 12, Route 13, Route 14, Route 15, Route 24, Route 25, Pont du Lien, Bois Baies, Pré de l'Île 5","Route 1, Route 2, Route 5, Route 6, Route 7, Route 8, Route 12, Route 13, Route 14, Route 15, Route 24, Route 25, Pont du Lien, Bois Baies, Pré de l'Île 5",Route 229 (Essaim),Route 229 (Essaim),Route 229 (Essaim),"Route 1, Route 2, Route 5, Route 6, Route 25, Route 29, Route 30, Route 31, Route 35, Route 36, Route 37, Parc Naturel, Forêt de Jade, Pokéwalker (Plaine Sereine) (Matin et Jour)","Route 1, Route 2, Route 5, Route 6, Route 25, Route 29, Route 30, Route 31, Route 35, Route 36, Route 37, Parc Naturel, Forêt de Jade, Pokéwalker (Plaine Sereine) (Matin et Jour)",Indisponible,Forêt Blanche (avec Nestor dans la forêt),Indisponible,Indisponible,"Route 2, Route 3","Route 2, Route 3",Indisponible,Indisponible,Échange,Échange,Faire reproduire Roucarnage,Faire reproduire Roucarnage,"Dans les airs*, au-dessus des Routes 1, 2, 5, 6, 7, 8, 11, 12, 13, 14, 15, 16, 17, 18, 19, 20, 21, 24 et 25, Routes 1, 2, 5, 6, 7, 8, 11, 12, 13, 14, 15, 16, 17, 18, 24, 25 et Forêt de Jade","Dans les airs*, au-dessus des Routes 1, 2, 5, 6, 7, 8, 11, 12, 13, 14, 15, 16, 17, 18, 19, 20, 21, 24 et 25, Routes 1, 2, 5, 6, 7, 8, 11, 12, 13, 14, 15, 16, 17, 18, 24, 25 et Forêt de Jade",Incompatible,Incompatible,Route 229 (troupeau),Route 229 (troupeau),Incompatible,,,Zone Sauvage 1
0017,Roucoups,,"Route 14, Route 15, Chenal 21","Route 14, Route 15, Chenal 21","Route 5, Route 6, Route 7, Route 8, Route 11, Route 12, Route 13, Route 14, Route 15, Chenal 21, Route 24 Route 25, Forêt de Jade","Route 2, Route 8, Route 13, Route 14, Route 15, Route 25, Route 37, Route 43 (Matin et Jour)","Route 2, Route 8, Route 13, Route 14, Route 15, Route 25, Route 37, Route 43 (Matin et Jour)","Route 2, Route 5, Route 8, Route 11, Route 13, Route 14, Route 15, Route 25, Route 37, Route 38, Route 39, Route 43 (Matin et Jour)",Indisponible,Indisponible,Indisponible,"Route 13, Route 14, Route 15, Île 5","Route 13, Route 14, Route 15, Île 5",Indisponible,Indisponible,Indisponible,"Route 2, Route 8, Route 13, Route 14, Route 15, Route 25, Route 37, Route 43, Forêt de Jade (Matin et Jour)","Route 2, Route 8, Route 13, Route 14, Route 15, Route 25, Route 37, Route 43, Forêt de Jade (Matin et Jour)",Indisponible,Faire évoluer Roucool au N.18,Indisponible,Indisponible,Indisponible,Indisponible,Parc Safari (Navi-Dex),Parc Safari (Navi-Dex),Échange,Échange,Faire reproduire Roucarnage,Faire reproduire Roucarnage,"Dans les airs*, au-dessus des Routes 1, 2, 5, 6, 7, 8, 11, 12, 13, 14, 15, 16, 17, 18, 19, 20, 21, 24 et 25, 5, 6, 7, 8, 11, 12, 13, 14, 15, 16, 17, 18","Dans les airs*, au-dessus des Routes 1, 2, 5, 6, 7, 8, 11, 12, 13, 14, 15, 16, 17, 18, 19, 20, 21, 24 et 25, 5, 6, 7, 8, 11, 12, 13, 14, 15, 16, 17, 18",Incompatible,Incompatible,Faire évoluer Roucool (Niveau 18),Faire évoluer Roucool (Niveau 18),Incompatible,,,Zone Sauvage 5
0018,Roucarnage,,Indisponible,Indisponible,Indisponible,Indisponible,Indisponible,Indisponible,Indisponible,Indisponible,Indisponible,Indisponible,Indisponible,Indisponible,Indisponible,Indisponible,Indisponible,Indisponible,Indisponible,Faire évoluer Roucoups au N.36,Indisponible,Indisponible,Indisponible,Indisponible,Indisponible,Indisponible,Échange,Échange,"Scanner des Îles : Jeudi, Route 10","Scanner des Îles : Jeudi, Route 10","Dans les airs*, au-dessus des Routes 1, 2, 5, 6, 7, 8, 11, 12, 13, 14, 15, 16, 17, 18, 19, 20, 21, 24 et 25.","Dans les airs*, au-dessus des Routes 1, 2, 5, 6, 7, 8, 11, 12, 13, 14, 15, 16, 17, 18, 19, 20, 21, 24 et 25.",Incompatible,Incompatible,Faire évoluer Roucoups (Niveau 36),Faire évoluer Roucoups (Niveau 36),Incompatible,,,Bleu Sector 5
0019,Rattata,Mâle,"Route 1, Route 2, Route 4, Route 9, Route 16, Chenal 21, Route 22","Route 1, Route 2, Route 4, Route 9, Route 16, Chenal 21, Route 22","Route 1, Route 2, Route 3, Route 4, Route 5, Route 6, Route 7, Route 8, Route 9, Route 10, Route 11, Route 16, Route 18, Chenal 21, Route 22, Manoir Pokémon","Route 1, Route 3, Route 4, Route 7, Route 9, Route 11, Route 22, Route 29, Route 30, Route 31, Route 32, Route 33, Route 34, Route 38, Route 39, Route 46, Caves Jumelles, Chutes Tohjo, Mont Creuset, Tour Ferraille, Tour Cendrée, Tour Chétiflor","Route 1, Route 3, Route 4, Route 7, Route 9, Route 11, Route 22, Route 29, Route 30, Route 31, Route 32, Route 33, Route 34, Route 46, Caves Jumelles, Chutes Tohjo, Mont Creuset, Tour Ferraille, Tour Cendrée, Tour Chétiflor","Route 1, Route 3, Route 4, Route 6, Route 7, Route 9, Route 11, Chenal 21, Route 22, Route 29, Route 32, Route 33, Route 34, Route 38, Route 39, Route 42, Route 46, Caves Jumelles, Chutes Tohjo, Mont Creuset, Tour Ferraille, Tour Cendrée, Tour Chétiflor",Indisponible,Indisponible,Indisponible,"Route 1, Route 2, Route 4, Route 9, Route 16, Route 17, Route 18, Route 22, Manoir Pokémon","Route 1, Route 2, Route 4, Route 9, Route 16, Route 17, Route 18, Route 22, Manoir Pokémon","Route 225, Chenal 226","Route 225, Chenal 226","Route 225, Chenal 226","Route 1, Route 3, Route 4, Route 7, Route 9, Route 11, Route 22, Route 29, Route 30, Route 31, Route 32, Route 33, Route 34, Caves Jumelles, Chutes Tohjo, Mont Creuset, Tour Carillon, Tour Cendrée, Tour Chétiflor, Pokéwalker*","Route 1, Route 3, Route 4, Route 7, Route 9, Route 11, Route 22, Route 29, Route 30, Route 31, Route 32, Route 33, Route 34, Caves Jumelles, Chutes Tohjo, Mont Creuset, Tour Carillon, Tour Cendrée, Tour Chétiflor, Pokéwalker*",Indisponible,Indisponible,"Volucité, Égouts de Volucité, Chemin Enfoui","Volucité, Égouts de Volucité, Chemin Enfoui",Indisponible,Indisponible,Route 117 (Navi-Dex),Route 117 (Navi-Dex),À transférer via Banque Pokémon,À transférer via Banque Pokémon,À transférer via Banque Pokémon,À transférer via Banque Pokémon,"Routes 1, 2, 3, 4, 5, 6, 7, 8, 9, 10, 11, 16, 17, 18, 21, 22 et Manoir Pokémon","Routes 1, 2, 3, 4, 5, 6, 7, 8, 9, 10, 11, 16, 17, 18, 21, 22 et Manoir Pokémon",Incompatible,Incompatible,"Route 225, Chenal 226, Grotte Spacieuse, Grotte de la Prairie, Grotte de la Rivière, Caverne du Miroir d'Eau, Caverne Ensoleillée","Route 225, Chenal 226, Grotte Spacieuse, Grotte de la Prairie, Grotte de la Rivière, Caverne du Miroir d'Eau, Caverne Ensoleillée",Incompatible,,,
0019,Rattata,Femelle,,,,,,,,,,,,"Route 225, Chenal 226","Route 225, Chenal 226","Route 225, Chenal 226","Route 1, Route 3, Route 4, Route 7, Route 9, Route 11, Route 22, Route 29, Route 30, Route 31, Route 32, Route 33, Route 34, Caves Jumelles, Chutes Tohjo, Mont Creuset, Tour Carillon, Tour Cendrée, Tour Chétiflor, Pokéwalker*","Route 1, Route 3, Route 4, Route 7, Route 9, Route 11, Route 22, Route 29, Route 30, Route 31, Route 32, Route 33, Route 34, Caves Jumelles, Chutes Tohjo, Mont Creuset, Tour Carillon, Tour Cendrée, Tour Chétiflor, Pokéwalker*",Indisponible,Indisponible,"Volucité, Égouts de Volucité, Chemin Enfoui","Volucité, Égouts de Volucité, Chemin Enfoui",Indisponible,Indisponible,Route 117 (Navi-Dex),Route 117 (Navi-Dex),À transférer via Banque Pokémon,À transférer via Banque Pokémon,À transférer via Banque Pokémon,À transférer via Banque Pokémon,"Routes 1, 2, 3, 4, 5, 6, 7, 8, 9, 10, 11, 16, 17, 18, 21, 22 et Manoir Pokémon","Routes 1, 2, 3, 4, 5, 6, 7, 8, 9, 10, 11, 16, 17, 18, 21, 22 et Manoir Pokémon",Incompatible,Incompatible,"Route 225, Chenal 226, Grotte Spacieuse, Grotte de la Prairie, Grotte de la Rivière, Caverne du Miroir d'Eau, Caverne Ensoleillée","Route 225, Chenal 226, Grotte Spacieuse, Grotte de la Prairie, Grotte de la Rivière, Caverne du Miroir d'Eau, Caverne Ensoleillée",Incompatible,,,
0019,Rattata,Alola,,,,,,,,,,,,,,,,,,,,,,,,,"La nuit : Routes 1, 2 3, 4, 6 et 8, Baie de Kala'e, Ekaeka","La nuit : Routes 1, 2 3, 4, 6 et 8, Baie de Kala'e, Ekaeka","La nuit : Routes 1, 2 3, 4, 6 et 8, Baie de Kala'e","La nuit : Routes 1, 2 3, 4, 6 et 8, Baie de Kala'e",Échange à Azuria,Échange à Azuria,Incompatible,Incompatible,Incompatible,Incompatible,Incompatible,,,
0020,Rattatac,Mâle,"Route 16, Route 17, Route 18, Chenal 21","Route 16, Route 17, Route 18, Chenal 21","Route 9, Route 10, Route 11, Route 16, Route 18, Chenal 21, Manoir Pokémon","Route 7, Route 9, Route 10, Route 26, Route 27, Route 38, Route 39, Mont Creuset, Caves Jumelles, Chutes Tohjo, Tour Cendrée","Route 7, Route 9, Route 10, Route 26, Route 27, Route 38, Route 39, Mont Creuset, Caves Jumelles, Chutes Tohjo, Tour Cendrée","Route 1 (Nuit), Route 3, Route 4, Route 6, Route 7 (Matin et Jour), Route 9, Route 10, Route 11, Chenal 21, Route 26, Route 27, Route 38, Route 39, Route 42, Route 43, Mont Creuset, Caves Jumelles, Chutes Tohjo, Tour Cendrée",Indisponible,Indisponible,Indisponible,"Route 16, Route 17, Route 18, Manoir Pokémon","Route 16, Route 17, Route 18, Manoir Pokémon","Route 225, Chenal 226","Route 225, Chenal 226","Route 225, Chenal 226","Route 7, Route 9, Route 10, Route 26, Route 27, Route 38, Route 39, Route 47, Caves Jumelles, Mont Creuset, Tour Cendrée, Chutes Tohjo, Parc Safari","Route 7, Route 9, Route 10, Route 26, Route 27, Route 38, Route 39, Route 47, Caves Jumelles, Mont Creuset, Tour Cendrée, Chutes Tohjo, Parc Safari",Vestiges du Rêve,Vestiges du Rêve,"Chemin Enfoui, Manoir de l'Étrange, Vestiges du Rêve","Chemin Enfoui, Manoir de l'Étrange, Vestiges du Rêve",Indisponible,Indisponible,Route 118 (Navi-Dex),Route 118 (Navi-Dex),À transférer via Banque Pokémon,À transférer via Banque Pokémon,À transférer via Banque Pokémon,À transférer via Banque Pokémon,"7, 8, 9, 10, 11, 16, 17, 18, 21 et Manoir Pokémon","7, 8, 9, 10, 11, 16, 17, 18, 21 et Manoir Pokémon",Incompatible,Incompatible,"Route 225, Chenal 226, Grotte Spacieuse, Grotte de la Prairie, Grotte de la Rivière, Caverne du Miroir d'Eau, Caverne Ensoleillée","Route 225, Chenal 226, Grotte Spacieuse, Grotte de la Prairie, Grotte de la Rivière, Caverne du Miroir d'Eau, Caverne Ensoleillée",Incompatible,,,
0020,Rattatac,Femelle,,,,,,,,,,,,"Route 225, Chenal 226","Route 225, Chenal 226","Route 225, Chenal 226","Route 7, Route 9, Route 10, Route 26, Route 27, Route 38, Route 39, Route 47, Caves Jumelles, Mont Creuset, Tour Cendrée, Chutes Tohjo, Parc Safari","Route 7, Route 9, Route 10, Route 26, Route 27, Route 38, Route 39, Route 47, Caves Jumelles, Mont Creuset, Tour Cendrée, Chutes Tohjo, Parc Safari",Vestiges du Rêve,Vestiges du Rêve,"Chemin Enfoui, Manoir de l'Étrange, Vestiges du Rêve","Chemin Enfoui, Manoir de l'Étrange, Vestiges du Rêve",Indisponible,Indisponible,Route 118 (Navi-Dex),Route 118 (Navi-Dex),À transférer via Banque Pokémon,À transférer via Banque Pokémon,À transférer via Banque Pokémon,À transférer via Banque Pokémon,"7, 8, 9, 10, 11, 16, 17, 18, 21 et Manoir Pokémon","7, 8, 9, 10, 11, 16, 17, 18, 21 et Manoir Pokémon",Incompatible,Incompatible,"Route 225, Chenal 226, Grotte Spacieuse, Grotte de la Prairie, Grotte de la Rivière, Caverne du Miroir d'Eau, Caverne Ensoleillée","Route 225, Chenal 226, Grotte Spacieuse, Grotte de la Prairie, Grotte de la Rivière, Caverne du Miroir d'Eau, Caverne Ensoleillée",Incompatible,,,
0020,Rattatac,Alola,,,,,,,,,,,,,,,,,,,,,,,,,"La nuit : Routes 10, 11 16, et 17, Côte Reculée d'Akala, Village Toko, Vieille Route, Prairie de Poni, Forêt de Poni","La nuit : Routes 10, 11 16, et 17, Côte Reculée d'Akala, Village Toko, Vieille Route, Prairie de Poni, Forêt de Poni","La nuit : Routes 10, 11 16, et 17, Côte Reculée d'Akala, Village Toko, Vieille Route, Prairie de Poni","La nuit : Routes 10, 11 16, et 17, Côte Reculée d'Akala, Village Toko, Vieille Route, Prairie de Poni","Faire évoluer Rattata d'Alola (niveau 20, Nuit)","Faire évoluer Rattata d'Alola (niveau 20, Nuit)",Incompatible,Incompatible,Incompatible,Incompatible,Incompatible,,,
0021,Piafabec,,"Route 3, Route 4, Route 9, Route 10, Route 11, Route 16, Route 17, Route 18, Route 22, Route 23","Route 3, Route 4, Route 9, Route 10, Route 11, Route 16, Route 17, Route 18, Route 22, Route 23","Route 3, Route 4, Route 9, Route 16, Route 18, Route 22","Route 3, Route 7, Route 9, Route 10, Route 22, Route 33, Route 42, Route 46, (Matin et Jour) Coup d'Boule (Route 29, 30, 31, 32, 33, 42, 43, 44, 45, 46), Route 4, Route 35, à amener à un personnage sur la Route 31","Route 3, Route 4, Route 7, Route 9, Route 10, Route 22, Route 33, Route 42, Route 46, Coup d'Boule (Route 29, 30, 31, 32, 33, 42, 43, 44, 45, 46), Route 35, à amener à un personnage sur la Route 31 (Matin et Jour)","Route 3, Route 4, Route 7, Route 9, Route 10, Route 22, Route 33, Route 42, Route 46, Coup d'Boule (Route 33, 42, 44, 45, 46, Ecorcia), Route 35, à amener à un personnage sur la Route 31 (Matin et Jour)",Indisponible,Indisponible,Indisponible,"Route 3, Route 4, Route 9, Route 10, Route 11, Route 16, Route 17, Route 18, Route 22, Route 23, Île 1, Île 2, Île 6, Île 7","Route 3, Route 4, Route 9, Route 10, Route 11, Route 16, Route 17, Route 18, Route 22, Route 23, Île 1, Île 2, Île 6, Île 7","Route 225, Chenal 226, Reproduction de Rapasdepic","Route 225, Chenal 226, Reproduction de Rapasdepic",Indisponible,"Route 3, Route 4, Route 7, Route 9, Route 10, Route 22, Route 33, Route 42, Route 46, Route 47, Coup d'Boule, Parc Safari, Pokéwalker(Bois Bruissant) (Matin et Jour)","Route 3, Route 4, Route 7, Route 9, Route 10, Route 22, Route 33, Route 42, Route 46, Route 47, Coup d'Boule, Parc Safari, Pokéwalker(Bois Bruissant) (Matin et Jour)",Indisponible,Indisponible,Indisponible,Indisponible,"Safari des Amis Vol, position 1 (0301-9771-3252)","Safari des Amis Vol, position 1 (0301-9771-3252)",Indisponible,Indisponible,Routes 2* et 3*,Routes 2* et 3*,Routes 2* et 3*,Routes 2* et 3*,"Dans les airs*, au-dessus des Routes 3, 4, 9, 10, 22, 23, Routes 3, 4, 9, 10, 22, 23","Dans les airs*, au-dessus des Routes 3, 4, 9, 10, 22, 23, Routes 3, 4, 9, 10, 22, 23",Incompatible,Incompatible,"Route 225, Chenal 226","Route 225, Chenal 226",Incompatible,,,
0022,Rapasdepic,,"Route 17, Route 18, Route 23","Route 17, Route 18, Route 23","Route 9, Route 16, Route 17, Route 18, Route 23","Route 9, Route 10, Route 16, Route 17, Route 18, Route 22 (Matin et Jour)","Route 9, Route 10, Route 16, Route 17, Route 18, Route 22 (Matin et Jour)","Route 9, Route 10, Route 16, Route 17, Route 18, Route 22, Route 42 (Matin et Jour)",Indisponible,Indisponible,Indisponible,"Route 17, Route 18, Route 23, Plage Trésor, Route Tison, Mont Braise, Cap Falaise, Vallée Ruine, Agualcanal, Entrée Canyon, Canyon Sesor","Route 17, Route 18, Route 23, Plage Trésor, Route Tison, Mont Braise, Cap Falaise, Vallée Ruine, Agualcanal, Entrée Canyon, Canyon Sesor","Route 225, Chenal 226, Route 227, Mont Abrupt","Route 225, Chenal 226, Route 227, Mont Abrupt","Route 225, Chenal 226, Route 227, Mont Abrupt","Route 9, Route 10, Route 16, Route 17, Route 18, Route 22, Route 47, Route 48, Parc Safari (Matin et Jour)","Route 9, Route 10, Route 16, Route 17, Route 18, Route 22, Route 47, Route 48, Parc Safari (Matin et Jour)",Route 15,Route 15,Route 15 (Troupeau),Route 15 (Troupeau),"Route Victoire (Embuscades, chutant du ciel)","Route Victoire (Embuscades, chutant du ciel)",Indisponible,Indisponible,"Routes 10* et 17, Mont Hokulani, Plaine de Poni*","Routes 10* et 17, Mont Hokulani, Plaine de Poni*","Routes 10* et 17, Mont Hokulani, Plaine de Poni*","Routes 10* et 17, Mont Hokulani, Plaine de Poni*","Dans les airs*, au-dessus des Routes 3, 4, 9, 10, 22, 23, Routes 9, 10, 23","Dans les airs*, au-dessus des Routes 3, 4, 9, 10, 22, 23, Routes 9, 10, 23",Incompatible,Incompatible,"Route 225, Chenal 226, Route 227, Mont Abrupt","Route 225, Chenal 226, Route 227, Mont Abrupt",Incompatible,,,
0023,Abo,,"Route 4, Route 8, Route 9, Route 10, Route 11, Route 23",Indisponible,Indisponible,Casino de Doublonville,"Route 3, Route 4, Route 32, Route 33","Route 3, Route 4, Route 32, Route 33, Route 42, Coup d'Boule (Matin et Jour)",Indisponible,Indisponible,Indisponible,"Route 4, Route 8, Route 9, Route 10, Route 11, Route 23",Indisponible,"Route 212 (Partie Sud, insertion Rouge Feu)","Route 212 (Partie Sud, insertion Rouge Feu)","Route 212 (Partie Sud, insertion Rouge Feu)","Casino de Doublonville, Parc Safari","Route 3, Route 4, Route 32, Route 33, Parc Safari",Indisponible,Indisponible,Indisponible,Indisponible,Route 14 (Horde),Route 14 (Horde),Indisponible,Indisponible,Échange,Échange,Route 2,Route 2,"Hautes herbesLGE : Routes 3 et 4, Échange",Hautes herbesLGE : Routes 3 et 4,Incompatible,Incompatible,"Grotte de la Prairie, Grotte du Marécage, Grotte de la Rivière, Caverne du Miroir d'Eau, Caverne Ensoleillée, Caverne du Marais Sans Fond",Échange,Incompatible,Coteau Pomme (Prairie),Coteau Pomme (Prairie),Zone Sauvage 4
0024,Arbok,,"Route 23, Caverne Azurée",Indisponible,Indisponible,Faire évoluer Abo au N.22,"Route 3, Route 4, Route 26, Route 27, Faire évoluer Abo au N.22","Route 3, Route 4, Route 26, Route 27, Route 28, Route 42, Mont Argenté (Matin et Jour)",Indisponible,Indisponible,Indisponible,"Route Victoire, Route 23",Indisponible,Grand Marais (Insertion Rouge Feu),Grand Marais (Insertion Rouge Feu),Grand Marais (Insertion Rouge Feu),Indisponible,"Route 3, Route 4, Route 26, Route 27, Parc Safari (Zone Humide)",Indisponible,Indisponible,Indisponible,Indisponible,Route 19 (Horde),Route 19 (Horde),Indisponible,Indisponible,Échange,Échange,Échange au Centre Pokémon de la Route 8,Échange au Centre Pokémon de la Route 8,Échange,Faire évoluer Abo (niveau 22),Incompatible,Incompatible,Faire évoluer Abo (Niveau 22),Échange,Incompatible,Rives du Confluent (Prairie),Rives du Confluent (Prairie),Zone Sauvage 10
0025,Pikachu,Mâle,"Forêt de Jade, Centrale","Forêt de Jade, Centrale",Pokémon de départ à Bourg Palette,Route 2 (Matin et Jour),Route 2 (Matin et Jour),"Route 2, Casino de Céladopole (Matin et Jour)",Parc Safari,Parc Safari,Parc Safari,"Forêt de Jade, Centrale","Forêt de Jade, Centrale",Jardin Trophée (tout le temps),Jardin Trophée (tout le temps),Jardin Trophée (tout le temps),"Forêt de Jade, Pokéwalker (Zone de Vacances)","Forêt de Jade, Pokéwalker (Zone de Vacances)",Indisponible,Indisponible,Indisponible,Indisponible,"Route 3, Forêt de Neuvartault","Route 3, Forêt de Neuvartault","Parc Safari (Zone Sud-est, Hautes herbes), Spécimen cosplayeur donné dans une salle de concours Pokémon","Parc Safari (Zone Sud-est, Hautes herbes), Spécimen cosplayeur donné dans une salle de concours Pokémon",Intrusion* (Pichu*),Intrusion* (Pichu*),"Intrusion* (Pichu*), Reçu après être devenu n° 1 aux 4 compétitions de Surf Démanta","Intrusion* (Pichu*), Reçu après être devenu n° 1 aux 4 compétitions de Surf Démanta",Forêt de Jade,Forêt de Jade,"Route 4, Plaine Verdoyante, Plaine Rocheuse, Forêt Flexion, Lande Boldair, Plaine Salutation","Route 4, Plaine Verdoyante, Plaine Rocheuse, Forêt Flexion, Lande Boldair, Plaine Salutation",Jardin Trophée,Jardin Trophée,??,Zone Est 1 (Hautes herbes),Zone Est 1 (Hautes herbes),Zone Sauvage 3
0025,Pikachu,Femelle,,,,,,,,,,,,Jardin Trophée (tout le temps),Jardin Trophée (tout le temps),Jardin Trophée (tout le temps),"Forêt de Jade, Pokéwalker (Zone de Vacances)","Forêt de Jade, Pokéwalker (Zone de Vacances)",Indisponible,Indisponible,Indisponible,Indisponible,"Route 3, Forêt de Neuvartault","Route 3, Forêt de Neuvartault","Parc Safari (Zone Sud-est, Hautes herbes), Spécimen cosplayeur donné dans une salle de concours Pokémon","Parc Safari (Zone Sud-est, Hautes herbes), Spécimen cosplayeur donné dans une salle de concours Pokémon",Intrusion* (Pichu*),Intrusion* (Pichu*),"Intrusion* (Pichu*), Reçu après être devenu n° 1 aux 4 compétitions de Surf Démanta","Intrusion* (Pichu*), Reçu après être devenu n° 1 aux 4 compétitions de Surf Démanta",Forêt de Jade,Forêt de Jade,"Route 4, Plaine Verdoyante, Plaine Rocheuse, Forêt Flexion, Lande Boldair, Plaine Salutation","Route 4, Plaine Verdoyante, Plaine Rocheuse, Forêt Flexion, Lande Boldair, Plaine Salutation",Jardin Trophée,Jardin Trophée,??,Zone Est 1 (Hautes herbes),Zone Est 1 (Hautes herbes),Zone Sauvage 3
0025,Pikachu,Partenaire,,,,,,,,,,,,,,,,,,,,,,,,,,,,,Bourg Palette (Laboratoire Pokémon),,,,,,,,,
0025,Pikachu,Cosplay,,,,,,,,,,,,,,,,,,,,,,,Indisponible,Indisponible,,,,,,,,,,,,,,
0025,Pikachu,Rockeur,,,,,,,,,,,,,,,,,,,,,,,Indisponible,Indisponible,,,,,,,,,,,,,,
0025,Pikachu,Docteur,,,,,,,,,,,,,,,,,,,,,,,Indisponible,Indisponible,,,,,,,,,,,,,,
0025,Pikachu,Star,,,,,,,,,,,,,,,,,,,,,,,Indisponible,Indisponible,,,,,,,,,,,,,,
0025,Pikachu,Lady,,,,,,,,,,,,,,,,,,,,,,,Indisponible,Indisponible,,,,,,,,,,,,,,
0025,Pikachu,Catcheur,,,,,,,,,,,,,,,,,,,,,,,Indisponible,Indisponible,,,,,,,,,,,,,,
0025,Pikachu,Casquette Originale,,,,,,,,,,,,,,,,,,,,,,,,,,,,,,,,,,,,Evénement,Evénement,
0025,Pikachu,Casquette de Hoenn,,,,,,,,,,,,,,,,,,,,,,,,,,,,,,,,,,,,Evénement,Evénement,
0025,Pikachu,Casquette de Sinnoh,,,,,,,,,,,,,,,,,,,,,,,,,,,,,,,,,,,,Evénement,Evénement,
0025,Pikachu,Casquette d'Unys,,,,,,,,,,,,,,,,,,,,,,,,,,,,,,,,,,,,Evénement,Evénement,
0025,Pikachu,Casquette de Kalos,,,,,,,,,,,,,,,,,,,,,,,,,,,,,,,,,,,,Evénement,Evénement,
0025,Pikachu,Casquette d'Alola,,,,,,,,,,,,,,,,,,,,,,,,,,,,,,,,,,,,Evénement,Evénement,
0025,Pikachu,Casquette Partenaire,,,,,,,,,,,,,,,,,,,,,,,,,,,,,,,,,,,,Evénement,Evénement,
0025,Pikachu,Casquette Monde,,,,,,,,,,,,,,,,,,,,,,,,,,,,,,,,,,,,Evénement,Evénement,
0026,Raichu,Mâle,Caverne Azurée,"Centrale, Caverne Azurée",Indisponible,Indisponible,Indisponible,Indisponible,Indisponible,Indisponible,Indisponible,Indisponible,Indisponible,Indisponible,Indisponible,Indisponible,Indisponible,Indisponible,Indisponible,Indisponible,Indisponible,Indisponible,Indisponible,Indisponible,Indisponible,Indisponible,Échange,Échange,Faire évoluer Pikachu avec une Pierre Foudre dans l'Ultra-Dimension,Faire évoluer Pikachu avec une Pierre Foudre dans l'Ultra-Dimension,Faire évoluer Pikachu avec une Pierre Foudre,Faire évoluer Pikachu avec une Pierre Foudre,"Lande Boldair, Forêt Flexion, Expédition Dynamax","Lande Boldair, Forêt Flexion, Expédition Dynamax",Faire évoluer Pikachu (Avec une Pierre Foudre),Faire évoluer Pikachu (Avec une Pierre Foudre),??,Forêt Toastée,Forêt Toastée,Zone Sauvage 20
0026,Raichu,Femelle,,,,,,,,,,,,Indisponible,Indisponible,Indisponible,Indisponible,Indisponible,Indisponible,Indisponible,Indisponible,Indisponible,Indisponible,Indisponible,Indisponible,Indisponible,Échange,Échange,Faire évoluer Pikachu avec une Pierre Foudre dans l'Ultra-Dimension,Faire évoluer Pikachu avec une Pierre Foudre dans l'Ultra-Dimension,Faire évoluer Pikachu avec une Pierre Foudre,Faire évoluer Pikachu avec une Pierre Foudre,"Lande Boldair, Forêt Flexion, Expédition Dynamax","Lande Boldair, Forêt Flexion, Expédition Dynamax",Faire évoluer Pikachu (Avec une Pierre Foudre),Faire évoluer Pikachu (Avec une Pierre Foudre),??,Forêt Toastée,Forêt Toastée,Zone Sauvage 20
0026,Raichu,Alola,,,,,,,,,,,,,,,,,,,,,,,,,Faire évoluer Pikachu avec une Pierre Foudre,Faire évoluer Pikachu avec une Pierre Foudre,Faire évoluer Pikachu avec une Pierre Foudre,Faire évoluer Pikachu avec une Pierre Foudre,Échange au Centre Pokémon de Safrania,Échange au Centre Pokémon de Safrania,"Récompense de la Quête des Taupiqueur d'Alola, après avoir retrouvé 40 Taupiqueur d'Alola, Expédition Dynamax","Récompense de la Quête des Taupiqueur d'Alola, après avoir retrouvé 40 Taupiqueur d'Alola, Expédition Dynamax",Incompatible,Incompatible,Incompatible,Indisponible,Indisponible,Magenta District
0027,Sabelette,,Indisponible,"Route 4, Route 8, Route 9, Route 10, Route 11, Route 23","Route 3, Route 4, Mont Sélénite","Caves Jumelles, Mont Sélénite",Casino de Doublonville,"Route 3, Route 4, Caves Jumelles, Mont Sélénite (Matin et Jour)","Route 111, Route 113","Route 111, Route 113","Route 111, Tour Mirage",Indisponible,"Route 4, Route 8, Route 9, Route 10, Route 11, Route 23",Grotte Revêche (Insertion Vert Feuille),Grotte Revêche (Insertion Vert Feuille),Grotte Revêche (Insertion Vert Feuille),"Caves Jumelles, Mont Sélénite, Parc Safari","Casino de Doublonville, Parc Safari",Reproduction de Sablaireau,Reproduction de Sablaireau,"Désert Délassant, Château Enfoui","Désert Délassant, Château Enfoui","Safari des Amis Sol, position 1 (5000-6624-4550)","Safari des Amis Sol, position 1 (5000-6624-4550)","Route 111, Route 113, Route 111 (Horde)","Route 111, Route 113, Route 111 (Horde)",À transférer via Banque Pokémon,À transférer via Banque Pokémon,À transférer via Banque Pokémon,À transférer via Banque Pokémon,Hautes herbesLGP : Routes 3 et 4,"Hautes herbesLGP : Routes 3 et 4, Échange",Voie des Étirements,Voie des Étirements,Échange,"Grotte Spacieuse, Grotte des Rochers, Grotte des Sables Ardents, Caverne du Piton",Incompatible,Grotte Douche Froide,Grotte Douche Froide,
0027,Sabelette,Alola,,,,,,,,,,,,,,,,,,,,,,,,,"Village Toko, Échange","Village Toko, Mont Lanakila*","Village Toko, Échange","Village Toko, Mont Lanakila*",Échange au Centre Pokémon de Céladopole,Échange,"Récompense de la Quête des Taupiqueur d'Alola, après avoir retrouvé 30 Taupiqueur d'Alola","Récompense de la Quête des Taupiqueur d'Alola, après avoir retrouvé 30 Taupiqueur d'Alola",Incompatible,Incompatible,Incompatible,Indisponible,Zone Polaire,
0028,Sablaireau,,Indisponible,"Route 23, Caverne Azurée",Caverne Azurée,"Route 26, Route 27, Mont Sélénite, Faire évoluer Sabelette au N.22",Indisponible,"Route 26, Route Victoire (Matin et Jour)",Indisponible,Indisponible,Indisponible,Indisponible,"Route Victoire, Route 23",Route 228 (Insertion Vert Feuille),Route 228 (Insertion Vert Feuille),Route 228 (Insertion Vert Feuille),"Route 26, Route 27, Mont Sélénite, Parc Safari (Zone Desert)",Parc Safari (Zone Desert),Château Enfoui,Château Enfoui,"Château Enfoui, Route 15","Château Enfoui, Route 15","Route 18, Grotte Coda","Route 18, Grotte Coda",Indisponible,Indisponible,À transférer via Banque Pokémon,À transférer via Banque Pokémon,À transférer via Banque Pokémon,À transférer via Banque Pokémon,Faire évoluer Sabelette (niveau 22),Échange,"Sables de Kudsac, Forêt Flexion, Expédition Dynamax","Sables de Kudsac, Forêt Flexion, Expédition Dynamax",Échange,"Grotte Spacieuse, Grotte des Rochers, Grotte des Sables Ardents, Caverne du Piton",Incompatible,Grotte Douche Froide,Grotte Douche Froide,
0028,Sablaireau,Alola,,,,,,,,,,,,,,,,,,,,,,,,,Échange,Faire évoluer Sabelette avec une Pierre Glace,Échange,Faire évoluer Sabelette avec une Pierre Glace,,,Expédition Dynamax,Expédition Dynamax,Incompatible,Incompatible,Incompatible,Indisponible,Terra-Dôme (Raid 6*),
0029,Nidoran♀,,"Route 22, Parc Safari, Échange contre un Nidoran♂ sur la Route 5","Route 22, Parc Safari, Échange contre un Nidoran♂ sur la Route 5","Route 2, Route 9, Route 10, Route 22, Parc Safari","Route 35, Route 36","Route 35, Route 36",Parc Naturel (Matin et Jour),Indisponible,Indisponible,Indisponible,"Route 3, Parc Safari","Route 3, Parc Safari",Route 201 (Poké Radar),Route 201 (Poké Radar),Route 201 (Poké Radar),"Route 35, Route 36, Parc Safari, Pokéwalker (Plaine Sereine)","Route 35, Route 36, Parc Safari, Pokéwalker (Plaine Sereine)",Indisponible,Forêt Blanche (avec Luc dans la forêt),Trouée Cachée (Route 2),Trouée Cachée (Route 2),"Route 11 (Horde, avec 4 Nidoran♂)","Route 11 (Horde, avec 4 Nidoran♂)",Indisponible,Indisponible,À transférer via Banque Pokémon,À transférer via Banque Pokémon,À transférer via Banque Pokémon,À transférer via Banque Pokémon,"Hautes herbes : Routes 9, 10, 22 et 23","Hautes herbes : Routes 9, 10, 22 et 23","Repos du Géant, Plaine Granfroy, Cimetière Ancien","Repos du Géant, Plaine Granfroy, Cimetière Ancien","Route 201 (Poké Radar), Grotte de la Prairie, Grotte du Marécage, Grotte Éblouissante, Grotte de la Rivière, Caverne du Miroir d'Eau, Caverne Ensoleillée, Caverne de la Nuit Étoilée, Caverne du Marais Sans Fond","Route 201 (Poké Radar), Grotte de la Prairie, Grotte du Marécage, Grotte Éblouissante, Grotte de la Rivière, Caverne du Miroir d'Eau, Caverne Ensoleillée, Caverne de la Nuit Étoilée, Caverne du Marais Sans Fond",Incompatible,,,
0030,Nidorina,,"Casino de Céladopole, Parc Safari, Échange contre un Nidorino sur la Route 11","Parc Safari, Échange contre un Nidorino sur la Route 11","Route 9, Route 23, Parc Safari","Route 13, Route 14, Route 15","Route 13, Route 14, Route 15","Route 13, Route 14, Route 15 (Matin et Jour)",Indisponible,Indisponible,Indisponible,Parc Safari,Parc Safari,Route 221 (Poké Radar),Route 221 (Poké Radar),Route 221 (Poké Radar),Route 15,Route 15,Indisponible,Indisponible,Indisponible,Indisponible,Route 11,Route 11,Indisponible,Indisponible,À transférer via Banque Pokémon,À transférer via Banque Pokémon,À transférer via Banque Pokémon,À transférer via Banque Pokémon,"Hautes herbes : Routes 9, 10 et 23","Hautes herbes : Routes 9, 10 et 23",Repos du Géant,Repos du Géant,"Route 221 (Poké Radar), Rive du Lac Courage (Poké Radar), Grotte de la Prairie, Grotte du Marécage, Grotte Éblouissante, Grotte de la Rivière, Caverne du Miroir d'Eau, Caverne Ensoleillée, Caverne de la Nuit Étoilée, Caverne du Marais Sans Fond","Route 221 (Poké Radar), Rive du Lac Courage (Poké Radar), Grotte de la Prairie, Grotte du Marécage, Grotte Éblouissante, Grotte de la Rivière, Caverne du Miroir d'Eau, Caverne Ensoleillée, Caverne de la Nuit Étoilée, Caverne du Marais Sans Fond",Incompatible,,,
0031,Nidoqueen,,Indisponible,Indisponible,Indisponible,Indisponible,Indisponible,Indisponible,Indisponible,Indisponible,Indisponible,Indisponible,Indisponible,Indisponible,Indisponible,Indisponible,Indisponible,Indisponible,Indisponible,Indisponible,Indisponible,Indisponible,Indisponible,Indisponible,Indisponible,Indisponible,À transférer via Banque Pokémon,À transférer via Banque Pokémon,À transférer via Banque Pokémon,À transférer via Banque Pokémon,Route 23 (Hautes herbes),Route 23 (Hautes herbes),"Repos du Géant, Expédition Dynamax","Repos du Géant, Expédition Dynamax",Faire évoluer Nidorina (Avec une Pierre Lune),Faire évoluer Nidorina (Avec une Pierre Lune),Incompatible,,,
0032,Nidoran♂,,"Route 22, Parc Safari","Route 22, Parc Safari","Route 2, Route 9, Route 10, Route 22 Parc Safari","Route 35, Route 36","Route 35, Route 36",Parc Naturel (Matin et Jour),Indisponible,Indisponible,Indisponible,"Route 3, Parc Safari","Route 3, Parc Safari",Route 201 (Poké Radar),Route 201 (Poké Radar),Route 201 (Poké Radar),"Route 35, Route 36, Parc Safari, Pokéwalker (Plaine Sereine)","Route 35, Route 36, Parc Safari, Pokéwalker (Plaine Sereine)",Indisponible,Forêt Blanche (avec Gurvan dans la forêt),Trouée Cachée (Route 2),Trouée Cachée (Route 2),"Route 11 (Horde, avec 1 Nidoran♀)","Route 11 (Horde, avec 1 Nidoran♀)",Indisponible,Indisponible,À transférer via Banque Pokémon,À transférer via Banque Pokémon,À transférer via Banque Pokémon,À transférer via Banque Pokémon,"Hautes herbes : Routes 9, 10, 22 et 23","Hautes herbes : Routes 9, 10, 22 et 23","Repos du Géant, Plaine Granfroy, Cimetière Ancien","Repos du Géant, Plaine Granfroy, Cimetière Ancien","Route 201 (Poké Radar), Grotte de la Prairie, Grotte du Marécage, Grotte Éblouissante, Grotte de la Rivière, Caverne du Miroir d'Eau, Caverne Ensoleillée, Caverne de la Nuit Étoilée, Caverne du Marais Sans Fond","Route 201 (Poké Radar), Grotte de la Prairie, Grotte du Marécage, Grotte Éblouissante, Grotte de la Rivière, Caverne du Miroir d'Eau, Caverne Ensoleillée, Caverne de la Nuit Étoilée, Caverne du Marais Sans Fond",Incompatible,,,
0033,Nidorino,,Parc Safari,"Casino de Céladopole, Parc Safari","Route 9, Route 23, Parc Safari","Route 13, Route 14, Route 15","Route 13, Route 14, Route 15","Route 13, Route 14, Route 15",Indisponible,Indisponible,Indisponible,Parc Safari,Parc Safari,Route 221 (Poké Radar),Route 221 (Poké Radar),Route 221 (Poké Radar),Route 15,Route 15,Indisponible,Indisponible,Indisponible,Indisponible,Route 11,Route 11,Indisponible,Indisponible,À transférer via Banque Pokémon,À transférer via Banque Pokémon,À transférer via Banque Pokémon,À transférer via Banque Pokémon,"Hautes herbes : Routes 9, 10 et 23","Hautes herbes : Routes 9, 10 et 23",Repos du Géant,Repos du Géant,"Route 221 (Poké Radar), Rive du Lac Courage (Poké Radar), Grotte de la Prairie, Grotte du Marécage, Grotte Éblouissante, Grotte de la Rivière, Caverne du Miroir d'Eau, Caverne Ensoleillée, Caverne de la Nuit Étoilée, Caverne du Marais Sans Fond","Route 221 (Poké Radar), Rive du Lac Courage (Poké Radar), Grotte de la Prairie, Grotte du Marécage, Grotte Éblouissante, Grotte de la Rivière, Caverne du Miroir d'Eau, Caverne Ensoleillée, Caverne de la Nuit Étoilée, Caverne du Marais Sans Fond",Incompatible,,,
0034,Nidoking,,Indisponible,Indisponible,Indisponible,Indisponible,Indisponible,Indisponible,Indisponible,Indisponible,Indisponible,Indisponible,Indisponible,Indisponible,Indisponible,Indisponible,Indisponible,Indisponible,Indisponible,Indisponible,Indisponible,Indisponible,Indisponible,Indisponible,Indisponible,Indisponible,À transférer via Banque Pokémon,À transférer via Banque Pokémon,À transférer via Banque Pokémon,À transférer via Banque Pokémon,Route 23 (Hautes herbes),Route 23 (Hautes herbes),"Repos du Géant, Expédition Dynamax","Repos du Géant, Expédition Dynamax",Faire évoluer Nidorino (Avec une Pierre Lune),Faire évoluer Nidorino (Avec une Pierre Lune),Incompatible,,,
0035,Mélofée,,"Mont Sélénite, Casino de Céladopole","Mont Sélénite, Casino de Céladopole",Mont Sélénite,Mont Sélénite,Mont Sélénite,"Route 3, Route 4 (Nuit), Mont Sélénite",Indisponible,Indisponible,Indisponible,"Mont Sélénite, Casino de Céladopole","Mont Sélénite, Casino de Céladopole","Mont Couronné, Manoir Pokémon","Mont Couronné, Manoir Pokémon","Mont Couronné, Manoir Pokémon","Parc Safari, Mont Sélénite, Pokéwalker (Zone de Vacances)","Parc Safari, Mont Sélénite, Pokéwalker (Zone de Vacances)",Grotte Cyclopéenne (Forêt du Cratère),Grotte Cyclopéenne (Forêt du Cratère),"Grotte Cyclopéenne, Trouée Cachée (Grotte Cyclopéenne)","Grotte Cyclopéenne, Trouée Cachée (Grotte Cyclopéenne)",Indisponible,Indisponible,"Route 115, Site Météore (Navi-Dex)","Route 115, Site Météore (Navi-Dex)",Intrusion* (Mélo*),Intrusion* (Mélo*),Intrusion* (Mélo*),Intrusion* (Mélo*),Mont Sélénite,Mont Sélénite,"Coiffe du Géant, Berges de Motorby, Repos du Géant, Pente Enneigée, Galeries Monte-Pic, Expédition Dynamax","Coiffe du Géant, Berges de Motorby, Repos du Géant, Pente Enneigée, Galeries Monte-Pic, Expédition Dynamax","Mont Couronné, Jardin Trophée","Mont Couronné, Jardin Trophée",??,Grotte Douche Froide,Grotte Douche Froide,Zone Sauvage 19
0036,Mélodelfe,,Indisponible,Indisponible,Indisponible,Indisponible,Indisponible,Indisponible,Indisponible,Indisponible,Indisponible,Indisponible,Indisponible,Indisponible,Indisponible,Indisponible,Indisponible,Indisponible,Grotte Cyclopéenne (Forêt du Cratère) (Herbes mouvantes),Grotte Cyclopéenne (Forêt du Cratère) (Herbes mouvantes),Grotte Cyclopéenne (Herbes mouvantes),Grotte Cyclopéenne (Herbes mouvantes),Indisponible,Indisponible,Indisponible,Indisponible,Faire évoluer Mélofée avec une Pierre Lune,Faire évoluer Mélofée avec une Pierre Lune,Faire évoluer Mélofée avec une Pierre Lune,Faire évoluer Mélofée avec une Pierre Lune,Mont Sélénite (deuxième sous-sol),Mont Sélénite (deuxième sous-sol),"Berges de Motorby, Repos du Géant, Pente Enneigée, Galeries Monte-Pic, Expédition Dynamax","Berges de Motorby, Repos du Géant, Pente Enneigée, Galeries Monte-Pic, Expédition Dynamax",Faire évoluer Mélofée (Avec une Pierre Lune),Faire évoluer Mélofée (Avec une Pierre Lune),??,Septentria (Raid 4 et 6*),Septentria (Raid 4 et 6*),Zone Sauvage 20
0037,Goupix,,Indisponible,"Route 7, Route 8, Manoir Pokémon",Casino de Céladopole,Indisponible,"Route 7, Route 8, Route 36, Route 37",Échange,Sommet du Mont Mémoria,Sommet du Mont Mémoria,Sommet du Mont Mémoria,Indisponible,"Route 7, Route 8, Manoir Pokémon","Route 209, Route 214 (Insertion Vert Feuille)","Route 209, Route 214 (Insertion Vert Feuille)","Route 209, Route 214 (Insertion Vert Feuille)",Indisponible,"Route 7, Route 8, Route 36, Route 37, Route 48",Autel Abondance,Autel Abondance,"Autel Abondance, Trouée Cachée (Autel Abondance)","Autel Abondance, Trouée Cachée (Autel Abondance)",Indisponible,Indisponible,"Mont Mémoria, Forêt Mirage (Nord du Chenal 124), Mont Mémoria (Horde)","Mont Mémoria, Forêt Mirage (Nord du Chenal 124), Mont Mémoria (Horde)",À transférer via Banque Pokémon,À transférer via Banque Pokémon,À transférer via Banque Pokémon,À transférer via Banque Pokémon,"Hautes herbesLGE : Routes 5, 6, 7 et 8, Échange","Hautes herbesLGE : Routes 5, 6, 7 et 8","Route 3, Stade de Motorby, Plaine Verdoyante, Lac Coupenotte Est, Ouest, Bois de Clairjour, Lac Milobellus Nord, Sud, Tour en ruines, Siège du Géant, Œil du Lac","Stade de Motorby, Plateau de Kickenham, Fosse des Sables, Miroir du Géant",Échange,"Grotte Spacieuse, Grotte du Magma, Grotte des Sables Ardents, Caverne Typhlosion",??,Forêt Ternelle,Forêt Ternelle,
0037,Goupix,Alola,,,,,,,,,,,,,,,,,,,,,,,,,"Village Toko, Mont Lanakila*","Village Toko, Échange","Village Toko, Mont Lanakila*","Village Toko, Échange",Échange,Échange au Centre Pokémon de Céladopole,"Récompense de la Quête des Taupiqueur d'Alola, après avoir retrouvé 20 Taupiqueur d'Alola","Récompense de la Quête des Taupiqueur d'Alola, après avoir retrouvé 20 Taupiqueur d'Alola",Incompatible,Incompatible,??,Zone Polaire,Indisponible,
0038,Feunard,,Indisponible,Indisponible,Indisponible,Indisponible,Indisponible,Indisponible,Indisponible,Indisponible,Indisponible,Indisponible,Indisponible,Indisponible,Indisponible,Indisponible,Indisponible,Indisponible,Autel Abondance (Herbes mouvantes),Autel Abondance (Herbes mouvantes),Autel Abondance (Herbes mouvantes),Autel Abondance (Herbes mouvantes),Indisponible,Indisponible,Indisponible,Indisponible,À transférer via Banque Pokémon,À transférer via Banque Pokémon,À transférer via Banque Pokémon,À transférer via Banque Pokémon,"Hautes herbesLGE : Routes 7 et 8, Échange",Hautes herbesLGE : Routes 7 et 8,Lac Ouragan,Raid Dynamax,Échange,Faire évoluer Goupix (Avec une Pierre Feu),??,Septentria (Raid 5 et 6*),Septentria (Raid 5 et 6*),
0038,Feunard,Alola,,,,,,,,,,,,,,,,,,,,,,,,,Faire évoluer Goupix avec une Pierre Glace,Échange,Faire évoluer Goupix avec une Pierre Glace,Échange,,,Faire évoluer Goupix d'Alola (Avec une Pierre Glace),Faire évoluer Goupix d'Alola (Avec une Pierre Glace),Incompatible,Incompatible,??,Terra-Dôme (Raid 6*),Indisponible,
0039,Rondoudou,,Route 3,Route 3,"Route 5, Route 6, Route 7, Route 8","Route 3, Route 4, Route 46","Route 3, Route 4, Route 46","Route 5, Route 6, Route 7, Route 8, Route 34, Route 35",Route 115,Route 115,Route 115,Route 3,Route 3,Manoir Pokémon (occasionnel),Manoir Pokémon (occasionnel),Manoir Pokémon (occasionnel),"Route 3, Route 4, Parc Safari, Pokéwalker (Zone de Vacances)","Route 3, Route 4, Parc Safari, Pokéwalker (Zone de Vacances)",Route 14,Route 14,"Route 1, Route 2, Vestiges du Rêve","Route 1, Route 2, Vestiges du Rêve","Route 20, Village Pokémon","Route 20, Village Pokémon",Route 115,Route 115,Intrusion* (Toudoudou*),Intrusion* (Toudoudou*),Intrusion* (Toudoudou*),Intrusion* (Toudoudou*),"Hautes herbes : Routes 5, 6, 7, 8","Hautes herbes : Routes 5, 6, 7, 8","Plaine Salutation, Plage de l'Épreuve, Expédition Dynamax","Plaine Salutation, Plage de l'Épreuve, Expédition Dynamax",Jardin Trophée,Jardin Trophée,Incompatible,Zone Nord 1,Zone Nord 1,Hyperspace Lumiose
0040,Grodoudou,,Caverne Azurée,Caverne Azurée,Casino de Céladopole,Indisponible,Indisponible,Indisponible,Indisponible,Indisponible,Indisponible,Indisponible,Indisponible,Indisponible,Indisponible,Indisponible,Indisponible,Indisponible,Route 14 (Herbes mouvantes),Route 14 (Herbes mouvantes),"Route 1, Route 2, Vestiges du Rêve (Herbes mouvantes)","Route 1, Route 2, Vestiges du Rêve (Herbes mouvantes)",Indisponible,Indisponible,Indisponible,Indisponible,Faire évoluer Rondoudou avec une Pierre Lune,Faire évoluer Rondoudou avec une Pierre Lune,Faire évoluer Rondoudou avec une Pierre Lune,Faire évoluer Rondoudou avec une Pierre Lune,Faire évoluer Rondoudou avec une Pierre Lune,Faire évoluer Rondoudou avec une Pierre Lune,"Plaine Salutation, Lagune Circulaire, Plaine des Efforts, Lande Boldair, Expédition Dynamax","Plaine Salutation, Lagune Circulaire, Plaine des Efforts, Lande Boldair, Expédition Dynamax",Faire évoluer Rondoudou (Avec une Pierre Lune),Faire évoluer Rondoudou (Avec une Pierre Lune),Incompatible,Zone Nord 1,Zone Nord 1,Hyperspace Lumiose
0041,Nosferapti,Mâle,"Mont Sélénite, Grotte, Îles Écume, Route Victoire","Mont Sélénite, Grotte, Îles Écume, Route Victoire","Mont Sélénite, Grotte, Îles Écume, Route Victoire","Route 3, Route 4,, Route 42 (Nuit), Route 32, Route 33 (Matin et Nuit), Caves Jumelles, Puits Ramoloss, Bois aux Chênes, Tour Cendrée, Mont Creuset, Route de Glace, Tourb'Îles, Antre Noir, Chutes Tohjo, Grotte, Mont Sélénite (Tout le temps)","Route 3, Route 4,, Route 42 (Nuit), Route 32, Route 33 (Matin et Nuit), Caves Jumelles, Puits Ramoloss, Bois aux Chênes, Tour Cendrée, Mont Creuset, Route de Glace, Tourb'Îles, Antre Noir, Chutes Tohjo, Grotte, Mont Sélénite (Tout le temps)","Route 3, Route 4, Route 9, Route 10, Route 30, Route 31, Route 32, Route 33, Route 42 (Nuit), Caves Jumelles, Puits Ramoloss, Tour Cendrée, Mont Creuset, Route de Glace, Tourb'Îles, Antre Noir, Chutes Tohjo, Grotte, Mont Sélénite (Tout le temps)",Grotte Granite,Grotte Granite,Grotte Granite,"Mont Sélénite, Grotte, Îles Écume, Route Victoire, Grotte de Glace, Grotte Perdue","Mont Sélénite, Grotte, Îles Écume, Route Victoire, Grotte de Glace, Grotte Perdue","Mont Couronné, Entrée Charbourg, Mine Charbourg, Tour Perdue, Grotte Revêche, Île de Fer, Chemin Rocheux, Route 203, Route 204, Route 206, Route 207, Route 208, Route 209, Route 211, Route 216 (Nuit)","Mont Couronné, Entrée Charbourg, Mine Charbourg, Tour Perdue, Grotte Revêche, Île de Fer, Chemin Rocheux, Route 203, Route 204, Route 206, Route 207, Route 208, Route 209, Route 211, Route 216 (Nuit)","Mont Couronné, Entrée Charbourg, Mine Charbourg, Tour Perdue, Grotte Revêche, Île de Fer, Chemin Rocheux, Route 203, Route 204, Route 206, Route 207, Route 208, Route 209, Route 211, Route 216 (Nuit)","Route 3, Route 32, Route 33, Antre Noir, Bois aux Chênes, Caves Jumelles, Mont Creuset, Puits Ramoloss, Route de Glace, Tourb'Îles, Tour Cendrée, Chutes Tohjo, Grotte Sombre, Îles Écume, Mont Sélénite, Pokéwalker (Caverne Sombre)","Route 3, Route 32, Route 33, Antre Noir, Bois aux Chênes, Caves Jumelles, Mont Creuset, Puits Ramoloss, Route de Glace, Tourb'Îles, Tour Cendrée, Chutes Tohjo, Grotte Sombre, Îles Écume, Mont Sélénite, Pokéwalker (Caverne Sombre)",Indisponible,Indisponible,Égouts de Volucité,Égouts de Volucité,Cave Connecterre (Marche et Horde),Cave Connecterre (Marche et Horde),"Grotte Granite, Site Météore, Grotte Granite, Site Météore, Grotte Tréfonds, Grotte Origine, Route Victoire, Caverne Fondmer (Horde)","Grotte Granite, Site Météore, Grotte Granite, Site Météore, Grotte Tréfonds, Grotte Origine, Route Victoire, Caverne Fondmer (Horde)","Cimetière d'Ekaeka, Grotte Verdoyante, Colline Dicarat*, Tunnel Taupiqueur, Colline Memento, Grotte Verlamer*","Cimetière d'Ekaeka, Grotte Verdoyante, Colline Dicarat*, Tunnel Taupiqueur, Colline Memento, Grotte Verlamer*","Cimetière d'Ekaeka, Grotte Verdoyante, Colline Dicarat*, Tunnel Taupiqueur, Colline Memento, Grotte Verlamer*","Cimetière d'Ekaeka, Grotte Verdoyante, Colline Dicarat*, Tunnel Taupiqueur, Colline Memento, Grotte Verlamer*","Mont Sélénite, Grotte Taupiqueur, Grotte Sombre, Tour Pokémon, Îles Écume, Route Victoire et Caverne Azurée","Mont Sélénite, Grotte Taupiqueur, Grotte Sombre, Tour Pokémon, Îles Écume, Route Victoire et Caverne Azurée","Galeries Monte-Pic, Cavernes Gronde-Mer, Grotte du Lac","Galeries Monte-Pic, Cavernes Gronde-Mer, Grotte du Lac","Mine de Charbourg, Mont Couronné, Chemin Rocheux, Entrée de Charbourg, Grotte des Égarés, Île de Fer, Rive du Lac Savoir (nuit), Route 203 (nuit), Route 204 (nuit), Route 206 (nuit), Route 207 (nuit), Route 208 (nuit), Route 209 (nuit), Tour Perdue (nuit), Route 211 (nuit), Route 216 (nuit), Route 217 (nuit), Grotte Spacieuse, Grotte de la Prairie, Grotte du Marécage, Caverne Ensoleillée, Caverne du Marais Sans Fond","Mine de Charbourg, Mont Couronné, Chemin Rocheux, Entrée de Charbourg, Grotte des Égarés, Île de Fer, Rive du Lac Savoir (nuit), Route 203 (nuit), Route 204 (nuit), Route 206 (nuit), Route 207 (nuit), Route 208 (nuit), Route 209 (nuit), Tour Perdue (nuit), Route 211 (nuit), Route 216 (nuit), Route 217 (nuit), Grotte Spacieuse, Grotte de la Prairie, Grotte du Marécage, Caverne Ensoleillée, Caverne du Marais Sans Fond",??,,,Hyperspace Lumiose
0041,Nosferapti,Femelle,,,,,,,,,,,,"Mont Couronné, Entrée Charbourg, Mine Charbourg, Tour Perdue, Grotte Revêche, Île de Fer, Chemin Rocheux, Route 203, Route 204, Route 206, Route 207, Route 208, Route 209, Route 211, Route 216 (Nuit)","Mont Couronné, Entrée Charbourg, Mine Charbourg, Tour Perdue, Grotte Revêche, Île de Fer, Chemin Rocheux, Route 203, Route 204, Route 206, Route 207, Route 208, Route 209, Route 211, Route 216 (Nuit)","Mont Couronné, Entrée Charbourg, Mine Charbourg, Tour Perdue, Grotte Revêche, Île de Fer, Chemin Rocheux, Route 203, Route 204, Route 206, Route 207, Route 208, Route 209, Route 211, Route 216 (Nuit)","Route 3, Route 32, Route 33, Antre Noir, Bois aux Chênes, Caves Jumelles, Mont Creuset, Puits Ramoloss, Route de Glace, Tourb'Îles, Tour Cendrée, Chutes Tohjo, Grotte Sombre, Îles Écume, Mont Sélénite, Pokéwalker (Caverne Sombre)","Route 3, Route 32, Route 33, Antre Noir, Bois aux Chênes, Caves Jumelles, Mont Creuset, Puits Ramoloss, Route de Glace, Tourb'Îles, Tour Cendrée, Chutes Tohjo, Grotte Sombre, Îles Écume, Mont Sélénite, Pokéwalker (Caverne Sombre)",Indisponible,Indisponible,Égouts de Volucité,Égouts de Volucité,Cave Connecterre (Marche et Horde),Cave Connecterre (Marche et Horde),"Grotte Granite, Site Météore, Grotte Granite, Site Météore, Grotte Tréfonds, Grotte Origine, Route Victoire, Caverne Fondmer (Horde)","Grotte Granite, Site Météore, Grotte Granite, Site Météore, Grotte Tréfonds, Grotte Origine, Route Victoire, Caverne Fondmer (Horde)","Cimetière d'Ekaeka, Grotte Verdoyante, Colline Dicarat*, Tunnel Taupiqueur, Colline Memento, Grotte Verlamer*","Cimetière d'Ekaeka, Grotte Verdoyante, Colline Dicarat*, Tunnel Taupiqueur, Colline Memento, Grotte Verlamer*","Cimetière d'Ekaeka, Grotte Verdoyante, Colline Dicarat*, Tunnel Taupiqueur, Colline Memento, Grotte Verlamer*","Cimetière d'Ekaeka, Grotte Verdoyante, Colline Dicarat*, Tunnel Taupiqueur, Colline Memento, Grotte Verlamer*","Mont Sélénite, Grotte Taupiqueur, Grotte Sombre, Tour Pokémon, Îles Écume, Route Victoire et Caverne Azurée","Mont Sélénite, Grotte Taupiqueur, Grotte Sombre, Tour Pokémon, Îles Écume, Route Victoire et Caverne Azurée","Galeries Monte-Pic, Cavernes Gronde-Mer, Grotte du Lac","Galeries Monte-Pic, Cavernes Gronde-Mer, Grotte du Lac","Mine de Charbourg, Mont Couronné, Chemin Rocheux, Entrée de Charbourg, Grotte des Égarés, Île de Fer, Rive du Lac Savoir (nuit), Route 203 (nuit), Route 204 (nuit), Route 206 (nuit), Route 207 (nuit), Route 208 (nuit), Route 209 (nuit), Tour Perdue (nuit), Route 211 (nuit), Route 216 (nuit), Route 217 (nuit), Grotte Spacieuse, Grotte de la Prairie, Grotte du Marécage, Caverne Ensoleillée, Caverne du Marais Sans Fond","Mine de Charbourg, Mont Couronné, Chemin Rocheux, Entrée de Charbourg, Grotte des Égarés, Île de Fer, Rive du Lac Savoir (nuit), Route 203 (nuit), Route 204 (nuit), Route 206 (nuit), Route 207 (nuit), Route 208 (nuit), Route 209 (nuit), Tour Perdue (nuit), Route 211 (nuit), Route 216 (nuit), Route 217 (nuit), Grotte Spacieuse, Grotte de la Prairie, Grotte du Marécage, Caverne Ensoleillée, Caverne du Marais Sans Fond",??,,,Hyperspace Lumiose
0042,Nosferalto,Mâle,"Îles Écume, Route Victoire, Caverne Azurée","Îles Écume, Route Victoire, Caverne Azurée","Îles Écume, Route Victoire, Caverne Azurée","Caves Jumelles (Sous-Sol 2), Puits Ramoloss (Sous-Sol 2), Mont Creuset (Niveau supérieur), Route de Glace, Tourb'Îles, Chutes Tohjo, Route Victoire, Grotte Argentée","Caves Jumelles (Sous-Sol 2), Puits Ramoloss (Sous-Sol 2), Mont Creuset (Niveau supérieur), Route de Glace, Tourb'Îles, Chutes Tohjo, Route Victoire, Grotte Argentée","Route 28, Route 42 (Nuit), Caves Jumelles (Sous-Sol 2), Puits Ramoloss (Sous-Sol 2), Mont Creuset (Sauf entrée), Route de Glace, Tourb'Îles, Chutes Tohjo, Route Victoire, Grotte*, Grotte Argentée (Tout le temps)","Route Victoire, Site Météore, Grotte Origine, Grotte Tréfonds, Caverne Fondmer","Route Victoire, Site Météore, Grotte Origine, Grotte Tréfonds, Caverne Fondmer","Route Victoire, Site Météore, Grotte Origine, Grotte Tréfonds, Caverne Fondmer","Caverne Azurée, Grotte de Glace, Grotte Perdue, Îles Écume, Route Victoire","Caverne Azurée, Grotte de Glace, Grotte Perdue, Îles Écume, Route Victoire","Route Victoire, Mont Couronné, Chemin Rocheux, Entrée Charbourg, Mont Abrupt, Île de Fer, Temple Frimapic, Tour Perdue, Route 227","Route Victoire, Mont Couronné, Chemin Rocheux, Entrée Charbourg, Mont Abrupt, Île de Fer, Temple Frimapic, Tour Perdue, Route 227","Route Victoire, Mont Couronné, Chemin Rocheux, Entrée Charbourg, Mont Abrupt, Île de Fer, Temple Frimapic, Tour Perdue, Route 227","Antre du Dragon, Antre Noir, Caves Jumelles, Grotte Falaise, Mont Argenté, Mont Creuset, Portail Falaise, Puits Ramoloss, Route de Glace, Tourb'Îles, Caverne Azurée, Chutes Tohjo, Grotte Argentée, Îles Écume, Route Victoire, Pokéwalker (Bois Bruissant)","Antre du Dragon, Antre Noir, Caves Jumelles, Grotte Falaise, Mont Argenté, Mont Creuset, Portail Falaise, Puits Ramoloss, Route de Glace, Tourb'Îles, Caverne Azurée, Chutes Tohjo, Grotte Argentée, Îles Écume, Route Victoire, Pokéwalker (Bois Bruissant)","Route 13, Grotte Cyclopéenne (Entrée et grottes)","Route 13, Grotte Cyclopéenne (Entrée et grottes)","Tour des Cieux, Manoir de l'Étrange, Vestiges du Rêve","Tour des Cieux, Manoir de l'Étrange, Vestiges du Rêve",Indisponible,Indisponible,"Site Météore, Grotte Tréfonds, Grotte Origine, Route Victoire, Caverne Fondmer, Pilier Céleste, Pilier Céleste (Horde)","Site Météore, Grotte Tréfonds, Grotte Origine, Route Victoire, Caverne Fondmer, Pilier Céleste, Pilier Céleste (Horde)","Ancien site Bradley Prix, Grand Canyon de Poni*, Mont Lanakila*, Caverne Coda","Ancien site Bradley Prix, Grand Canyon de Poni*, Mont Lanakila*, Caverne Coda","Ancien site Bradley Prix, Grand Canyon de Poni*, Mont Lanakila*, Caverne Coda, Tunnel Taupiqueur","Ancien site Bradley Prix, Grand Canyon de Poni*, Mont Lanakila*, Caverne Coda, Tunnel Taupiqueur","Grotte Sombre, Tour Pokémon, Îles Écume, Route Victoire et Caverne Azurée","Grotte Sombre, Tour Pokémon, Îles Écume, Route Victoire et Caverne Azurée","Galeries Monte-Pic, Cavernes Gronde-Mer","Galeries Monte-Pic, Cavernes Gronde-Mer","Mont Couronné, Route Victoire, Chemin Rocheux, Entrée de Charbourg, Mont Abrupt (nuit), Grotte du Retour, Temple de Frimapic, Île de Fer, Tour Perdue, Route 227 (nuit), Grotte Spacieuse, Grotte de la Prairie, Grotte du Marécage, Caverne Ensoleillée, Caverne du Marais Sans Fond","Mont Couronné, Route Victoire, Chemin Rocheux, Entrée de Charbourg, Mont Abrupt (nuit), Grotte du Retour, Temple de Frimapic, Île de Fer, Tour Perdue, Route 227 (nuit), Grotte Spacieuse, Grotte de la Prairie, Grotte du Marécage, Caverne Ensoleillée, Caverne du Marais Sans Fond",??,,,Hyperspace Lumiose
0042,Nosferalto,Femelle,,,,,,,,,,,,"Route Victoire, Mont Couronné, Chemin Rocheux, Entrée Charbourg, Mont Abrupt, Île de Fer, Temple Frimapic, Tour Perdue, Route 227","Route Victoire, Mont Couronné, Chemin Rocheux, Entrée Charbourg, Mont Abrupt, Île de Fer, Temple Frimapic, Tour Perdue, Route 227","Route Victoire, Mont Couronné, Chemin Rocheux, Entrée Charbourg, Mont Abrupt, Île de Fer, Temple Frimapic, Tour Perdue, Route 227","Antre du Dragon, Antre Noir, Caves Jumelles, Grotte Falaise, Mont Argenté, Mont Creuset, Portail Falaise, Puits Ramoloss, Route de Glace, Tourb'Îles, Caverne Azurée, Chutes Tohjo, Grotte Argentée, Îles Écume, Route Victoire, Pokéwalker (Bois Bruissant)","Antre du Dragon, Antre Noir, Caves Jumelles, Grotte Falaise, Mont Argenté, Mont Creuset, Portail Falaise, Puits Ramoloss, Route de Glace, Tourb'Îles, Caverne Azurée, Chutes Tohjo, Grotte Argentée, Îles Écume, Route Victoire, Pokéwalker (Bois Bruissant)","Route 13, Grotte Cyclopéenne (Entrée et grottes)","Route 13, Grotte Cyclopéenne (Entrée et grottes)","Tour des Cieux, Manoir de l'Étrange, Vestiges du Rêve","Tour des Cieux, Manoir de l'Étrange, Vestiges du Rêve",Indisponible,Indisponible,"Site Météore, Grotte Tréfonds, Grotte Origine, Route Victoire, Caverne Fondmer, Pilier Céleste, Pilier Céleste (Horde)","Site Météore, Grotte Tréfonds, Grotte Origine, Route Victoire, Caverne Fondmer, Pilier Céleste, Pilier Céleste (Horde)","Ancien site Bradley Prix, Grand Canyon de Poni*, Mont Lanakila*, Caverne Coda","Ancien site Bradley Prix, Grand Canyon de Poni*, Mont Lanakila*, Caverne Coda","Ancien site Bradley Prix, Grand Canyon de Poni*, Mont Lanakila*, Caverne Coda, Tunnel Taupiqueur","Ancien site Bradley Prix, Grand Canyon de Poni*, Mont Lanakila*, Caverne Coda, Tunnel Taupiqueur","Grotte Sombre, Tour Pokémon, Îles Écume, Route Victoire et Caverne Azurée","Grotte Sombre, Tour Pokémon, Îles Écume, Route Victoire et Caverne Azurée","Galeries Monte-Pic, Cavernes Gronde-Mer","Galeries Monte-Pic, Cavernes Gronde-Mer","Mont Couronné, Route Victoire, Chemin Rocheux, Entrée de Charbourg, Mont Abrupt (nuit), Grotte du Retour, Temple de Frimapic, Île de Fer, Tour Perdue, Route 227 (nuit), Grotte Spacieuse, Grotte de la Prairie, Grotte du Marécage, Caverne Ensoleillée, Caverne du Marais Sans Fond","Mont Couronné, Route Victoire, Chemin Rocheux, Entrée de Charbourg, Mont Abrupt (nuit), Grotte du Retour, Temple de Frimapic, Île de Fer, Tour Perdue, Route 227 (nuit), Grotte Spacieuse, Grotte de la Prairie, Grotte du Marécage, Caverne Ensoleillée, Caverne du Marais Sans Fond",??,,,Hyperspace Lumiose
0043,Mystherbe,,"Route 5, Route 6, Route 7, Route 12, Route 13, Route 14, Route 15, Route 24, Route 25",Indisponible,"Route 12, Route 13, Route 14, Route 15, Route 24, Route 25","Route 5, Route 6, Route 24, Route 25, Bois aux Chênes (Nuit)","Route 5, Route 6, Route 24, Route 25, Bois aux Chênes (Nuit)","Route 24, Route 25, Bois aux Chênes (Nuit)","Route 110, Route 117, Route 119, Route 120, Route 121, Route 123, Parc Safari","Route 110, Route 117, Route 119, Route 120, Route 121, Route 123, Parc Safari","Route 110, Route 117, Route 119, Route 120, Route 121, Route 123, Parc Safari","Route 5, Route 6, Route 7, Route 12, Route 13, Route 14, Route 15, Route 24, Route 25, Île 2, Île 3, Île 6",Indisponible,"Route 229, Chenal 230, Reproduction d'Ortide","Route 229, Chenal 230, Reproduction d'Ortide",Indisponible,"Bois aux Chênes, Route 5, Route 6, Route 24, Route 25, Pokéwalker* (Nuit)","Bois aux Chênes, Route 5, Route 6, Route 24, Route 25, Pokéwalker* (Nuit)",Indisponible,Forêt Blanche (avec Aristée dans la forêt),Indisponible,Indisponible,Route 6,Route 6,"Route 110, Route 117, Route 117, Route 119, Route 120, Parc Safari (Horde)","Route 110, Route 117, Route 117, Route 119, Route 120, Parc Safari (Horde)",À transférer via Banque Pokémon,À transférer via Banque Pokémon,À transférer via Banque Pokémon,À transférer via Banque Pokémon,"Forêt de Jade, Hautes herbesLGP : Routes 1, 2, 12, 13, 14, 15, 21, 24 et 25","Hautes herbesLGP : Routes 1, 2, 12, 13, 14, 15, 21, 24 et 25, Échange","Plaine Verdoyante, Lac Coupenotte Est, Bois de Clairjour","Plaine Verdoyante, Lac Coupenotte Est, Bois de Clairjour","Route 229, Chenal 230, Grotte Spacieuse, Grotte de la Prairie, Grotte du Marécage, Grotte de la Rivière, Caverne du Miroir d'Eau, Caverne Ensoleillée, Caverne du Marais Sans Fond","Route 229, Chenal 230, Grotte Spacieuse, Grotte de la Prairie, Grotte du Marécage, Grotte de la Rivière, Caverne du Miroir d'Eau, Caverne Ensoleillée, Caverne du Marais Sans Fond",Incompatible,Zone Côtière,Zone Côtière,
0044,Ortide,Mâle,"Route 12, Route 13, Route 14, Route 15",Indisponible,"Route 12, Route 13, Route 14, Route 15, Caverne Azurée",Route 5 (Nuit),Route 5 (Nuit),Route 24 (Nuit),"Route 121, Route 123, Parc Safari","Route 121, Route 123, Parc Safari","Route 121, Route 123, Parc Safari","Route 12, Route 13, Route 14, Route 15, Île 2, Île 3, Île 6",Indisponible,"Route 224, Route 229, Chenal 230","Route 224, Route 229, Chenal 230","Route 224, Chenal 230","Route 47, Route 48, Route 5 (Nuit), Pokéwalker (Sylvania)","Route 47, Route 48, Route 5 (Nuit), Pokéwalker (Sylvania)",Indisponible,Indisponible,Indisponible,Indisponible,"Safari des Amis Poison, position 1 (3196-2964-2073)","Safari des Amis Poison, position 1 (3196-2964-2073)","Route 119, Route 120, Route 121, Route 123, Parc Safari","Route 119, Route 120, Route 121, Route 123, Parc Safari",À transférer via Banque Pokémon,À transférer via Banque Pokémon,À transférer via Banque Pokémon,À transférer via Banque Pokémon,"Hautes herbesLGP : Routes 12, 13, 14, 15 et 21","Hautes herbesLGP : Routes 12, 13, 14, 15 et 21, Échange","Lac Milobellus Nord, Miroir du Géant, Coiffe du Géant, Œil du Lac, Expédition Dynamax","Lac Milobellus Nord, Miroir du Géant, Coiffe du Géant, Œil du Lac, Expédition Dynamax","Route 224, Route 229, Chenal 230, Grotte Spacieuse, Grotte de la Prairie, Grotte du Marécage, Grotte de la Rivière, Caverne du Miroir d'Eau, Caverne Ensoleillée, Caverne du Marais Sans Fond","Route 224, Route 229, Chenal 230, Grotte Spacieuse, Grotte de la Prairie, Grotte du Marécage, Grotte de la Rivière, Caverne du Miroir d'Eau, Caverne Ensoleillée, Caverne du Marais Sans Fond",Incompatible,Zone Côtière,Zone Côtière,
0044,Ortide,Femelle,,,,,,,,,,,,"Route 224, Route 229, Chenal 230","Route 224, Route 229, Chenal 230","Route 224, Chenal 230","Route 47, Route 48, Route 5 (Nuit), Pokéwalker (Sylvania)","Route 47, Route 48, Route 5 (Nuit), Pokéwalker (Sylvania)",Indisponible,Indisponible,Indisponible,Indisponible,"Safari des Amis Poison, position 1 (3196-2964-2073)","Safari des Amis Poison, position 1 (3196-2964-2073)","Route 119, Route 120, Route 121, Route 123, Parc Safari","Route 119, Route 120, Route 121, Route 123, Parc Safari",À transférer via Banque Pokémon,À transférer via Banque Pokémon,À transférer via Banque Pokémon,À transférer via Banque Pokémon,"Hautes herbesLGP : Routes 12, 13, 14, 15 et 21","Hautes herbesLGP : Routes 12, 13, 14, 15 et 21, Échange","Lac Milobellus Nord, Miroir du Géant, Coiffe du Géant, Œil du Lac, Expédition Dynamax","Lac Milobellus Nord, Miroir du Géant, Coiffe du Géant, Œil du Lac, Expédition Dynamax","Route 224, Route 229, Chenal 230, Grotte Spacieuse, Grotte de la Prairie, Grotte du Marécage, Grotte de la Rivière, Caverne du Miroir d'Eau, Caverne Ensoleillée, Caverne du Marais Sans Fond","Route 224, Route 229, Chenal 230, Grotte Spacieuse, Grotte de la Prairie, Grotte du Marécage, Grotte de la Rivière, Caverne du Miroir d'Eau, Caverne Ensoleillée, Caverne du Marais Sans Fond",Incompatible,Zone Côtière,Zone Côtière,
0045,Rafflesia,Mâle,Indisponible,Indisponible,Indisponible,Indisponible,Indisponible,Indisponible,Indisponible,Indisponible,Indisponible,Indisponible,Indisponible,Indisponible,Indisponible,Indisponible,Indisponible,Indisponible,Indisponible,Indisponible,Indisponible,Indisponible,Indisponible,Indisponible,Indisponible,Indisponible,À transférer via Banque Pokémon,À transférer via Banque Pokémon,À transférer via Banque Pokémon,À transférer via Banque Pokémon,Chenal 21 (Hautes herbes),Échange,"Bois de Clairjour, Miroir du Géant, Plateau de Kickenham, Expédition Dynamax","Bois de Clairjour, Miroir du Géant, Plateau de Kickenham, Expédition Dynamax",Faire évoluer Ortide (Avec une Pierre Plante),Faire évoluer Ortide (Avec une Pierre Plante),Incompatible,Zone Côtière,Zone Côtière,
0045,Rafflesia,Femelle,,,,,,,,,,,,Indisponible,Indisponible,Indisponible,Indisponible,Indisponible,Indisponible,Indisponible,Indisponible,Indisponible,Indisponible,Indisponible,Indisponible,Indisponible,À transférer via Banque Pokémon,À transférer via Banque Pokémon,À transférer via Banque Pokémon,À transférer via Banque Pokémon,Chenal 21 (Hautes herbes),Échange,"Bois de Clairjour, Miroir du Géant, Plateau de Kickenham, Expédition Dynamax","Bois de Clairjour, Miroir du Géant, Plateau de Kickenham, Expédition Dynamax",Faire évoluer Ortide (Avec une Pierre Plante),Faire évoluer Ortide (Avec une Pierre Plante),Incompatible,Zone Côtière,Zone Côtière,
0046,Paras,,"Mont Sélénite, Parc Safari","Mont Sélénite, Parc Safari","Mont Sélénite, Parc Safari","Concours de capture d'insecte, Bois aux Chênes, Mont Sélénite","Concours de capture d'insecte, Bois aux Chênes, Mont Sélénite","Concours de capture d'insecte, Bois aux Chênes, Mont Sélénite",Indisponible,Indisponible,Indisponible,"Mont Sélénite, Parc Safari","Mont Sélénite, Parc Safari",Grand Marais (occasionnel),Grand Marais (occasionnel),Grand Marais (occasionnel),"Bois aux Chênes, Mont Sélénite, Concours de capture d'insecte, Parc Safari, Pokéwalker (Bois Bruissant)","Bois aux Chênes, Mont Sélénite, Concours de capture d'insecte, Parc Safari, Pokéwalker (Bois Bruissant)",Indisponible,Route 11 (Troupeau),Indisponible,Indisponible,"Safari des Amis Insecte, position 1 (2252-1758-5884)","Safari des Amis Insecte, position 1 (2252-1758-5884)",Bois Clémenti (Navi-Dex),Bois Clémenti (Navi-Dex),"En journée : Colline Clapotis, Jungle Sombrefeuille, Route 11","En journée : Colline Clapotis, Jungle Sombrefeuille, Route 11","En journée : Colline Clapotis, Jungle Sombrefeuille","En journée : Colline Clapotis, Jungle Sombrefeuille",Mont Sélénite,Mont Sélénite,Incompatible,Incompatible,"Grand Marais (après obtention du ​Pokédex National), Grotte de la Prairie, Grotte du Marécage, Caverne Ensoleillée, Caverne du Marais Sans Fond","Grand Marais (après obtention du ​Pokédex National), Grotte de la Prairie, Grotte du Marécage, Caverne Ensoleillée, Caverne du Marais Sans Fond",??,,,
0047,Parasect,,"Parc Safari, Caverne Azurée","Parc Safari, Caverne Azurée","Parc Safari, Caverne Azurée, Échange contre un Saquedeneu sur la Route 18",Indisponible,Indisponible,Grotte Argentée,Indisponible,Indisponible,Indisponible,"Parc Safari, Caverne Azurée","Parc Safari, Caverne Azurée",Indisponible,Indisponible,Indisponible,"Caverne Azurée, Parc Safari","Caverne Azurée, Parc Safari",Indisponible,Indisponible,Indisponible,Indisponible,Indisponible,Indisponible,Indisponible,Indisponible,Faire évoluer Paras (niveau 24),Faire évoluer Paras (niveau 24),En journée : Route 11,En journée : Route 11,Faire évoluer Paras (niveau 24),Faire évoluer Paras (niveau 24),Incompatible,Incompatible,Faire évoluer Paras (Niveau 24),Faire évoluer Paras (Niveau 24),??,,,
0048,Mimitoss,,"Route 12, Route 13, Route 14, Route 15, Parc Safari","Route 12, Route 13, Route 14, Route 15, Parc Safari","Route 14, Route 15, Route 24, Route 25","Route 24, Route 25, Route 43, Concours de capture d'insecte (Matin et Nuit)","Route 24, Route 25, Route 43, Concours de capture d'insecte (Matin et Nuit)","Route 9, Route 10, Route 13, Route 14, Route 15, Route 24, Route 25, Route 43, Bois aux Chênes, Parc Naturel, Coup d'Boule (Route 43, Lac Colère), Concours de capture d'insecte (Nuit)",Indisponible,Indisponible,Indisponible,"Route 12, Route 13, Route 14, Route 15, Parc Safari, Île 3","Route 12, Route 13, Route 14, Route 15, Parc Safari, Île 3",Route 229 (Poké Radar),Route 229 (Poké Radar),Route 229 (Poké Radar),"Route 24, Route 25, Route 43, Concours de Capture d'insecte, Coup d'Boule, Pokéwalker (Bois Bruissant)","Route 24, Route 25, Route 43, Concours de Capture d'insecte, Coup d'Boule, Pokéwalker (Bois Bruissant)",Indisponible,Indisponible,Trouée Cachée (Route 3),Trouée Cachée (Route 3),Indisponible,Indisponible,Indisponible,Indisponible,À transférer via Banque Pokémon,À transférer via Banque Pokémon,À transférer via Banque Pokémon,À transférer via Banque Pokémon,"Hautes herbes : Routes 14, 15, 24 et 25","Hautes herbes : Routes 14, 15, 24 et 25",Incompatible,Incompatible,"Route 229 (Poké Radar), Grotte Spacieuse, Grotte de la Prairie, Grotte du Marécage, Grotte de la Rivière, Caverne du Miroir d'Eau, Caverne Ensoleillée, Caverne du Marais Sans Fond","Route 229 (Poké Radar), Grotte Spacieuse, Grotte de la Prairie, Grotte du Marécage, Grotte de la Rivière, Caverne du Miroir d'Eau, Caverne Ensoleillée, Caverne du Marais Sans Fond",Incompatible,Zone Est 1,Zone Est 1,
0049,Aéromite,,"Parc Safari, Route Victoire, Caverne Azurée","Parc Safari, Route Victoire, Caverne Azurée","Route 14, Route 15, Caverne Azurée","Route 24, Route 25 (Nuit)","Route 24, Route 25 (Nuit)","Route 9, Route 10, Route 13, Route 14, Route 15, Route 43 (Nuit)",Indisponible,Indisponible,Indisponible,"Parc Safari, Île 3","Parc Safari, Île 3",Route 229 (Poké Radar),Route 229 (Poké Radar),Route 229 (Poké Radar),"Route 24, Route 25 (Nuit)","Route 24, Route 25 (Nuit)",Vestiges du Rêve (Herbes doubles),Vestiges du Rêve (Herbes doubles),Indisponible,Indisponible,"Safari des Amis Poison, position 2 (4485-5247-4664)","Safari des Amis Poison, position 2 (4485-5247-4664)","Île Mirage (Ouest de Mérouville, Sud-Est du Chenal 109, Nord de la Grotte Tréfonds, Ouest de Myokara)","Île Mirage (Ouest de Mérouville, Sud-Est du Chenal 109, Nord de la Grotte Tréfonds, Ouest de Myokara)",À transférer via Banque Pokémon,À transférer via Banque Pokémon,À transférer via Banque Pokémon,À transférer via Banque Pokémon,Hautes herbes : Routes 14 et 15,Hautes herbes : Routes 14 et 15,Incompatible,Incompatible,"Route 229 (Poké Radar), Grotte Spacieuse, Grotte de la Prairie, Grotte du Marécage, Grotte de la Rivière, Caverne du Miroir d'Eau, Caverne Ensoleillée, Caverne du Marais Sans Fond","Route 229 (Poké Radar), Grotte Spacieuse, Grotte de la Prairie, Grotte du Marécage, Grotte de la Rivière, Caverne du Miroir d'Eau, Caverne Ensoleillée, Caverne du Marais Sans Fond",Incompatible,Zone Nord 1,Zone Nord 1,
0050,Taupiqueur,,Cave Taupiqueur,Cave Taupiqueur,Cave Taupiqueur,Cave Taupiqueur,Cave Taupiqueur,Cave Taupiqueur,Indisponible,Indisponible,Indisponible,Cave Taupiqueur,Cave Taupiqueur,Route 228,Route 228,Route 228,"Route 48, Cave Taupiqueur, Carmin sur Mer (Eclate Roc), Parc Safari","Route 48, Cave Taupiqueur, Carmin sur Mer (Eclate Roc), Parc Safari",Indisponible,Indisponible,Indisponible,Indisponible,Indisponible,Indisponible,Chemin Ardent (Navi-Dex),Chemin Ardent (Navi-Dex),À transférer via Banque Pokémon,À transférer via Banque Pokémon,À transférer via Banque Pokémon,À transférer via Banque Pokémon,Grotte Taupiqueur,Grotte Taupiqueur,"Mine de Galar, Route 4, Miroir du Géant, Plaine Verdoyante","Mine de Galar, Route 4, Miroir du Géant, Plaine Verdoyante",Route 228,Route 228,Incompatible,Zone Est 3,Zone Est 3,
0050,Taupiqueur,Alola,,,,,,,,,,,,,,,,,,,,,,,,,"Route 5, et 7, Tunnel Taupiqueur*, Colline Dicarat*, Grotte Verdoyante, Grotte Verlamer, Jungle Sombrefeuille*","Route 5, et 7, Tunnel Taupiqueur*, Colline Dicarat*, Grotte Verdoyante, Grotte Verlamer, Jungle Sombrefeuille*","Route 5, et 7, Tunnel Taupiqueur*, Grotte Verdoyante","Route 5, et 7, Tunnel Taupiqueur*, Grotte Verdoyante",Échange au Centre Pokémon de Lavanville,Échange au Centre Pokémon de Lavanville,"Récompense de la Quête des Taupiqueur d'Alola, après avoir retrouvé les 151 Taupiqueur d'Alola","Récompense de la Quête des Taupiqueur d'Alola, après avoir retrouvé les 151 Taupiqueur d'Alola",Incompatible,Incompatible,Incompatible,Zone Côtière,Zone Côtière,
0051,Triopikeur,,Cave Taupiqueur,Cave Taupiqueur,"Cave Taupiqueur, Échange contre un Excelangue sur la Route 18",Cave Taupiqueur,Cave Taupiqueur,Cave Taupiqueur,Indisponible,Indisponible,Indisponible,Cave Taupiqueur,Cave Taupiqueur,Route 228,Route 228,Route 228,Cave Taupiqueur,Cave Taupiqueur,Indisponible,Indisponible,Indisponible,Indisponible,Route 13,Route 13,Indisponible,Indisponible,À transférer via Banque Pokémon,À transférer via Banque Pokémon,À transférer via Banque Pokémon,À transférer via Banque Pokémon,Grotte Taupiqueur,Grotte Taupiqueur,"Route 6, Miroir du Géant, Coiffe du Géant, Plateau de Kickenham, Lac Ouragan, Expédition Dynamax","Route 6, Miroir du Géant, Coiffe du Géant, Plateau de Kickenham, Lac Ouragan, Expédition Dynamax",Route 228,Route 228,Incompatible,Zone Est 3,Zone Est 3,
0051,Triopikeur,Alola,,,,,,,,,,,,,,,,,,,,,,,,,"Grand Canyon de Poni, Côte de Poni*, Désert Haina, Caverne Coda","Grand Canyon de Poni, Côte de Poni*, Désert Haina, Caverne Coda","Grand Canyon de Poni, Côte de Poni*, Désert Haina, Caverne Coda","Grand Canyon de Poni, Côte de Poni*, Désert Haina, Caverne Coda",Faire évoluer Taupiqueur d'Alola (niveau 26),Faire évoluer Taupiqueur d'Alola (niveau 26),Expédition Dynamax,Expédition Dynamax,Incompatible,Incompatible,Incompatible,Zone Côtière,Zone Côtière,
0052,Miaouss,,Indisponible,"Route 5B, Route 6B, Route 7B, Route 8B",Indisponible,Indisponible,"Route 5, Route 6, Route 7, Route 8, Route 38, Route 39","Route 5, Route 6, Route 7, Route 8, Route 11, Route 38, Route 39 (Nuit)",Indisponible,Indisponible,Échange contre un Skitty à la Zone de Combat,"Route 5, Route 6, Route 7, Route 8, Pont du Lien, Entrée Canyon, Cap Falaise, Pré de l'Île 5, Route Tison, Canyon Sesor, Plage Trésor, Agualcanal","Route 5, Route 6, Route 7, Route 8, Pont du Lien, Entrée Canyon, Cap Falaise, Pré de l'Île 5, Route Tison, Canyon Sesor, Plage Trésor, Agualcanal",Jardin Trophée,Jardin Trophée,Jardin Trophée,Indisponible,"Route 5, Route 6, Route 7, Route 8, Route 38, Route 39",Indisponible,Indisponible,Échange interne avec Brenda à Méanville (seulement si le joueur est Mélis),Échange interne avec Brenda à Méanville (seulement si le joueur est Mélis),Indisponible,Indisponible,Indisponible,Indisponible,À transférer via Banque Pokémon,À transférer via Banque Pokémon,À transférer via Banque Pokémon,À transférer via Banque Pokémon,"Hautes herbesLGE : Routes 24, 25, Échange","Hautes herbesLGE : Routes 24, 25","Échanger un Miaouss de Galar au Stade de Greenbury, Échange contre un Miaouss de Galar à Régiona","Échanger un Miaouss de Galar au Stade de Greenbury, Échange contre un Miaouss de Galar à Régiona",Jardin Trophée,Jardin Trophée,Incompatible,Zone Est 3,Zone Est 3,Hyperspace Lumiose
0052,Miaouss,Alola,,,,,,,,,,,,,,,,,,,,,,,,,"Route 2*, Ekaeka, Abords d'Ekaeka*, Parc de Malié","Route 2*, Ekaeka, Abords d'Ekaeka*, Parc de Malié","Route 2*, Ekaeka, Abords d'Ekaeka*, Parc de Malié","Route 2*, Ekaeka, Abords d'Ekaeka*, Parc de Malié",Échange,Échange au Centre Pokémon de Cramois'Île,"Récompense de la Quête des Taupiqueur d'Alola, après avoir retrouvé 5 Taupiqueur d'Alola","Récompense de la Quête des Taupiqueur d'Alola, après avoir retrouvé 5 Taupiqueur d'Alola",Incompatible,Incompatible,Incompatible,Club de la Ligue,Club de la Ligue,Hyperspace Lumiose
0052,Miaouss,Galar,,,,,,,,,,,,,,,,,,,,,,,,,,,,,,,Route 4,Route 4,Incompatible,Incompatible,Incompatible,Académie de Paldea,Académie de Paldea,Hyperspace Lumiose
0053,Persian,,Indisponible,Indisponible,Indisponible,Indisponible,Route 7,Route 7 (Nuit),Indisponible,Indisponible,Indisponible,"Pont du Lien, Entrée Canyon, Cap Falaise, Pré de l'Île 5, Route Tison, Vallée Ruine, Canyon Sesor, Plage Trésor, Agualcanal","Pont du Lien, Entrée Canyon, Cap Falaise, Pré de l'Île 5, Route Tison, Vallée Ruine, Canyon Sesor, Plage Trésor, Agualcanal",Indisponible,Indisponible,Indisponible,Indisponible,"Route 7, Caverne Azurée",Indisponible,Indisponible,Indisponible,Indisponible,Indisponible,Indisponible,Île Mirage (Nord de la Grotte Tréfonds),Île Mirage (Nord de la Grotte Tréfonds),À transférer via Banque Pokémon,À transférer via Banque Pokémon,À transférer via Banque Pokémon,À transférer via Banque Pokémon,Offert à Carmin sur Mer*,Faire évoluer Miaouss (niveau 28),Expédition Dynamax,Expédition Dynamax,Faire évoluer Miaouss (Niveau 28),Faire évoluer Miaouss (Niveau 28),Incompatible,Zone Ouest 3,Zone Ouest 3,Hyperspace Lumiose
0053,Persian,Alola,,,,,,,,,,,,,,,,,,,,,,,,,Faire évoluer Miaouss d'Alola (bonheur),Faire évoluer Miaouss d'Alola (bonheur),Intrusion* (Miaouss*),Intrusion* (Miaouss*),Échange,Faire évoluer Miaouss d'Alola (bonheur),Expédition Dynamax,Expédition Dynamax,Incompatible,Incompatible,Incompatible,Indisponible,Indisponible,Hyperspace Lumiose
0054,Psykokwak,,"Route 24, Route 25, Azuria, Parc Safari (Méga Canne), Îles Écume","Route 24, Route 25, Azuria, Parc Safari (Méga Canne), Îles Écume",Route 6 (Surf),"Route 6, Route 35, Bois aux Chênes (Surf)","Route 6, Route 35, Bois aux Chênes (Surf)","Parc Naturel (Nuit), Route 6, Route 35, Bois aux Chênes (Hautes herbes de Nuit, Surf)",Parc Safari,Parc Safari,Parc Safari,"Quasi-totalité des routes, villes et lieux avec un point d'eau (Méga Canne), Plage Trésor, Route Tison, Pont du Lien, Pré de l'Île 5, Vallée Ruine, Agualcanal, Grotte de Glace, Îles Écume, Entrée Canyon (Marche/Hautes Herbes)",Indisponible,"Bonaugure, Célestia, Chemin Rocheux, Entrée Charbourg, Grand Marais, Lac Courage, Lac Savoir, Lac Vérité, Route 203, Route 204, Route 205, Route 208, Route 209, Route 210, Route 212, Route 214, Vestigion (Surf)","Bonaugure, Célestia, Chemin Rocheux, Entrée Charbourg, Grand Marais, Lac Courage, Lac Savoir, Lac Vérité, Route 203, Route 204, Route 205, Route 208, Route 209, Route 210, Route 212, Route 214, Vestigion (Surf)","Bonaugure, Célestia, Chemin Rocheux, Entrée Charbourg, Lac Courage, Lac Savoir, Lac Vérité, Route 203, Route 204, Route 205, Route 209, Route 210, Route 212, Route 214, Vestigion (Surf)","Route 6, Route 35, Bois aux Chênes, Caverne Azurée, Parc Safari, Pokéwalker (Jolie Plage)","Route 6, Route 35, Bois aux Chênes, Caverne Azurée, Parc Safari, Pokéwalker (Jolie Plage)",Indisponible,Indisponible,Ranch d'Amaillide,Ranch d'Amaillide,"Route 22 (Hautes herbes et Surf), Route 7 (Horde)","Route 22 (Hautes herbes et Surf), Route 7 (Horde)",Parc Safari (Hautes herbes et Horde),Parc Safari (Hautes herbes et Horde),"Colline Clapotis, Parc de Malié, Colline Dicarat, Colline Clapotis*, Grotte Verlamer","Colline Clapotis, Parc de Malié, Colline Dicarat, Colline Clapotis*, Grotte Verlamer","Colline Clapotis, Parc de Malié, Colline Dicarat, Colline Clapotis*, Grotte Verlamer, Grotte de la Plage","Colline Clapotis, Parc de Malié, Colline Dicarat, Colline Clapotis*, Grotte Verlamer, Grotte de la Plage","Caverne Azurée (rez-de-chaussée et sous-sol, en marchant), Hautes herbes : Routes 4, 6, 17, 24, 25","Caverne Azurée (rez-de-chaussée et sous-sol, en marchant), Hautes herbes : Routes 4, 6, 17, 24, 25","Plage de l'Épreuve, Grotte du Pugilat","Plage de l'Épreuve, Grotte du Pugilat","Grand Marais, Chemin Rocheux, Entrée de Charbourg, Lac Courage, Lac Savoir, Route 208, Route 210, Grotte Spacieuse, Grotte des Eaux Souterraines, Grotte de la Rivière, Caverne du Miroir d'Eau Surf : Célestia, Vestigion, Bonaugure, Lac Vérité, Route 203, Route 204, Route 205 (Partie Nord), Route 209, Route 212 (Partie Nord), Route 214","Grand Marais, Chemin Rocheux, Entrée de Charbourg, Lac Courage, Lac Savoir, Route 208, Route 210, Grotte Spacieuse, Grotte des Eaux Souterraines, Grotte de la Rivière, Caverne du Miroir d'Eau Surf : Célestia, Vestigion, Bonaugure, Lac Vérité, Route 203, Route 204, Route 205 (Partie Nord), Route 209, Route 212 (Partie Nord), Route 214",??,Zone Est 2,Zone Est 2,
0055,Akwakwak,,Îles Écume,Îles Écume,Route 6 (Surf),"Route 6, Route 35, Bois aux Chênes (Surf)","Route 6, Route 35, Bois aux Chênes (Surf)","Route 6, Route 35, Bois aux Chênes, Grotte Argentée (Surf)",Parc Safari (Surf),Parc Safari (Surf),Parc Safari (Surf),"Bois Baies, Caverne Azurée (Surf), Cap Falaise, Îles Écume",Indisponible,"Route 203, Route 204, Route 205, Route 208, Route 209, Route 210, Route 212, Route 214, Bonaugure, Célestia, Vestigion, Entrée Charbourg, Chemin Rocheux, Lac Vérité, Lac Savoir, Lac Courage (Surf)","Route 203, Route 204, Route 205, Route 208, Route 209, Route 210, Route 212, Route 214, Bonaugure, Célestia, Vestigion, Entrée Charbourg, Chemin Rocheux, Lac Vérité, Lac Savoir, Lac Courage (Surf)","Route 203, Route 204, Route 205, Route 208, Route 209, Route 210, Route 212, Route 214, Bonaugure, Célestia, Vestigion, Entrée Charbourg, Chemin Rocheux, Lac Vérité, Lac Savoir, Lac Courage (Surf)","Route 6, Route 35, Bois aux Chênes, Grotte Argentée, Îles Écume (Surf)","Route 6, Route 35, Bois aux Chênes, Grotte Argentée, Îles Écume (Surf)","Route 11, Route 14, Pont du Hameau","Route 11, Route 14, Pont du Hameau","Route 11, Route 14, Pont du Hameau, Grotte Littorale, Autel Abondance, Réserve Naturelle, Trouée Cachée (Route 23 et Autel Abondance)","Route 11, Route 14, Pont du Hameau, Grotte Littorale, Autel Abondance, Réserve Naturelle, Trouée Cachée (Route 23 et Autel Abondance)",Indisponible,Indisponible,Indisponible,Indisponible,"Chemin du Défi (hautes herbes), Grand Canyon de Poni (sur l'eau)","Chemin du Défi (hautes herbes), Grand Canyon de Poni (sur l'eau)","Chemin du Défi (hautes herbes), Grand Canyon de Poni (sur l'eau)","Chemin du Défi (hautes herbes), Grand Canyon de Poni (sur l'eau)","Caverne Azurée (rez-de-chaussée et sous-sol, en marchant)","Caverne Azurée (rez-de-chaussée et sous-sol, en marchant)","Grotte du Pugilat, Forêt Flexion, Expédition Dynamax","Grotte du Pugilat, Forêt Flexion, Expédition Dynamax","Source des Adieux, Chenal 226, Chenal 230 Surf : Célestia, Vestigion, Bonaugure, Chemin Rocheux, Entrée de Charbourg, Lac Vérité, Lac Courage, Lac Savoir, Route 203, Route 204, Route 205 (Partie Nord), Route 208, Route 209, Route 210, Route 212 (Partie Nord), Route 225, Aire de Détente","Source des Adieux, Chenal 226, Chenal 230 Surf : Célestia, Vestigion, Bonaugure, Chemin Rocheux, Entrée de Charbourg, Lac Vérité, Lac Courage, Lac Savoir, Route 203, Route 204, Route 205 (Partie Nord), Route 208, Route 209, Route 210, Route 212 (Partie Nord), Route 225, Aire de Détente",??,Zone Nord 1,Zone Nord 1,
0056,Férosinge,,"Route 5, Route 6, Route 7, Route 8",Indisponible,"Route 3, Route 4, Route 22, Route 23","Route 9, Route 42",Indisponible,Indisponible,Indisponible,Indisponible,Indisponible,"Route 3, Route 4, Route 22, Route 23, Grotte Sombre","Route 3, Route 4, Route 22, Route 23, Grotte Sombre","Route 225, Chenal 226 (Poké Radar)","Route 225, Chenal 226 (Poké Radar)","Route 225, Chenal 226 (Poké Radar)","Route 9, Route 42",Indisponible,Route 15 (Troupeau),Route 15 (Troupeau),Échange interne avec Julien à Méanville (si le joueur est Écho),Échange interne avec Julien à Méanville (si le joueur est Écho),"Safari des Amis Combat, position 1 (3970-1643-2637)","Safari des Amis Combat, position 1 (3970-1643-2637)",Sentier Sinuroc (Navi-Dex),Sentier Sinuroc (Navi-Dex),Route 3,Route 3,Route 3,Route 3,Hautes herbesLGP : Routes 3 et 4,"Hautes herbesLGP : Routes 3 et 4, Échange",Incompatible,Incompatible,"Route 225 (Poké Radar), Chenal 226 (Poké Radar), Grotte Spacieuse, Grotte de la Prairie, Caverne Ensoleillée","Route 225 (Poké Radar), Chenal 226 (Poké Radar), Grotte Spacieuse, Grotte de la Prairie, Caverne Ensoleillée",Incompatible,Zone Ouest 1,Zone Ouest 1,Hyperspace Lumiose
0057,Colossinge,,Indisponible,Indisponible,Route 23,Route 9,Indisponible,Indisponible,Indisponible,Indisponible,Indisponible,"Route 23, Route Victoire, Caverne Azurée","Route 23, Route Victoire, Caverne Azurée","Route 225, Chenal 226 (Poké Radar)","Route 225, Chenal 226 (Poké Radar)","Route 225, Chenal 226 (Poké Radar)","Route 9, Caverne Azurée",Indisponible,Indisponible,Indisponible,Indisponible,Indisponible,Indisponible,Indisponible,Indisponible,Indisponible,Plaine de Poni (embuscade depuis un arbre),Plaine de Poni (embuscade depuis un arbre),Plaine de Poni (embuscade depuis un arbre),Plaine de Poni (embuscade depuis un arbre),Faire évoluer Férosinge (niveau 28),Échange,Incompatible,Incompatible,"Route 225 (Poké Radar), Chenal 226 (Poké Radar), Grotte Spacieuse, Grotte de la Prairie, Caverne Ensoleillée","Route 225 (Poké Radar), Chenal 226 (Poké Radar), Grotte Spacieuse, Grotte de la Prairie, Caverne Ensoleillée",Incompatible,Zone Nord 1,Zone Nord 1,Hyperspace Lumiose
0058,Caninos,,"Route 7, Route 8, Manoir Pokémon",Indisponible,Manoir Pokémon,"Route 7, Route 8, Route 36, Route 37",Indisponible,"Route 8, Route 35, Route 36, Route 37 (Matin et Jour)",Indisponible,Indisponible,Indisponible,"Route 7, Route 8, Manoir Pokémon",Indisponible,"Route 201, Route 202 (Insertion Rouge Feu)","Route 201, Route 202 (Insertion Rouge Feu)","Route 201, Route 202 (Insertion Rouge Feu)","Route 7, Route 8, Route 36, Route 37, Route 48",Indisponible,Indisponible,Indisponible,Z.I. d'Ondes-sur-Mer,Z.I. d'Ondes-sur-Mer,"Safari des Amis Feu, position 1 (4313-3831-4517)","Safari des Amis Feu, position 1 (4313-3831-4517)",Mont Mémoria (Navi-Dex),Mont Mémoria (Navi-Dex),Route 2*,Route 2*,Route 2*,Route 2*,"Hautes herbesLGP : Routes 5, 6, 7 et 8","Hautes herbesLGP : Routes 5, 6, 7 et 8, Échange","Plateau de Kickenham, Fosse des Sables, Miroir du Géant","Route 3, Plaine Verdoyante, Lac Coupenotte Est, Ouest, Bois de Clairjour, Lac Milobellus Nord, Sud, Tour en ruines, Siège du Géant, Œil du Lac","Grotte Spacieuse, Grotte du Magma, Grotte des Sables Ardents, Caverne Typhlosion",Échange,Incompatible,Zone Est 2,Zone Est 2,
0058,Caninos,Hisui,,,,,,,,,,,,,,,,,,,,,,,,,,,,,,,,,,,??,Jaderaude,Jaderaude,
0059,Arcanin,,Indisponible,Indisponible,Indisponible,Indisponible,Indisponible,Indisponible,Indisponible,Indisponible,Indisponible,Indisponible,Indisponible,Indisponible,Indisponible,Indisponible,Indisponible,Indisponible,Indisponible,Indisponible,Indisponible,Indisponible,Indisponible,Indisponible,Indisponible,Indisponible,Faire évoluer Caninos avec une Pierre Feu,Faire évoluer Caninos avec une Pierre Feu,Faire évoluer Caninos avec une Pierre Feu,Faire évoluer Caninos avec une Pierre Feu,Hautes herbesLGP : Routes 7 et 8,"Hautes herbesLGP : Routes 7 et 8, Offert à Carmin sur Mer*",Raid Dynamax,Lac Ouragan,Faire évoluer Caninos (Avec une Pierre Feu),Échange,Incompatible,Zone Nord 2,Zone Nord 2,
0059,Arcanin,Hisui,,,,,,,,,,,,,,,,,,,,,,,,,,,,,,,,,,,??,Indisponible,Indisponible,
0060,Ptitard,,"Totalité des routes, villes et lieux avec un point d'eau (Super Canne et parfois Méga Canne)","Totalité des routes, villes et lieux avec un point d'eau (Super Canne et parfois Méga Canne)","Totalité des routes, villes et lieux avec un point d'eau (Super Canne et parfois Méga Canne)","Route 6, Route 35, Route 43, Ébènelle, Ruines d'Alpha, Bois aux Chênes (Pêche), Route 22, Route 28, Route 30, Route 31, Route 44, Mauville, Rosalia, Jadielle, Mont Argenté (Surf et Pêche)","Route 6, Route 35, Route 43, Ébènelle, Ruines d'Alpha, Bois aux Chênes (Pêche), Route 22, Route 28, Route 30, Route 31, Route 44, Mauville, Rosalia, Jadielle, Mont Argenté (Surf et Pêche)","Route 6, Route 35, Route 43, Ébènelle, Ruines d'Alpha, Bois aux Chênes (Pêche), Route 10, Route 28, Mauville, Rosalia, Jadielle, Mont Argenté (Surf et Pêche), Route 22, Route 30, Route 31, Route 44 (Surf, Pêche et Marche la Nuit)",Indisponible,Indisponible,Indisponible,"Parmanie, Bois Baies, Parc Safari, Route 6, Route 22, Route 23, Route 25, Île 4, Jadielle, Cap Falaise, Caverne Azurée, Grotte de Glace, Vallée Ruine (Super Canne, Méga Canne)","Parmanie, Bois Baies, Parc Safari, Route 6, Route 22, Route 23, Route 25, Île 4, Jadielle, Cap Falaise, Caverne Azurée, Grotte de Glace, Vallée Ruine (Super Canne, Méga Canne)","Route 225 (Super Canne), Route 227, Route 228 (Surf)","Route 225 (Super Canne), Route 227, Route 228 (Surf)","Route 227, Route 228 (Surf)","Route 6, Route 22, Route 28, Route 30, Route 31, Route 35, Route 43, Route 44, Route 45, Mauville, Rosalia, Ébènelle, Ruines d'Alpha, Bois aux Chênes, Mont Argenté, Portail Falaise, Jadielle, Caverne Azurée, Parc Safari, Pokéwalker* (Surf et Pêche)","Route 6, Route 22, Route 28, Route 30, Route 31, Route 35, Route 43, Route 44, Route 45, Mauville, Rosalia, Ébènelle, Ruines d'Alpha, Bois aux Chênes, Mont Argenté, Portail Falaise, Jadielle, Caverne Azurée, Parc Safari, Pokéwalker* (Surf et Pêche)","Route 6, Veine Souterraine, Antre d'Entraînement, Route Victoire, Grotte Cyclopéenne (Pêche)","Route 6, Veine Souterraine, Antre d'Entraînement, Route Victoire, Grotte Cyclopéenne (Pêche)","Route 6, Route 19, Route 20, Route 23, Grotte Cyclopéenne, Chemin Enfoui, Ranch d'Amaillide, Route Victoire, Route Bardane, Veine Souterraine, Bois des Illusions (Pêche)","Route 6, Route 19, Route 20, Route 23, Grotte Cyclopéenne, Chemin Enfoui, Ranch d'Amaillide, Route Victoire, Route Bardane, Veine Souterraine, Bois des Illusions (Pêche)","Monts de Kalos (Canne), Village Pokémon (Horde)","Monts de Kalos (Canne), Village Pokémon (Horde)",Indisponible,Indisponible,"Colline Clapotis, Parc de Malié (hautes herbes et sur l'eau)","Colline Clapotis, Parc de Malié (hautes herbes et sur l'eau)",Colline Clapotis (hautes herbes et sur l'eau),Colline Clapotis (hautes herbes et sur l'eau),"Sur l'eau : Routes 22, 23, 25 et Caverne Azurée","Sur l'eau : Routes 22, 23, 25 et Caverne Azurée",Grotte du Pugilat,Grotte du Pugilat,"Grotte de la Prairie, Grotte des Eaux Souterraines, Grotte de la Rivière, Caverne du Miroir d'Eau, Caverne Ensoleillée Surf : Route 227, Route 228, Super Canne : Route 225","Grotte de la Prairie, Grotte des Eaux Souterraines, Grotte de la Rivière, Caverne du Miroir d'Eau, Caverne Ensoleillée Surf : Route 227, Route 228, Super Canne : Route 225",Incompatible,Rives du Confluent,Rives du Confluent,
0061,Têtarte,,"Route 10, Azuria, Céladopole (Méga Canne)","Route 10, Azuria, Céladopole (Méga Canne)","Route 22, Route 23 (Méga Canne)","Route 44, Mauville, Jadielle (Surf), Route 6, Bois aux Chênes (Méga Canne), Route 22, Route 28, Rosalia, Mont Argenté (Surf et Méga Canne)","Route 44, Mauville, Jadielle (Surf), Route 6, Bois aux Chênes (Méga Canne), Route 22, Route 28, Rosalia, Mont Argenté (Surf et Méga Canne)","Route 30, Route 31, Mauville, Jadielle (Surf), Route 6, Bois aux Chênes (Méga Canne), Route 10, Route 22, Route 30, Route 31, Rosalia (Surf et Méga Canne), Route 44 (Surf et Marche la Nuit), Route 28, Mont Argenté (Surf, Méga Canne et Marche la Nuit)",Indisponible,Indisponible,Indisponible,"Route 6, Route 22, Route 23 et Route 25, Jadielle, Cap Falaise, Caverne Azurée, Île 4, Grotte de Glace, Vallée Ruine (Méga Canne)","Route 6, Route 22, Route 23 et Route 25, Jadielle, Cap Falaise, Caverne Azurée, Île 4, Grotte de Glace, Vallée Ruine (Méga Canne)","Route 225 (Méga Canne), Route 227, Route 228 (Surf)","Route 225 (Méga Canne), Route 227, Route 228 (Surf)","Route 227, Route 228 (Surf)","Route 22, Route 28, Route 30, Route 31, Route 44, Rosalia, Mauville, Grotte Argentée, Jadielle, Caverne Azurée, Parc Safari (Surf)","Route 22, Route 28, Route 30, Route 31, Route 44, Rosalia, Mauville, Grotte Argentée, Jadielle, Caverne Azurée, Parc Safari (Surf)","Route 6, Veine Souterraine, Antre d'Entraînement, Route Victoire, Grotte Cyclopéenne (Pêche)","Route 6, Veine Souterraine, Antre d'Entraînement, Route Victoire, Grotte Cyclopéenne (Pêche)","Route 6, Route 19, Route 20, Route 23, Grotte Cyclopéenne, Chemin Enfoui, Ranch d'Amaillide, Route Victoire, Route Bardane, Veine Souterraine, Bois des Illusions (Pêche tourbillon), Trouée Cachée (Forêt d'Empoigne)","Route 6, Route 19, Route 20, Route 23, Grotte Cyclopéenne, Chemin Enfoui, Ranch d'Amaillide, Route Victoire, Route Bardane, Veine Souterraine, Bois des Illusions (Pêche tourbillon), Trouée Cachée (Forêt d'Empoigne)","Monts de Kalos (Super Canne et Méga Canne), Village Pokémon (Surf)","Monts de Kalos (Super Canne et Méga Canne), Village Pokémon (Surf)",Indisponible,Indisponible,Intrusion* (Ptitard*),Intrusion* (Ptitard*),Parc de Malié,Parc de Malié,"Sur l'eau : Routes 22, 23, 25 et Caverne Azurée","Sur l'eau : Routes 22, 23, 25 et Caverne Azurée",Lande Boldair,Lande Boldair,"Grotte de la Prairie, Grotte des Eaux Souterraines, Grotte de la Rivière, Caverne du Miroir d'Eau, Caverne Ensoleillée Surf : Route 225, Route 227, Route 228, Méga Canne : Route 225","Grotte de la Prairie, Grotte des Eaux Souterraines, Grotte de la Rivière, Caverne du Miroir d'Eau, Caverne Ensoleillée Surf : Route 225, Route 227, Route 228, Méga Canne : Route 225",Incompatible,Rives du Confluent,Rives du Confluent,
0062,Tartard,,Indisponible,Indisponible,Indisponible,Indisponible,Indisponible,Indisponible,Indisponible,Indisponible,Indisponible,Indisponible,Indisponible,Indisponible,Indisponible,Indisponible,Indisponible,Indisponible,"Veine Souterraine, Antre d'Entraînement, Route Victoire, Grotte Cyclopéenne (Pêche tourbillon)","Veine Souterraine, Antre d'Entraînement, Route Victoire, Grotte Cyclopéenne (Pêche tourbillon)","Route 23, Grotte Cyclopéenne, Chemin Enfoui, Route Victoire, Route Bardane Veine Souterraine (Pêche tourbillon)","Route 23, Grotte Cyclopéenne, Chemin Enfoui, Route Victoire, Route Bardane Veine Souterraine (Pêche tourbillon)",Route Victoire (Méga Canne),Route Victoire (Méga Canne),Indisponible,Indisponible,Sous la pluie : Intrusion* (Ptitard*),Sous la pluie : Intrusion* (Ptitard*),Sous la pluie : Intrusion* (Ptitard*),Sous la pluie : Intrusion* (Ptitard*),Caverne Azurée (sur l'eau),Caverne Azurée (sur l'eau),"Grotte du Pugilat, Expédition Dynamax","Grotte du Pugilat, Expédition Dynamax",Faire évoluer Têtarte (Avec une Pierre Eau),Faire évoluer Têtarte (Avec une Pierre Eau),Incompatible,Septentria (Raid 5 et 6*),Septentria (Raid 5 et 6*),
0063,Abra,,"Route 24, Route 25, Casino de Céladopole","Route 24, Route 25, Casino de Céladopole","Route 5, Route 6, Route 7, Route 8, Casino de Céladopole","Route 5, Route 6, Route 8, Route 24, Route 25, Route 34, Route 35, Casino de Doublonville","Route 5, Route 6, Route 8, Route 24, Route 25, Route 34, Route 35, Casino de Doublonville","Route 5, Route 7, Route 8, Route 24, Route 34, Route 35, Casino de Doublonville",Grotte Granite,Grotte Granite,"Route 116, Grotte Granite","Route 24, Route 25","Route 24, Route 25","Route 203, Route 215, Échange contre un Machoc à Charbourg","Route 203, Route 215, Échange contre un Machoc à Charbourg","Route 203, Route 215, Échange contre un Machoc à Charbourg","Route 5, Route 6, Route 8, Route 24, Route 25, Route 34, Route 35, Parc Safari, Pokéwalker (Faubourgs)","Route 5, Route 6, Route 8, Route 24, Route 25, Route 34, Route 35, Parc Safari, Pokéwalker (Faubourgs)",Indisponible,Forêt Blanche (avec Sergei dans la forêt),Indisponible,Indisponible,Route 5,Route 5,Grotte Granite,Grotte Granite,"Route 2*, Ekaeka","Route 2*, Ekaeka","Route 2*, Ekaeka","Route 2*, Ekaeka","Hautes herbes : Routes 5, 6, 7 et 8","Hautes herbes : Routes 5, 6, 7 et 8",Plaine Salutation,Plaine Salutation,"Route 203, Route 215","Route 203, Route 215",??,,,Zone Sauvage 5
0064,Kadabra,Mâle,Caverne Azurée,Caverne Azurée,Route 8,Route 8,Route 8,Route 8,Indisponible,Indisponible,Indisponible,Caverne Azurée,Caverne Azurée,"Route 215, Route Victoire","Route 215, Route Victoire",Route 215,"Route 8, Caverne Azurée","Route 8, Caverne Azurée",Indisponible,Indisponible,Indisponible,Indisponible,Indisponible,Indisponible,Indisponible,Indisponible,Faire évoluer Abra (niveau 16),Faire évoluer Abra (niveau 16),Faire évoluer Abra (niveau 16),Faire évoluer Abra (niveau 16),Hautes herbes : Routes 7 et 8,Hautes herbes : Routes 7 et 8,"Plaine Salutation, Lande Boldair, Expédition Dynamax","Plaine Salutation, Lande Boldair, Expédition Dynamax","Route 215, Route Victoire, Grotte Éblouissante, Caverne de la Nuit Étoilée","Route 215, Route Victoire, Grotte Éblouissante, Caverne de la Nuit Étoilée",??,,,Zone Sauvage 9
0064,Kadabra,Femelle,,,,,,,,,,,,"Route 215, Route Victoire","Route 215, Route Victoire",Route 215,"Route 8, Caverne Azurée","Route 8, Caverne Azurée",Indisponible,Indisponible,Indisponible,Indisponible,Indisponible,Indisponible,Indisponible,Indisponible,Faire évoluer Abra (niveau 16),Faire évoluer Abra (niveau 16),Faire évoluer Abra (niveau 16),Faire évoluer Abra (niveau 16),Hautes herbes : Routes 7 et 8,Hautes herbes : Routes 7 et 8,"Plaine Salutation, Lande Boldair, Expédition Dynamax","Plaine Salutation, Lande Boldair, Expédition Dynamax","Route 215, Route Victoire, Grotte Éblouissante, Caverne de la Nuit Étoilée","Route 215, Route Victoire, Grotte Éblouissante, Caverne de la Nuit Étoilée",??,,,Zone Sauvage 9
0065,Alakazam,Mâle,Indisponible,Indisponible,Indisponible,Indisponible,Indisponible,Indisponible,Indisponible,Indisponible,Indisponible,Indisponible,Indisponible,Indisponible,Indisponible,Indisponible,Indisponible,Indisponible,Indisponible,Indisponible,Indisponible,Indisponible,Indisponible,Indisponible,Indisponible,Indisponible,Faire évoluer Kadabra par échange,Faire évoluer Kadabra par échange,Faire évoluer Kadabra par échange,Faire évoluer Kadabra par échange,Faire évoluer Kadabra par échange,Faire évoluer Kadabra par échange,"Lagune Circulaire, Mer Isol'Îlots","Lagune Circulaire, Mer Isol'Îlots",Faire évoluer Kadabra (Échange),Faire évoluer Kadabra (Échange),??,,,Zone Sauvage 20
0065,Alakazam,Femelle,,,,,,,,,,,,Indisponible,Indisponible,Indisponible,Indisponible,Indisponible,Indisponible,Indisponible,Indisponible,Indisponible,Indisponible,Indisponible,Indisponible,Indisponible,Faire évoluer Kadabra par échange,Faire évoluer Kadabra par échange,Faire évoluer Kadabra par échange,Faire évoluer Kadabra par échange,Faire évoluer Kadabra par échange,Faire évoluer Kadabra par échange,"Lagune Circulaire, Mer Isol'Îlots","Lagune Circulaire, Mer Isol'Îlots",Faire évoluer Kadabra (Échange),Faire évoluer Kadabra (Échange),??,,,Zone Sauvage 20
0066,Machoc,,"Grotte, Route Victoire","Grotte, Route Victoire","Route 10, Grotte","Grotte, Mont Creuset, Échange interne contre un Soporifik à Doublonville","Grotte, Mont Creuset, Échange interne contre un Soporifik à Doublonville","Grotte, Mont Creuset (Matin et Jour), Échange interne contre un Soporifik à Doublonville","Route 112, Chemin Ardent, Sentier Sinuroc","Route 112, Chemin Ardent, Sentier Sinuroc","Chemin Ardent, Sentier Sinuroc","Grotte, Route Victoire, Mont Braise","Grotte, Route Victoire, Mont Braise","Route 207, Route 208, Route 210, Mont Couronné","Route 207, Route 208, Route 210, Mont Couronné","Route 208 (Nuit), Route 207, Route 210, Mont Couronné","Mont Creuset, Grotte Falaise, Grotte Sombre, Parc Safari, Pokéwalker (Chemin Pierreux, Caverne Sombre, Grotte Terreur), Échange contre un Soporifik au Centre Commercial de Doublonville","Mont Creuset, Grotte Falaise, Grotte Sombre, Parc Safari, Pokéwalker (Chemin Pierreux, Caverne Sombre, Grotte Terreur), Échange contre un Soporifik au Centre Commercial de Doublonville",Indisponible,Forêt Blanche (avec Takuma dans la forêt),Indisponible,Indisponible,Grotte Étincelante,Grotte Étincelante,"Route 112, Chemin Ardent, Sentier Sinuroc","Route 112, Chemin Ardent, Sentier Sinuroc","Colline Dicarat*, échanger un Piafabec Route 2","Colline Dicarat*, échanger un Piafabec Route 2",Colline Dicarat*,Colline Dicarat*,Route Victoire et Grotte Sombre,Route Victoire et Grotte Sombre,"Route 3, Lac Milobellus Sud, Plaine Rocheuse, Siège du Géant","Route 3, Lac Milobellus Sud, Plaine Rocheuse, Siège du Géant","Route 207, Route 208, Route 210, Mont Couronné, Grotte Spacieuse, Grotte de la Prairie, Grotte du Blizzard, Caverne Ensoleillée","Route 207, Route 208, Route 210, Mont Couronné, Grotte Spacieuse, Grotte de la Prairie, Grotte du Blizzard, Caverne Ensoleillée",??,,,Zone Sauvage 8
0067,Machopeur,,Route Victoire,Route Victoire,Route Victoire,"Grotte, Mont Creuset (Niveau supérieur)","Grotte, Mont Creuset (Niveau supérieur)","Grotte, Mont Creuset (Niveau supérieur), Grotte Argentée (Matin et Jour)",Indisponible,Indisponible,Indisponible,"Caverne Azurée, Route Victoire, Mont Braise","Caverne Azurée, Route Victoire, Mont Braise","Route 210, Route 211, Route 216, Route 217, Route 225, Chenal 226, Mont Abrupt, Mont Couronné, Route Victoire","Route 210, Route 211, Route 216, Route 217, Route 225, Chenal 226, Mont Abrupt, Mont Couronné, Route Victoire","Route 210, Route 211, Route 225, Chenal 226, Mont Couronné","Mont Creuset, Grotte Falaise, Grotte Sombre, Caverne Azurée, Parc Safari","Mont Creuset, Grotte Falaise, Grotte Sombre, Caverne Azurée, Parc Safari",Indisponible,Indisponible,Indisponible,Indisponible,"Safari des Amis Combat, position 1 (1435-5917-4909)","Safari des Amis Combat, position 1 (1435-5917-4909)",Indisponible,Indisponible,Grand Canyon de Poni*,Grand Canyon de Poni*,Grand Canyon de Poni*,Grand Canyon de Poni*,Route Victoire,Route Victoire,"Lac Milobellus Sud, Expédition Dynamax","Lac Milobellus Sud, Expédition Dynamax","Route 210, Route 211, Route 216, Route 217, Route 225, Chenal 226, Rive du Lac Savoir, Mont Abrupt, Mont Couronné, Route Victoire, Grotte Spacieuse, Grotte de la Prairie, Grotte du Blizzard, Caverne Ensoleillée","Route 210, Route 211, Route 216, Route 217, Route 225, Chenal 226, Rive du Lac Savoir, Mont Abrupt, Mont Couronné, Route Victoire, Grotte Spacieuse, Grotte de la Prairie, Grotte du Blizzard, Caverne Ensoleillée",??,,,Zone Sauvage 12
0068,Mackogneur,,Indisponible,Indisponible,Échange contre un Osselait sur la Route 5,Indisponible,Indisponible,Indisponible,Indisponible,Indisponible,Indisponible,Indisponible,Indisponible,Indisponible,Indisponible,Indisponible,Indisponible,Indisponible,Indisponible,Indisponible,Indisponible,Indisponible,Indisponible,Indisponible,Indisponible,Indisponible,Faire évoluer Machopeur par échange,Faire évoluer Machopeur par échange,Faire évoluer Machopeur par échange,Faire évoluer Machopeur par échange,Faire évoluer Machopeur par échange,Faire évoluer Machopeur par échange,Miroir du Géant,Miroir du Géant,Faire évoluer Machopeur (Échange),Faire évoluer Machopeur (Échange),??,,,Zone Sauvage 20
0069,Chétiflor,,Indisponible,"Route 5, Route 6, Route 7, Route 12, Route 13, Route 14, Route 15, Route 24, Route 25","Route 12, Route 13, Route 14, Route 15, Route 24, Route 25","Route 5, Route 6, Route 24, Route 25, Route 31, Route 32, Route 44","Route 5, Route 6, Route 24, Route 25, Route 31, Route 32, Route 44","Route 24, Route 25, Route 31, Route 32, Route 36, Route 44",Indisponible,Indisponible,Indisponible,Indisponible,"Route 5, Route 6, Route 7, Route 12, Route 13, Route 14, Route 15, Route 24, Route 25, Île 2, Île 3, Île 6","Route 229, Chenal 230","Route 229, Chenal 230","Route 224, Chenal 230 (Matin et Jour)","Route 5, Route 6, Route 24, Route 25, Route 31, Route 32, Route 44, Parc Safari, Pokéwalker (Bois Bruissant)","Route 5, Route 6, Route 24, Route 25, Route 31, Route 32, Route 44, Parc Safari, Pokéwalker (Bois Bruissant)",Indisponible,Forêt Blanche (avec Enola dans la forêt),Indisponible,Indisponible,Route 14 (Horde),Route 14 (Horde),Indisponible,Indisponible,"Scanner des Îles : Vendredi, Route 5","Scanner des Îles : Vendredi, Route 5",Échange,Échange,"Hautes herbesLGE : Routes 1, 2, 12, 13, 14, 15, 21, 24 et 25, Échange","Forêt de Jade, Hautes herbesLGE : Routes 1, 2, 12, 13, 14, 15, 21, 24 et 25",Incompatible,Incompatible,"Route 229, Chenal 230, Grotte de la Prairie, Grotte du Marécage, Grotte de la Rivière, Caverne du Miroir d'Eau, Caverne Ensoleillée, Caverne du Marais Sans Fond","Route 229, Chenal 230, Grotte de la Prairie, Grotte du Marécage, Grotte de la Rivière, Caverne du Miroir d'Eau, Caverne Ensoleillée, Caverne du Marais Sans Fond",Incompatible,Coteau Pommes,Coteau Pommes,Zone Sauvage 5
0070,Boustiflor,,Indisponible,"Route 12, Route 13, Route 14, Route 15","Route 12, Route 13, Route 14, Route 15, Caverne Azurée","Route 24, Route 25, Route 44","Route 24, Route 25, Route 44",Route 44,Indisponible,Indisponible,Indisponible,Indisponible,"Route 12, Route 13, Route 14, Route 15, Île 2, Île 3, Île 6","Route 224, Route 229, Chenal 230","Route 224, Route 229, Chenal 230","Route 224, Chenal 230","Route 24, Route 25, Route 44, Parc Safari, Pokéwalker (Sylvania)","Route 24, Route 25, Route 44, Parc Safari, Pokéwalker (Sylvania)",Indisponible,Indisponible,Indisponible,Indisponible,"Route 14, Route 16, Route 19","Route 14, Route 16, Route 19",Indisponible,Indisponible,Faire évoluer Chétiflor (niveau 21),Faire évoluer Chétiflor (niveau 21),Échange,Échange,"Hautes herbesLGE : Routes 12, 13, 14, 15 et 21, Échange","Hautes herbesLGE : Routes 12, 13, 14, 15 et 21",Incompatible,Incompatible,"Route 224, Route 229, Chenal 230, Grotte de la Prairie, Grotte du Marécage, Grotte de la Rivière, Caverne du Miroir d'Eau, Caverne Ensoleillée, Caverne du Marais Sans Fond","Route 224, Route 229, Chenal 230, Grotte de la Prairie, Grotte du Marécage, Grotte de la Rivière, Caverne du Miroir d'Eau, Caverne Ensoleillée, Caverne du Marais Sans Fond",Incompatible,Rives du Confluent,Rives du Confluent,Zone Sauvage 13
0071,Empiflor,,Indisponible,Indisponible,Indisponible,Indisponible,Indisponible,Indisponible,Indisponible,Indisponible,Indisponible,Indisponible,Indisponible,Indisponible,Indisponible,Indisponible,Indisponible,Indisponible,Indisponible,Indisponible,Indisponible,Indisponible,Indisponible,Indisponible,Indisponible,Indisponible,Faire évoluer Boustiflor avec une Pierre Plante,Faire évoluer Boustiflor avec une Pierre Plante,Échange,Échange,Échange,Chenal 21 (Hautes herbes),Incompatible,Incompatible,Faire évoluer Boustiflor (Avec une Pierre Plante),Faire évoluer Boustiflor (Avec une Pierre Plante),Incompatible,Septentria (Raid 5*),Septentria (Raid 5*),Zone Sauvage 20
0072,Tentacool,,"Chenal 19, Chenal 20, Chenal 21 (Surf), Route 12, Route 13, Route 17, Route 18, Bourg Palette, Jadielle (Méga Canne)","Chenal 19, Chenal 20, Chenal 21 (Surf), Route 12, Route 13, Route 17, Route 18, Bourg Palette, Jadielle (Méga Canne)","Chenal 19, Chenal 20, Chenal 21, Îles Écume (Surf), Route 11, Route 13, Route 17, Route 18, Chenal 19, Chenal 20, Chenal 21, Bourg Palette, Carmin sur Mer, Cramois'Île (Méga Canne)","Chenal 19, Route 34, Chenal 40, Chenal 41, Ville Griotte, Irisia, Tourb'Îles (Surf), Route 12, Route 13, Chenal 19, Chenal 20, Chenal 21, Route 26, Route 27, Route 32, Bourg Geon, Oliville, Bourg Palette, Carmin sur Mer, Cramois'Île (Surf et Pêche)","Chenal 19, Route 34, Chenal 40, Chenal 41, Ville Griotte, Irisia, Tourb'Îles (Surf), Route 12, Route 13, Chenal 19, Chenal 20, Chenal 21, Route 26, Route 27, Route 32, Bourg Geon, Oliville, Bourg Palette, Carmin sur Mer, Cramois'Île (Surf et Pêche)","Chenal 19, Route 34, Chenal 40, Chenal 41, Ville Griotte, Irisia, Tourb'Îles (Surf), Route 12, Route 13, Chenal 19, Chenal 20, Chenal 21, Route 26, Route 27, Route 32, Bourg Geon, Oliville, Bourg Palette, Carmin sur Mer, Cramois'Île, Caves Jumelles (Surf et Pêche)","Quasi-totalité des routes, villes et lieux avec points d'eau (Surf, Canne, et parfois Super Canne)","Quasi-totalité des routes, villes et lieux avec points d'eau (Surf, Canne, et parfois Super Canne)","Quasi-totalité des routes, villes et lieux avec points d'eau (Surf, Canne, et parfois Super Canne)","Azuria, Bourg Palette, Île 1, Île 3, Île 4, Île 5, Île 6, Île 7, Carmin sur Mer, Route 4, Route 10, Route 11, Route 12, Route 13, Chenal 19, Chenal 20, Chenal 21, Route 24 (Surf)","Azuria, Bourg Palette, Île 1, Île 3, Île 4, Île 5, Île 6, Île 7, Carmin sur Mer, Route 4, Route 10, Route 11, Route 12, Route 13, Chenal 19, Chenal 20, Chenal 21, Route 24 (Surf)","Route 205, Route 213, Route 218, Route 219, Chenal 220, Route 221, Route 222, Joliberges, Verchamps, Rivamar, Forge Fuego, Éoliennes, Île de Fer (Surf)","Route 205, Route 213, Route 218, Route 219, Chenal 220, Route 221, Route 222, Joliberges, Verchamps, Rivamar, Forge Fuego, Éoliennes, Île de Fer (Surf)","Route 205, Route 213, Route 218, Route 219, Chenal 220, Route 221, Route 222, Joliberges, Verchamps, Rivamar, Forge Fuego, Éoliennes, Île de Fer (Surf)","Route 12, Route 13, Chenal 19, Chenal 20, Chenal 21, Route 26, Route 27, Route 32, Route 34, Chenal 40, Chenal 41, Route 47, Bourg Geon, Ville Griotte, Caves Jumelles, Oliville, Tourb'Îles, Irisia, Bourg Palette, Carmin sur Mer, Cramois'Île, Pokéwalker (Lac Bleu) (Surf et Pêche)","Route 12, Route 13, Chenal 19, Chenal 20, Chenal 21, Route 26, Route 27, Route 32, Route 34, Chenal 40, Chenal 41, Route 47, Bourg Geon, Ville Griotte, Caves Jumelles, Oliville, Tourb'Îles, Irisia, Bourg Palette, Carmin sur Mer, Cramois'Île, Pokéwalker (Lac Bleu) (Surf et Pêche)",Indisponible,Indisponible,Indisponible,Indisponible,Côtes de Kalos (Surf),Côtes de Kalos (Surf),"Route 103, Chenal 105, Chenal 106, Chenal 107, Chenal 108, Chenal 109, Route 110, Route 115, Route 118, Route 119, Route 120, Chenal 122, Chenal 124, Chenal 125, Chenal 126, Chenal 127, Chenal 128, Chenal 129, Chenal 130, Chenal 131, Chenal 132, Chenal 133, Chenal 134, Myokara, Poivressel, Nénucrique, Algatia, Éternara, Pacifiville, Lavandia Sea, Planque Aqua, Planque Magma, Caverne Fondmer, Grotte Tréfonds, Route Victoire, Atoll de Combat (Surf, Canne et Super Canne)","Route 103, Chenal 105, Chenal 106, Chenal 107, Chenal 108, Chenal 109, Route 110, Route 115, Route 118, Route 119, Route 120, Chenal 122, Chenal 124, Chenal 125, Chenal 126, Chenal 127, Chenal 128, Chenal 129, Chenal 130, Chenal 131, Chenal 132, Chenal 133, Chenal 134, Myokara, Poivressel, Nénucrique, Algatia, Éternara, Pacifiville, Lavandia Sea, Planque Aqua, Planque Magma, Caverne Fondmer, Grotte Tréfonds, Route Victoire, Atoll de Combat (Surf, Canne et Super Canne)","Sur l'eau : Routes 1, 7, 8, 14, 15, Ekaeka, Mer de Mele-Mele, Colline Clapotis*, Baie de Kala'e, Plage Hano-Hano","Sur l'eau : Routes 1, 7, 8, 14, 15, Ekaeka, Mer de Mele-Mele, Colline Clapotis*, Baie de Kala'e, Plage Hano-Hano","Sur l'eau : Routes 1, 7, 8, Ekaeka, Mer de Mele-Mele, Colline Clapotis*, Baie de Kala'e, Plage Hano-Hano","Sur l'eau : Routes 1, 7, 8, Ekaeka, Mer de Mele-Mele, Colline Clapotis*, Baie de Kala'e, Plage Hano-Hano","Sur l'eau : Routes 4, 10, 12, 13, 18, 19, 20, 21, 24 et Îles Écume","Sur l'eau : Routes 4, 10, 12, 13, 18, 19, 20, 21, 24 et Îles Écume","Surf : Plage de l'Épreuve, Plaine Salutation, Îlot Calméole, Mer Calméole, Mer Isol'Îlots, Lagune Circulaire, Mer Align'Îlots, Mer Eau-Hisse, Caverne Pugnacité","Surf : Plage de l'Épreuve, Plaine Salutation, Îlot Calméole, Mer Calméole, Mer Isol'Îlots, Lagune Circulaire, Mer Align'Îlots, Mer Eau-Hisse, Caverne Pugnacité","Surf : Route 205, Route 213, Route 218, Route 219, Chenal 220, Route 221, Route 222, Joliberges, Verchamps, Forge Fuego, Parc Éolien, Île de Fer, Grotte des Eaux Souterraines, Grotte du Marécage, Grotte de la Rivière, Caverne du Miroir d'Eau, Caverne du Marais Sans Fond","Surf : Route 205, Route 213, Route 218, Route 219, Chenal 220, Route 221, Route 222, Joliberges, Verchamps, Forge Fuego, Parc Éolien, Île de Fer, Grotte des Eaux Souterraines, Grotte du Marécage, Grotte de la Rivière, Caverne du Miroir d'Eau, Caverne du Marais Sans Fond",??,Zone Côtière,Zone Côtière,
0073,Tentacruel,,Indisponible,Indisponible,"Chenal 19, Chenal 20, Chenal 21 (Méga Canne)","Route 12, Route 13, Chenal 19, Route 32, Route 34, Chenal 40, Chenal 41, Ville Griotte, Irisia, Tourb'Îles (Surf), Chenal 20, Chenal 21, Route 26, Route 27, Bourg Geon, Oliville, Bourg Palette, Carmin sur Mer, Cramois'Île, Irisia, Caves Jumelles (Surf et Méga Canne)","Route 12, Route 13, Chenal 19, Route 32, Route 34, Chenal 40, Chenal 41, Ville Griotte, Irisia, Tourb'Îles (Surf), Chenal 20, Chenal 21, Route 26, Route 27, Bourg Geon, Oliville, Bourg Palette, Carmin sur Mer, Cramois'Île, Irisia, Caves Jumelles (Surf et Méga Canne)","Route 12, Route 13, Chenal 19, Route 32, Route 34, Chenal 40, Chenal 41, Ville Griotte, Irisia, Tourb'Îles (Surf), Chenal 20, Chenal 21, Route 26, Route 27, Bourg Geon, Oliville, Bourg Palette, Carmin sur Mer, Cramois'Île, Irisia, Caves Jumelles (Surf et Méga Canne)",Épave (Surf),Épave (Surf),Épave (Surf),"Île 1, Île 3, Grotte de Glace, Île 5, Île 6, Île 7, Route 11, Route 24 (Surf)","Île 1, Île 3, Grotte de Glace, Île 5, Île 6, Île 7, Route 11, Route 24 (Surf)","Route 205, Route 213, Route 218, Chenal 220, Route 221, Route 222, Chenal 223, Route 224, Chenal 226, Chenal 230, Verchamps, Joliberges, Rivamar, Les Éoliennes, Forge Fuego, Île de Fer (Surf)","Route 205, Route 213, Route 218, Chenal 220, Route 221, Route 222, Chenal 223, Route 224, Chenal 226, Chenal 230, Verchamps, Joliberges, Rivamar, Les Éoliennes, Forge Fuego, Île de Fer (Surf)","Route 205, Route 212, Route 213, Route 218, Route 219, Chenal 220, Route 221, Route 222, Chenal 223, Route 224, Chenal 226, Chenal 230, Verchamps, Joliberges, Rivamar, Les Éoliennes, Forge Fuego, Île de Fer (Surf)","Route 12, Route 13, Chenal 19, Chenal 20, Chenal 21, Route 26, Route 27, Route 32, Route 34, Chenal 40, Chenal 41, Route 47, Bourg Geon, Ville Griotte, Caves Jumelles, Oliville, Tourb'Îles, Irisia, Bourg Palette, Carmin sur Mer, Cramois'Île (Surf et Méga Canne)","Route 12, Route 13, Chenal 19, Chenal 20, Chenal 21, Route 26, Route 27, Route 32, Route 34, Chenal 40, Chenal 41, Route 47, Bourg Geon, Ville Griotte, Caves Jumelles, Oliville, Tourb'Îles, Irisia, Bourg Palette, Carmin sur Mer, Cramois'Île (Surf et Méga Canne)",Indisponible,Indisponible,Indisponible,Indisponible,Indisponible,Indisponible,"Chenal 124, Chenal 125, Chenal 126, Chenal 127, Chenal 128, Chenal 129, Chenal 130, Chenal 131, Chenal 132, Chenal 133, Grotte Tréfonds, Caverne Fondmer, Algatia, Route Victoire, Éternara, Atoll de Combat (Surf)","Chenal 124, Chenal 125, Chenal 126, Chenal 127, Chenal 128, Chenal 129, Chenal 130, Chenal 131, Chenal 132, Chenal 133, Grotte Tréfonds, Caverne Fondmer, Algatia, Route Victoire, Éternara, Atoll de Combat (Surf)",Sur l'eau : Prairie de Poni,Sur l'eau : Prairie de Poni,"Sur l'eau : Routes 14 et 15, Récif de Poni","Sur l'eau : Routes 14 et 15, Récif de Poni","Sur l'eau : Routes 4, 10, 12, 13, 18, 19, 20, 21, 24 et Îles Écume","Sur l'eau : Routes 4, 10, 12, 13, 18, 19, 20, 21, 24 et Îles Écume","Surf : Plage de l'Épreuve, Plaine Salutation, Îlot Calméole, Mer Calméole, Mer Isol'Îlots, Lagune Circulaire, Mer Align'Îlots, Mer Eau-Hisse, Caverne Pugnacité, Expédition Dynamax","Surf : Plage de l'Épreuve, Plaine Salutation, Îlot Calméole, Mer Calméole, Mer Isol'Îlots, Lagune Circulaire, Mer Align'Îlots, Mer Eau-Hisse, Caverne Pugnacité, Expédition Dynamax","Surf : Route 205, Route 213, Route 218, Route 219, Chenal 220, Route 221, Route 222, Chenal 223, Route 224, Chenal 226, Chenal 230, Verchamps, Joliberges, Rivamar, Parc Éolien, Forge Fuego, Île de Fer, Ligue Pokémon, Grotte des Eaux Souterraines, Grotte du Marécage, Grotte de la Rivière, Caverne du Miroir d'Eau, Caverne du Marais Sans Fond","Surf : Route 205, Route 213, Route 218, Route 219, Chenal 220, Route 221, Route 222, Chenal 223, Route 224, Chenal 226, Chenal 230, Verchamps, Joliberges, Rivamar, Parc Éolien, Forge Fuego, Île de Fer, Ligue Pokémon, Grotte des Eaux Souterraines, Grotte du Marécage, Grotte de la Rivière, Caverne du Miroir d'Eau, Caverne du Marais Sans Fond",??,Zone Côtière,Zone Côtière,
0074,Racaillou,,"Mont Sélénite, Grotte, Route Victoire","Mont Sélénite, Grotte, Route Victoire","Mont Sélénite, Grotte, Route Victoire","Route 45, Route 46, Mont Sélénite, Antre Noir, Caves Jumelles, Mont Creuset, Grotte","Route 45, Route 46, Mont Sélénite, Antre Noir, Caves Jumelles, Mont Creuset, Grotte","Route 33, Route 45, Route 46, Mont Sélénite, Antre Noir, Caves Jumelles, Mont Creuset, Grotte","Grotte Granite, Parc Safari, Route Victoire, Route 111, Route 114","Grotte Granite, Parc Safari, Route Victoire, Route 111, Route 114","Grotte Granite, Parc Safari, Route Victoire, Planque Magma, Route 111, Route 114","Mont Sélénite, Route Victoire, Caverne Azurée, Île 1, Île 7","Mont Sélénite, Route Victoire, Caverne Azurée, Île 1, Île 7","Chemin Rocheux, Entrée Charbourg, Grotte Revêche, Grotte Ruineman., Île de Fer, Mine Charbourg, Mont Couronné, Rive Lac Courage, Route 206, Route 207, Route 210, Route 211, Route 214, Route 215","Chemin Rocheux, Entrée Charbourg, Grotte Revêche, Grotte Ruineman., Île de Fer, Mine Charbourg, Mont Couronné, Rive Lac Courage, Route 206, Route 207, Route 210, Route 211, Route 214, Route 215","Chemin Rocheux, Entrée Charbourg, Grotte Revêche, Grotte Ruineman., Île de Fer, Mine Charbourg, Mont Couronné, Route 206, Route 207, Route 214","Route 45, Route 46, Ruines d'Alpha, Caves Jumelles, Mont Creuset, Antre Noir, Grotte Falaise, Mont Sélénite, Grotte Sombre, Route Victoire, Parc Safari, Pokéwalker (Chemin Pierreux, Sente du Volcan)","Route 45, Route 46, Ruines d'Alpha, Caves Jumelles, Mont Creuset, Antre Noir, Grotte Falaise, Mont Sélénite, Grotte Sombre, Route Victoire, Parc Safari, Pokéwalker (Chemin Pierreux, Sente du Volcan)",Indisponible,Indisponible,Indisponible,Indisponible,"Route 18, Grotte Coda, Route Victoire (Horde)","Route 18, Grotte Coda, Route Victoire (Horde)","Grotte Granite (RDC seul et Horde), Grotte Granite, Tunnel Mérazon (Éclate-Roc)","Grotte Granite (RDC seul et Horde), Grotte Granite, Tunnel Mérazon (Éclate-Roc)",À transférer via Banque Pokémon,À transférer via Banque Pokémon,À transférer via Banque Pokémon,À transférer via Banque Pokémon,"Mont Sélénite, Grotte Sombre, Route Victoire et Caverne Azurée","Mont Sélénite, Grotte Sombre, Route Victoire et Caverne Azurée",Incompatible,Incompatible,"Route 206, Route 207, Route 210, Route 211, Route 214, Route 215, Mine de Charbourg, Mont Couronné, Chemin Rocheux, Entrée de Charbourg, Mont Abrupt, Grotte des Égarés, Grotte du Ruinophile, Île de Fer, Rive du Lac Courage, Grotte Spacieuse, Grotte des Rochers, Grotte du Magma, Caverne du Piton, Caverne Typhlosion","Route 206, Route 207, Route 210, Route 211, Route 214, Route 215, Mine de Charbourg, Mont Couronné, Chemin Rocheux, Entrée de Charbourg, Mont Abrupt, Grotte des Égarés, Grotte du Ruinophile, Île de Fer, Rive du Lac Courage, Grotte Spacieuse, Grotte des Rochers, Grotte du Magma, Caverne du Piton, Caverne Typhlosion",??,Coteau Pomme,Coteau Pomme,
0074,Racaillou,Alola,,,,,,,,,,,,,,,,,,,,,,,,,"Route 12, Mont Ardent","Route 12, Mont Ardent",Faire reproduire Gravalanch ou Grolem,Faire reproduire Gravalanch ou Grolem,Échange au Centre Pokémon de Carmin sur Mer,Échange au Centre Pokémon de Carmin sur Mer,Incompatible,Incompatible,Incompatible,Incompatible,Incompatible,Zone Canyon,Zone Canyon,
0075,Gravalanch,,Route Victoire,Route Victoire,"Route Victoire, Caverne Azurée","Route 45, Route Victoire, Antre Noir, Mont Creuset, Grotte Argentée","Route 45, Route Victoire, Antre Noir, Mont Creuset, Grotte Argentée","Route 45, Route Victoire, Antre Noir, Mont Creuset, Grotte Argentée",Route Victoire (Eclate Roc),Route Victoire (Eclate Roc),"Planque Magma, Route Victoire*",Caverne Azurée (Éclate-Roc),Caverne Azurée (Éclate-Roc),"Route 211, Route 214, Route 216, Route 227, Route Victoire, Mont Couronné, Mont Abrupt, Île de Fer","Route 211, Route 214, Route 216, Route 227, Route Victoire, Mont Couronné, Mont Abrupt, Île de Fer","Route 211, Route 214, Route 216, Route 225, Route 227, Route Victoire, Mont Couronné, Mont Abrupt, Île de Fer, Source Adieu","Route 45, Mont Argenté, Mont Creuset, Antre Noir, Grotte Falaise, Route Victoire, Parc Safari","Route 45, Mont Argenté, Mont Creuset, Antre Noir, Grotte Falaise, Route Victoire, Parc Safari",Antre d'Entraînement,Antre d'Entraînement,Indisponible,Indisponible,"Route 18, Grotte Coda, Route Victoire (Marche et Éclate-Roc), Route Victoire (Marche, Éclate-Roc, Embuscade, Horde)","Route 18, Grotte Coda, Route Victoire (Marche et Éclate-Roc), Route Victoire (Marche, Éclate-Roc, Embuscade, Horde)","Nénucrique, Grotte Tréfonds, Mirages (Éclate-Roc)","Nénucrique, Grotte Tréfonds, Mirages (Éclate-Roc)",À transférer via Banque Pokémon,À transférer via Banque Pokémon,À transférer via Banque Pokémon,À transférer via Banque Pokémon,"Grotte Sombre, Route Victoire et Caverne Azurée","Grotte Sombre, Route Victoire et Caverne Azurée",Incompatible,Incompatible,"Route 211, Route 214, Route 216, Route 227, Route Victoire, Mont Couronné, Mont Abrupt, Île de Fer, Temple de Frimapic, Rive du Lac Courage, Grotte Spacieuse, Grotte des Rochers, Grotte du Magma, Caverne du Piton, Caverne Typhlosion","Route 211, Route 214, Route 216, Route 227, Route Victoire, Mont Couronné, Mont Abrupt, Île de Fer, Temple de Frimapic, Rive du Lac Courage, Grotte Spacieuse, Grotte des Rochers, Grotte du Magma, Caverne du Piton, Caverne Typhlosion",??,Grotte Douche Froide,Grotte Douche Froide,
0075,Gravalanch,Alola,,,,,,,,,,,,,,,,,,,,,,,,,"Route 17*, Échange interne, Village Toko*","Route 17*, Échange interne, Village Toko*","Routes 12 et 17, Mont Ardent","Routes 12 et 17, Mont Ardent",Faire évoluer Racaillou d'Alola (niveau 25),Faire évoluer Racaillou d'Alola (niveau 25),Incompatible,Incompatible,Incompatible,Incompatible,Incompatible,Zone Canyon,Zone Canyon,
0076,Grolem,,Indisponible,Indisponible,Indisponible,Indisponible,Indisponible,Indisponible,Indisponible,Indisponible,Indisponible,Indisponible,Indisponible,Indisponible,Indisponible,Indisponible,Indisponible,Indisponible,Indisponible,Indisponible,Indisponible,Indisponible,Indisponible,Indisponible,Indisponible,Indisponible,À transférer via Banque Pokémon,À transférer via Banque Pokémon,À transférer via Banque Pokémon,À transférer via Banque Pokémon,Faire évoluer Gravalanch par Échange,Faire évoluer Gravalanch par Échange,Incompatible,Incompatible,Faire évoluer Gravalanch (Échange),Faire évoluer Gravalanch (Échange),??,Septentria (Raid 5 et 6*),Septentria (Raid 5 et 6*),
0076,Grolem,Alola,,,,,,,,,,,,,,,,,,,,,,,,,Faire évoluer Gravalanch d'Alola par Échange,Faire évoluer Gravalanch d'Alola par Échange,Faire évoluer Gravalanch d'Alola par Échange,Faire évoluer Gravalanch d'Alola par Échange,Faire évoluer Gravalanch d'Alola par Échange,Faire évoluer Gravalanch d'Alola par Échange,Incompatible,Incompatible,Incompatible,Incompatible,Incompatible,Terra-Dôme (Raid 6*),Terra-Dôme (Raid 6*),
0077,Ponyta,,Manoir Pokémon,Manoir Pokémon,Route 17,"Route 22, Route 26, Route 27, Route 28, Mont Argenté","Route 22, Route 26, Route 27, Route 28, Mont Argenté","Route 22, Route 26, Route 27, Route 28, Mont Argenté (Matin et Jour)",Indisponible,Indisponible,Indisponible,"Route Tison, Mont Braise","Route Tison, Mont Braise","Route 206, Route 210, Route 211, Route 214, Route 215","Route 206, Route 210, Route 211, Route 214, Route 215","Route 206, Route 207, Route 210","Route 22, Route 26, Route 27, Route 28, Mont Argenté, Parc Safari, Pokéwalker (Chemin Pierreux, Sente du Volcan)","Route 22, Route 26, Route 27, Route 28, Mont Argenté, Parc Safari, Pokéwalker (Chemin Pierreux, Sente du Volcan)",Indisponible,Indisponible,Indisponible,Indisponible,"Safari des Amis Feu, position 1 (1566-2154-0841)","Safari des Amis Feu, position 1 (1566-2154-0841)","Route 112, Sentier Sinuroc (Navi-Dex)","Route 112, Sentier Sinuroc (Navi-Dex)",À transférer via Banque Pokémon,À transférer via Banque Pokémon,À transférer via Banque Pokémon,À transférer via Banque Pokémon,Route 17 (Hautes herbes),Route 17 (Hautes herbes),Échange,Échange contre un Ponyta de Galar à Régiona,"Route 206, Route 210, Route 211, Route 214, Route 215, Grotte du Magma, Grotte des Sables Ardents, Caverne Typhlosion","Route 206, Route 210, Route 211, Route 214, Route 215, Grotte du Magma, Grotte des Sables Ardents, Caverne Typhlosion",??,,,
0077,Ponyta,Galar,,,,,,,,,,,,,,,,,,,,,,,,,,,,,,,Échange,"Forêt de Lumirinth, Cimetière Ancien",Incompatible,Incompatible,Incompatible,,,
0078,Galopa,,Indisponible,Indisponible,Indisponible,"Route 28, Mont Argenté, Échange interne contre un Ortide à Argenta","Route 28, Mont Argenté, Échange interne contre un Ortide à Argenta","Route 28, Mont Argenté (Matin et Jour)",Indisponible,Indisponible,Indisponible,"Route Tison, Mont Braise","Route Tison, Mont Braise",Indisponible,Indisponible,Indisponible,"Route 28, Mont Argenté","Route 28, Mont Argenté",Route 12,Route 12,Indisponible,Indisponible,Indisponible,Indisponible,Indisponible,Indisponible,À transférer via Banque Pokémon,À transférer via Banque Pokémon,À transférer via Banque Pokémon,À transférer via Banque Pokémon,Route 17 (Hautes herbes),Route 17 (Hautes herbes),Échange,Faire évoluer Ponyta (Niveau 40),Faire évoluer Ponyta (Niveau 40),Faire évoluer Ponyta (Niveau 40),??,,,
0078,Galopa,Galar,,,,,,,,,,,,,,,,,,,,,,,,,,,,,,,Échange,Cimetière Ancien,Incompatible,Incompatible,Incompatible,,,
0079,Ramoloss,,"Route 10, Céladopole, Parc Safari (Méga Canne),Îles Écume","Route 10, Céladopole, Parc Safari (Méga Canne), Îles Écume","Route 12, Route 13 (Surf), Îles Écume","Puits Ramoloss, Chutes Tohjo (Marche et Surf)","Puits Ramoloss, Chutes Tohjo (Marche et Surf)","Puits Ramoloss, Chutes Tohjo (Marche et Surf)",Indisponible,Indisponible,Indisponible,Indisponible,"Quasi-totalité des routes, villes et lieux avec un point d'eau (Méga Canne), Plage Trésor, Route Tison, Pont du Lien, Pré de l'Île 5, Vallée Ruine, Agualcanal, Grotte de Glace, Îles Écume, Entrée Canyon (Marche/Hautes Herbes)",Indisponible,Route 205 (Poké Radar),Route 205 (Poké Radar),"Puits Ramoloss, Chutes Tohjo, Parc Safari, Pokéwalker (Jolie Plage)","Puits Ramoloss, Chutes Tohjo, Parc Safari, Pokéwalker (Jolie Plage)",Autel Abondance (Surf),Autel Abondance (Surf),"Autel Abondance (Surf, Troupeau)","Autel Abondance (Surf, Troupeau)","Route 12, Baie Azur, Baie Azur (Horde)","Route 12, Baie Azur, Baie Azur (Horde)","Grotte Mirage (Nord d'Autéquia, Sud du Chenal 131)","Grotte Mirage (Nord d'Autéquia, Sud du Chenal 131)","Routes 15 et 16, Abords d'Ekaeka, Baie de Kala'e","Routes 15 et 16, Abords d'Ekaeka, Baie de Kala'e","Routes 15 et 16, Abords d'Ekaeka, Baie de Kala'e","Routes 15 et 16, Abords d'Ekaeka, Baie de Kala'e",Îles Écume,Îles Écume,"Récompense de la Quête des Taupiqueur d'Alola, après avoir retrouvé 10 Taupiqueur d'Alola","Récompense de la Quête des Taupiqueur d'Alola, après avoir retrouvé 10 Taupiqueur d'Alola",Échange,"Route 205 (Poké Radar), Grotte Spacieuse, Grotte de la Prairie, Grotte des Eaux Souterraines, Grotte Éblouissante, Grotte de la Rivière, Caverne du Miroir d'Eau, Caverne Ensoleillée, Caverne de la Nuit Étoilée",Incompatible,Zone Est 1,Zone Est 1,Zone Sauvage 10
0079,Ramoloss,Galar,,,,,,,,,,,,,,,,,,,,,,,,,,,,,,,Plaine Salutation,Plaine Salutation,Incompatible,Incompatible,Incompatible,Zone Côtière,Zone Côtière,Hyperspace Lumiose
0080,Flagadoss,,"Route 23, Caverne Azurée (Méga Canne), Îles Écume","Route 23, Caverne Azurée (Méga Canne), Îles Écume","Route 12, Route 13 (Surf), Îles Écume",Puits Ramoloss (Surf Sous-Sol 2),Puits Ramoloss (Surf Sous-Sol 2),Puits Ramoloss (Surf Sous-Sol 2),Indisponible,Indisponible,Indisponible,Indisponible,"Bois Baies, Caverne Azurée (Surf), Cap Falaise, Îles Écume",Indisponible,Indisponible,Indisponible,"Puits Ramoloss (Sous-Sol 2), Îles Écume (Surf)","Puits Ramoloss (Sous-Sol 2), Îles Écume (Surf)",Autel Abondance (Surf tourbillon),Autel Abondance (Surf tourbillon),Indisponible,Indisponible,Indisponible,Indisponible,Indisponible,Indisponible,Intrusion* (Ramoloss*),Intrusion* (Ramoloss*),Intrusion* (Ramoloss*),Intrusion* (Ramoloss*),Îles Écume,Îles Écume,Expédition Dynamax,Expédition Dynamax,Échange,Faire évoluer Ramoloss (Niveau 37),Incompatible,Zone Ouest 2,Zone Ouest 2,Zone Sauvage 11
0080,Flagadoss,Galar,,,,,,,,,,,,,,,,,,,,,,,,,,,,,,,Faire évoluer Ramoloss de Galar en lui donnant un Bracelet Galanoa,Faire évoluer Ramoloss de Galar en lui donnant un Bracelet Galanoa,Incompatible,Incompatible,Incompatible,Terra-Dôme (Raid 6*),Terra-Dôme (Raid 6*),Hyperspace Lumiose
0081,Magnéti,,Centrale,Centrale,"Route 10, Centrale","Route 6, Route 11, Route 38, Route 39","Route 6, Route 11, Route 38, Route 39","Route 6, Route 11, Route 38, Route 39",New Lavandia,New Lavandia,New Lavandia,Centrale,Centrale,Forge Fuego (Poké Radar),Forge Fuego (Poké Radar),Forge Fuego,"Route 6, Route 11, Route 38, Route 39, Parc Safari, Pokéwalker (Coin Résidentiel)","Route 6, Route 11, Route 38, Route 39, Parc Safari, Pokéwalker (Coin Résidentiel)",Indisponible,Forêt Blanche (avec Noémie dans la forêt),Z.I. d'Ondes-sur-Mer,Z.I. d'Ondes-sur-Mer,Indisponible,Indisponible,"New Lavandia, Route 110, New Lavandia (Horde)","New Lavandia, Route 110, New Lavandia (Horde)","Ekaeka, Abords d'Ekaeka*, Cap Passiloin","Ekaeka, Abords d'Ekaeka*, Cap Passiloin","Ekaeka, Abords d'Ekaeka*, Cap Passiloin","Ekaeka, Abords d'Ekaeka*, Cap Passiloin",Centrale abandonnée,Centrale abandonnée,Plage de l'Épreuve,Plage de l'Épreuve,"Forge Fuego (troupeau), Grotte Spacieuse, Grotte du Blizzard, Grotte des Stalactites, Caverne du Glacier","Forge Fuego (troupeau), Grotte Spacieuse, Grotte du Blizzard, Grotte des Stalactites, Caverne du Glacier",??,Zone Est 2,Zone Est 2,
0082,Magnéton,,"Centrale, Caverne Azurée","Centrale, Caverne Azurée",Centrale,Indisponible,Indisponible,Échange interne contre un Triopikeur à la Centrale,New Lavandia,New Lavandia,New Lavandia,Centrale,Centrale,Indisponible,Indisponible,"Route 222, Route Victoire, Faire évoluer Magnéti au N.30","Caverne Azurée, Parc Safari","Caverne Azurée, Parc Safari",Indisponible,Indisponible,"Labo P2, Trouée Cachée (Route 9)","Labo P2, Trouée Cachée (Route 9)",Hôtel Désolation,Hôtel Désolation,Indisponible,Indisponible,Faire évoluer Magnéti (niveau 30),Faire évoluer Magnéti (niveau 30),Faire évoluer Magnéti (niveau 30),Faire évoluer Magnéti (niveau 30),Centrale abandonnée,Centrale abandonnée,"Route de l'Épreuve, Plaine des Efforts, Expédition Dynamax","Route de l'Épreuve, Plaine des Efforts, Expédition Dynamax",Faire évoluer Magnéti (Niveau 30),Faire évoluer Magnéti (Niveau 30),??,Mont Nappé,Mont Nappé,
0083,Canarticho,,Échange contre un Piafabec à Carmin sur Mer,Échange contre un Piafabec à Carmin sur Mer,"Route 12, Route 13","Route 38, Route 39 (Matin et Jour)","Route 38, Route 39 (Matin et Jour)",Route 43 (Matin et Jour),Indisponible,Indisponible,Indisponible,Échange contre un Piafabec à Carmin sur Mer,Échange contre un Piafabec à Carmin sur Mer,Route 221 (Essaim),Route 221 (Essaim),Route 221 (Essaim),"Route 38, Route 39, Route 47, Route 48, Parc Safari (Matin et Jour)","Route 38, Route 39, Route 47, Route 48, Parc Safari (Matin et Jour)",Route 1 (Troupeau),Route 1 (Troupeau),Route 1 (Troupeau),Route 1 (Troupeau),"Route 22, Échange interne contre un Sapereau à Neuvartault","Route 22, Échange interne contre un Sapereau à Neuvartault",Indisponible,Indisponible,À transférer via Banque Pokémon,À transférer via Banque Pokémon,À transférer via Banque Pokémon,À transférer via Banque Pokémon,Hautes herbes : Routes 12 et 13,Hautes herbes : Routes 12 et 13,Échange contre un Canarticho de Galar à Régiona,Échange,"Route 221 (troupeau), Grotte Spacieuse, Grotte de la Prairie, Grotte des Eaux Souterraines, Caverne Ensoleillée","Route 221 (troupeau), Grotte Spacieuse, Grotte de la Prairie, Grotte des Eaux Souterraines, Caverne Ensoleillée",Incompatible,,,Hyperspace Lumiose
0083,Canarticho,Galar,,,,,,,,,,,,,,,,,,,,,,,,,,,,,,,"Route 5, Miroir du Géant",Échange,Incompatible,Incompatible,Incompatible,,,Hyperspace Lumiose
0084,Doduo,Mâle,"Route 16, Route 17, Route 18, Parc Safari","Route 16, Route 17, Route 18, Parc Safari","Route 16, Route 17, Route 18","Route 22, Route 26, Route 27, Route 28, Mont Argenté (Matin et Jour)","Route 22, Route 26, Route 27, Route 28, Mont Argenté (Matin et Jour)","Route 22, Route 26, Route 27, Route 28, Mont Argenté (Matin et Jour)",Parc Safari,Parc Safari,Parc Safari,"Route 16, Route 17, Route 18, Parc Safari","Route 16, Route 17, Route 18, Parc Safari",Route 201 (Essaim),Route 201 (Essaim),Route 201 (Essaim),"Route 22, Route 27, Route 28, Mont Argenté, Parc Safari, Pokéwalker (Plaine Sereine) (Matin et Jour), Route 26","Route 22, Route 27, Route 28, Mont Argenté, Parc Safari, Pokéwalker (Plaine Sereine) (Matin et Jour), Route 26",Route 12 (Troupeau),Route 12 (Troupeau),Route 12 (Troupeau),Route 12 (Troupeau),Route 5,Route 5,Parc Safari (Hautes herbes et Horde),Parc Safari (Hautes herbes et Horde),À transférer via Banque Pokémon,À transférer via Banque Pokémon,À transférer via Banque Pokémon,À transférer via Banque Pokémon,"Hautes herbes : Routes 16, 17 et 18","Hautes herbes : Routes 16, 17 et 18",Incompatible,Incompatible,"Route 201 (troupeau), Grotte Spacieuse, Grotte de la Prairie, Caverne Ensoleillée","Route 201 (troupeau), Grotte Spacieuse, Grotte de la Prairie, Caverne Ensoleillée",Incompatible,Zone Savane,Zone Savane,
0084,Doduo,Femelle,,,,,,,,,,,,Route 201 (Essaim),Route 201 (Essaim),Route 201 (Essaim),"Route 22, Route 26*, Route 27, Route 28, Mont Argenté, Parc Safari, Pokéwalker* (Matin et Jour)","Route 22, Route 26*, Route 27, Route 28, Mont Argenté, Parc Safari, Pokéwalker* (Matin et Jour)",Route 12 (Troupeau),Route 12 (Troupeau),Route 12 (Troupeau),Route 12 (Troupeau),Route 5,Route 5,Parc Safari (Hautes herbes et Horde),Parc Safari (Hautes herbes et Horde),À transférer via Banque Pokémon,À transférer via Banque Pokémon,À transférer via Banque Pokémon,À transférer via Banque Pokémon,"Hautes herbes : Routes 16, 17 et 18","Hautes herbes : Routes 16, 17 et 18",Incompatible,Incompatible,"Route 201 (troupeau), Grotte Spacieuse, Grotte de la Prairie, Caverne Ensoleillée","Route 201 (troupeau), Grotte Spacieuse, Grotte de la Prairie, Caverne Ensoleillée",Incompatible,Zone Savane,Zone Savane,
0085,Dodrio,Mâle,Caverne Azurée,Caverne Azurée,Route 17,"Route 26, Route 28, Mont Argenté (Matin et Jour)","Route 27, Route 28, Mont Argenté (Matin et Jour)","Route 27, Route 28, Mont Argenté (Matin et Jour), Échange interne contre un Draco femelle à Ébènelle",Parc Safari,Parc Safari,Parc Safari,Indisponible,Indisponible,Indisponible,Indisponible,Indisponible,"Route 26, Route 28, Mont Argenté, Parc Safari (Matin et Jour)","Route 27, Route 28, Mont Argenté, Parc Safari (Matin et Jour)",Indisponible,Indisponible,Indisponible,Indisponible,Indisponible,Indisponible,Indisponible,Indisponible,À transférer via Banque Pokémon,À transférer via Banque Pokémon,À transférer via Banque Pokémon,À transférer via Banque Pokémon,"Hautes herbes : Routes 16, 17 et 18","Hautes herbes : Routes 16, 17 et 18",Incompatible,Incompatible,Faire évoluer Doduo (Niveau 31),Faire évoluer Doduo (Niveau 31),Incompatible,Zone Savane,Zone Savane,
0085,Dodrio,Femelle,,,,,,,,,,,,Indisponible,Indisponible,Indisponible,"Route 26, Route 28, Mont Argenté, Parc Safari (Matin et Jour)","Route 27, Route 28, Mont Argenté, Parc Safari (Matin et Jour)",Indisponible,Indisponible,Indisponible,Indisponible,Indisponible,Indisponible,Indisponible,Indisponible,À transférer via Banque Pokémon,À transférer via Banque Pokémon,À transférer via Banque Pokémon,À transférer via Banque Pokémon,"Hautes herbes : Routes 16, 17 et 18","Hautes herbes : Routes 16, 17 et 18",Incompatible,Incompatible,Faire évoluer Doduo (Niveau 31),Faire évoluer Doduo (Niveau 31),Incompatible,Zone Savane,Zone Savane,
0086,Otaria,,"Îles Écume, Échange contre un Ponyta à Cramois'Île","Îles Écume, Échange contre un Ponyta à Cramois'Île",Îles Écume,Tourb'Îles,Tourb'Îles,Tourb'Îles (Matin et Jour),Indisponible,Indisponible,Indisponible,Îles Écume,Îles Écume,"Chenal 226, Chenal 230 (Surf), Reproduction de Lamantine",Indisponible,Indisponible,"Route 47, Tourb'Îles, Îles Écume, Pokéwalker (Plage Orageuse) (Marche et/ou Surf)","Route 47, Tourb'Îles, Îles Écume, Pokéwalker (Plage Orageuse) (Marche et/ou Surf)",Grotte Cyclopéenne (Surf),Grotte Cyclopéenne (Surf),"Grotte Cyclopéenne, Grotte Littorale (Surf)","Grotte Cyclopéenne, Grotte Littorale (Surf)",Indisponible,Indisponible,Chenal 125 (Navi-Dex),Chenal 125 (Navi-Dex),Échange,Échange,Grotte Verlamer,Grotte Verlamer,Îles Écume,Îles Écume,Incompatible,Incompatible,"Grotte des Eaux Souterraines, Grotte du Blizzard, Grotte des Stalactites, Caverne du GlacierDE Surf : Chenal 226, Chenal 230",Échange,Incompatible,Zone Polaire,Zone Polaire,
0087,Lamantine,,Îles Écume,Îles Écume,"Îles Écume, Échange contre un Caninos à Cramois'Île",Indisponible,Indisponible,Indisponible,Indisponible,Indisponible,Indisponible,Indisponible,Indisponible,"Chenal 226, Chenal 230",Indisponible,Route Victoire,Îles Écume,Îles Écume,Grotte Cyclopéenne (Surf tourbillon),Grotte Cyclopéenne (Surf tourbillon),"Grotte Cyclopéenne, Grotte Littorale (Surf tourbillon)","Grotte Cyclopéenne, Grotte Littorale (Surf tourbillon)",Indisponible,Indisponible,Grotte Tréfonds (Navi-Dex),Grotte Tréfonds (Navi-Dex),Échange,Échange,Faire évoluer Otaria (niveau 34),Faire évoluer Otaria (niveau 34),Îles Écume,Îles Écume,Incompatible,Incompatible,"Grotte des Eaux Souterraines, Grotte du Blizzard, Grotte des Stalactites, Caverne du GlacierDE Surf : Chenal 226, Chenal 230",Échange,Incompatible,Zone Polaire,Zone Polaire,
0088,Tadmorv,,Manoir Pokémon,Manoir Pokémon,"Manoir Pokémon, Centrale","Route 16, Route 17, Route 18, Céladopole (Surf)","Route 16, Route 17, Route 18, Céladopole (Surf)","Route 16, Route 17, Route 18, Céladopole (Surf)",Chemin Ardent,Chemin Ardent,Chemin Ardent,"Céladopole (Méga Canne*), Manoir Pokémon","Céladopole (Méga Canne), Manoir Pokémon",Route 212 (Poké Radar),Route 212 (Poké Radar),Route 212 (Poké Radar),"Route 16, Route 17, Route 18, Céladopole, Parc Safari, Pokéwalker*","Route 16, Route 17, Route 18, Céladopole, Parc Safari, Pokéwalker*",Indisponible,Indisponible,Égouts de Volucité,Égouts de Volucité,Indisponible,Indisponible,Chemin Ardent (Marche et HordeSA),Chemin Ardent (Marche et HordeSA),À transférer via Banque Pokémon,À transférer via Banque Pokémon,À transférer via Banque Pokémon,À transférer via Banque Pokémon,"LGP : Manoir Pokémon et Centrale abandonnée, LGE : Échange","LGP : Manoir Pokémon et Centrale abandonnée, LGE : Échange",Incompatible,Incompatible,"Route 212 (Partie Sud) (Poké Radar), Grotte du Marécage, Grotte Éblouissante, Caverne de la Nuit Étoilée, Caverne du Marais Sans Fond","Route 212 (Partie Sud) (Poké Radar), Grotte du Marécage, Grotte Éblouissante, Caverne de la Nuit Étoilée, Caverne du Marais Sans Fond",Incompatible,Zone Est 2,Zone Est 2,
0088,Tadmorv,Alola,,,,,,,,,,,,,,,,,,,,,,,,,"Ekaeka, Abords d'Ekaeka*, Cap Passiloin","Ekaeka, Abords d'Ekaeka*, Cap Passiloin","Ekaeka, Abords d'Ekaeka*, Cap Passiloin","Ekaeka, Abords d'Ekaeka*, Cap Passiloin",Échange au Centre Pokémon de Cramois'Île,Échange,Incompatible,Incompatible,Incompatible,Incompatible,Incompatible,Zone Côtière,Zone Côtière,
0089,Grotadmorv,,Manoir Pokémon,Manoir Pokémon,"Manoir Pokémon, Centrale, Échange contre un Kangourex à Cramois'Île","Route 16, Route 17, Route 18, Céladopole (Surf)","Route 16, Route 17, Route 18, Céladopole (Surf)","Route 16, Route 17, Route 18, Céladopole (Surf)",Indisponible,Indisponible,Indisponible,Indisponible,Manoir Pokémon,Indisponible,Indisponible,Indisponible,"Route 16, Route 17, Route 18, Céladopole, Parc Safari","Route 16, Route 17, Route 18, Céladopole, Parc Safari",Indisponible,Indisponible,"Égouts de Volucité (Surf Tourbillon, Pêche Tourbillon), Route 9","Égouts de Volucité (Surf Tourbillon, Pêche Tourbillon), Route 9",Indisponible,Indisponible,Indisponible,Indisponible,À transférer via Banque Pokémon,À transférer via Banque Pokémon,À transférer via Banque Pokémon,À transférer via Banque Pokémon,"LGP : Manoir Pokémon et Centrale abandonnée, LGE : Échange","LGP : Manoir Pokémon et Centrale abandonnée, LGE : Échange",Incompatible,Incompatible,Faire évoluer Tadmorv (Niveau 38),Faire évoluer Tadmorv (Niveau 38),Incompatible,Paldea (Raid 4*),Paldea (Raid 4*),
0089,Grotadmorv,Alola,,,,,,,,,,,,,,,,,,,,,,,,,Faire évoluer Tadmorv d'Alola (niveau 38),Faire évoluer Tadmorv d'Alola (niveau 38),Faire évoluer Tadmorv d'Alola (niveau 38),Faire évoluer Tadmorv d'Alola (niveau 38),Faire évoluer Tadmorv d'Alola (niveau 38),Échange,Incompatible,Incompatible,Incompatible,Incompatible,Incompatible,Zone Côtière,Zone Côtière,
0090,Kokiyas,,"Route 6, Route 11, Chenal 19, Chenal 20, Chenal 21, Carmin sur Mer, Cramois'Île, Îles Écume (Méga Canne)","Route 6, Route 11, Chenal 19, Chenal 20, Chenal 21, Carmin sur Mer, Cramois'Île, Îles Écume (Méga Canne)","Route 17, Route 18, Carmin sur Mer* (Méga Canne)","Chenal 20, Chenal 21, Route 26, Route 27, Bourg Geon, port d'Oliville, Bourg Palette, Carmin sur Mer, Cramois'Île, Caves Jumelles (Super Canne et Méga Canne)","Chenal 20, Chenal 21, Route 26, Route 27, Bourg Geon, port d'Oliville, Bourg Palette, Carmin sur Mer, Cramois'Île, Caves Jumelles (Super Canne et Méga Canne)","Chenal 20, Chenal 21, Route 26, Route 27, Bourg Geon, port d'Oliville, Bourg Palette, Carmin sur Mer, Cramois'Île, Caves Jumelles (Super Canne et Méga Canne)",Indisponible,Indisponible,Indisponible,"Bourg Palette, Carmin sur Mer, Cramois'Île, Île 1, Île 4, Île 5",Indisponible,"Route 205, Les Éoliennes, Forge Fuego (Méga Canne)","Route 205, Les Éoliennes, Forge Fuego (Méga Canne)","Route 205, Les Éoliennes, Forge Fuego (Méga Canne)","Chenal 20, Chenal 21, Route 26, Route 27, Route 41, Route 47, Carmin sur Mer, Cramois'Île, Bourg Palette, Bourg Geon, Pokéwalker (Lac Bleu) (Super Canne et Méga Canne)","Chenal 20, Chenal 21, Route 26, Route 27, Route 41, Route 47, Carmin sur Mer, Cramois'Île, Bourg Palette, Bourg Geon, Pokéwalker (Lac Bleu) (Super Canne et Méga Canne)","Route 13, Vaguelone, Baie Vaguelone (Pêche)","Route 13, Vaguelone, Baie Vaguelone (Pêche)","Route 13, Vaguelone, Grotte Littorale, Papeloa (Pêche)","Route 13, Vaguelone, Grotte Littorale, Papeloa (Pêche)",Indisponible,Route 8 (Super Canne),Indisponible,Indisponible,Baie de Kala'e (Canne à Pêche*),Baie de Kala'e (Canne à Pêche*),Baie de Kala'e (Canne à Pêche*),Baie de Kala'e (Canne à Pêche*),Îles Écume (sur l'eau),Îles Écume (sur l'eau),"Canne à Pêche : Lac Coupenotte Est, Siège du Géant, Caverne Pugnacité, Lagune Circulaire Surf : Lac Coupenotte Est, Lac Coupenotte Ouest","Canne à Pêche : Lac Coupenotte Est, Siège du Géant, Caverne Pugnacité, Lagune Circulaire Surf : Lac Coupenotte Est, Lac Coupenotte Ouest","Grotte des Eaux Souterraines, Grotte de la Rivière, Caverne du Miroir d'Eau Méga Canne : Route 205, Parc Éolien, Forge Fuego","Grotte des Eaux Souterraines, Grotte de la Rivière, Caverne du Miroir d'Eau Méga Canne : Route 205, Parc Éolien, Forge Fuego",Incompatible,Zone Ouest 1,Zone Ouest 1,
0091,Crustabri,,Indisponible,Indisponible,Indisponible,Indisponible,Indisponible,Indisponible,Indisponible,Indisponible,Indisponible,Indisponible,Indisponible,Indisponible,Indisponible,Indisponible,Indisponible,Indisponible,"Route 13, Vaguelone, Baie Vaguelone (Pêche tourbillon)","Route 13, Vaguelone, Baie Vaguelone (Pêche tourbillon)","Route 13, Vaguelone, Grotte Littorale, Papeloa (Pêche tourbillon)","Route 13, Vaguelone, Grotte Littorale, Papeloa (Pêche tourbillon)",Indisponible,Route 8 (Méga Canne),Indisponible,Indisponible,Faire évoluer Kokiyas avec une Pierre Eau,Faire évoluer Kokiyas avec une Pierre Eau,Faire évoluer Kokiyas avec une Pierre Eau,Faire évoluer Kokiyas avec une Pierre Eau,Îles Écume (sur l'eau),Îles Écume (sur l'eau),"Canne à Pêche : Siège du Géant, Caverne Pugnacité, Lagune Circulaire Surf : Lac Coupenotte Est, Lac Coupenotte Ouest","Canne à Pêche : Siège du Géant, Caverne Pugnacité, Lagune Circulaire Surf : Lac Coupenotte Est, Lac Coupenotte Ouest",Faire évoluer Kokiyas (Avec une Pierre Eau),Faire évoluer Kokiyas (Avec une Pierre Eau),Incompatible,Zone Nord 1,Zone Nord 1,
0092,Fantominus,,Tour Pokémon,Tour Pokémon,Tour Pokémon,"Tour Chétiflor, Tour Ferraille (Nuit)","Tour Chétiflor, Tour Ferraille (Nuit)","Route 31, Route 32, Route 36, Tour Chétiflor, Tour Ferraille (Nuit)",Indisponible,Indisponible,Indisponible,"Tour Pokémon, Grotte Perdue","Tour Pokémon, Grotte Perdue","Route 209 (Nuit), Vieux Château, Tour Perdue","Route 209 (Nuit), Vieux Château, Tour Perdue","Vieux Château, Tour Perdue, Grotte Retour","Tour Chétiflor, Tour Carillon, Parc Safari, Pokéwalker (Caverne Sombre, Grotte Terreur) (Nuit)","Tour Chétiflor, Tour Carillon, Parc Safari, Pokéwalker (Caverne Sombre, Grotte Terreur) (Nuit)",Indisponible,Forêt Blanche (avec Loïc dans la forêt),Indisponible,Indisponible,Indisponible,Indisponible,Indisponible,Indisponible,"Cimetière d'Ekaeka, Colline Memento","Cimetière d'Ekaeka, Colline Memento","Cimetière d'Ekaeka, Colline Memento, École des Dresseurs (énigme à résoudre)","Cimetière d'Ekaeka, Colline Memento, École des Dresseurs (énigme à résoudre)",Tour Pokémon*,Tour Pokémon*,"Tour en ruines, Lac Milobellus Nord, Plateau de Kickenham, Siège du Géant","Tour en ruines, Lac Milobellus Nord, Plateau de Kickenham, Siège du Géant","Route 209 (Nuit), Vieux Château, Tour Perdue, Grotte Éblouissante, Caverne de la Nuit Étoilée","Route 209 (Nuit), Vieux Château, Tour Perdue, Grotte Éblouissante, Caverne de la Nuit Étoilée",??,Désert Rôtissable,Désert Rôtissable,Zone Sauvage 4
0093,Spectrum,,Tour Pokémon*,Tour Pokémon*,Tour Pokémon,Route 8 (Nuit),Route 8 (Nuit),"Grotte, Route 8 (Nuit)",Indisponible,Indisponible,Indisponible,"Tour Pokémon, Grotte Perdue","Tour Pokémon, Grotte Perdue","Vieux Château (Insertion), Grotte Retour, Échange contre un Charmina à Frimapic","Vieux Château (Insertion), Grotte Retour, Échange contre un Charmina à Frimapic","Vieux Château (Insertion), Grotte Retour, Échange contre un Charmina à Frimapic","Route 8, Parc Safari, Pokéwalker (Lac Brumeux)","Route 8, Parc Safari, Pokéwalker (Lac Brumeux)",Indisponible,Indisponible,Indisponible,Indisponible,"Route 14, Route 19, Caverne Gelée, Route Victoire","Route 14, Route 19, Caverne Gelée, Route Victoire",Indisponible,Indisponible,Ancien site Bradley Prix,Ancien site Bradley Prix,Ancien site Bradley Prix,Ancien site Bradley Prix,Tour Pokémon*,Tour Pokémon*,"Route 8, Siège du Géant, Plaine Verdoyante, Tour en ruines, Expédition Dynamax","Route 8, Siège du Géant, Plaine Verdoyante, Tour en ruines, Expédition Dynamax",Grotte du Retour,Grotte du Retour,??,Levalendura,Levalendura,Magenta Sector 1
0094,Ectoplasma,,Indisponible,Indisponible,Indisponible,Indisponible,Indisponible,Indisponible,Indisponible,Indisponible,Indisponible,Indisponible,Indisponible,Indisponible,Indisponible,Indisponible,Indisponible,Indisponible,Indisponible,Indisponible,Indisponible,Indisponible,Indisponible,Indisponible,Indisponible,Indisponible,Intrusion* (Spectrum*),Intrusion* (Spectrum*),Intrusion* (Spectrum*),Intrusion* (Spectrum*),Faire évoluer Spectrum par Échange,Faire évoluer Spectrum par Échange,Coiffe du Géant,Coiffe du Géant,Faire évoluer Spectrum (Échange),Faire évoluer Spectrum (Échange),??,Rives du Confluent,Rives du Confluent,Zone Sauvage 20
0095,Onix,,"Grotte, Route Victoire","Grotte, Route Victoire","Grotte, Route Victoire","Grotte, Route Victoire, Caves Jumelles, Grotte Argentée, Échange interne contre un Chétiflor à Mauville","Grotte, Route Victoire, Caves Jumelles, Grotte Argentée, Échange interne contre un Chétiflor à Mauville","Grotte, Route Victoire, Caves Jumelles, Grotte Argentée, Échange interne contre un Chétiflor à Mauville",Indisponible,Indisponible,Indisponible,"Grotte, Route Victoire, Canyon Sesor","Grotte, Route Victoire, Canyon Sesor","Temple Frimapic, Mine Charbourg, Route Victoire, Île de Fer*, Mont Abrupt","Temple Frimapic, Mine Charbourg, Route Victoire, Île de Fer*, Mont Abrupt","Temple Frimapic, Mine Charbourg, Route Victoire, Île de Fer*, Mont Abrupt","Caves Jumelles, Grotte Sombre, Route Victoire, Grotte Falaise, Grotte Argentée, Pokéwalker (Chemin Pierreux, Caverne Sombre), Échange contre un Chétiflor à Mauville","Caves Jumelles, Grotte Sombre, Route Victoire, Grotte Falaise, Grotte Argentée, Pokéwalker (Chemin Pierreux, Caverne Sombre), Échange contre un Chétiflor à Mauville",Château Enfoui,Château Enfoui,"Château Enfoui, Route Bardane, Mont Foré, Route Victoire","Château Enfoui, Route Bardane, Mont Foré, Route Victoire","Relifac-le-Haut (Éclate-Roc), Grotte Étincelante","Relifac-le-Haut (Éclate-Roc), Grotte Étincelante","Grotte Granite (Navi-Dex), Grotte Mirage (Nord de Cimetronelle et Sud-Est du Chenal 129)","Grotte Granite (Navi-Dex), Grotte Mirage (Nord de Cimetronelle et Sud-Est du Chenal 129)",Échange,Échange,"Scanner des Îles : Mardi, Colline Dicarat","Scanner des Îles : Mardi, Colline Dicarat","Mont Sélénite, Grotte Sombre et Route Victoire","Mont Sélénite, Grotte Sombre et Route Victoire","Plaine Verdoyante, Berges de Motorby, Siège du Géant, Lac Coupenotte Est","Plaine Verdoyante, Berges de Motorby, Siège du Géant, Lac Coupenotte Est","Temple Frimapic, Mine Charbourg, Route Victoire, Île de Fer, Mont Abrupt, Grotte des Rochers, Grotte du Magma, Grotte des Sables Ardents, Caverne du Piton, Caverne Typhlosion","Temple Frimapic, Mine Charbourg, Route Victoire, Île de Fer, Mont Abrupt, Grotte des Rochers, Grotte du Magma, Grotte des Sables Ardents, Caverne du Piton, Caverne Typhlosion",??,,,Zone Sauvage 14
0096,Soporifik,,Route 11,Route 11,Route 11,"Route 11, Route 34, Route 35","Route 11, Route 34, Route 35","Route 6, Route 11, Route 34, Route 35 (Nuit)",Indisponible,Indisponible,Indisponible,"Route 11, Bois Baies","Route 11, Bois Baies",Route 215 (Essaim),Route 215 (Essaim),Route 215 (Essaim),"Route 11, Route 35, Parc Safari","Route 11, Route 35, Parc Safari",Indisponible,Indisponible,Indisponible,Indisponible,"Safari des Amis Psy, position 1 (4916-2956-3577)","Safari des Amis Psy, position 1 (4916-2956-3577)",Indisponible,Indisponible,Route 2,Route 2,Route 2,Route 2,Route 11,Route 11,Incompatible,Incompatible,"Route 215 (troupeau), Grotte Éblouissante, Caverne de la Nuit Étoilée","Route 215 (troupeau), Grotte Éblouissante, Caverne de la Nuit Étoilée",Incompatible,Mont Nappé,Mont Nappé,
0097,Hypnomade,Mâle,Caverne Azurée,Caverne Azurée,Indisponible,Route 11,Route 11,Route 11 (Nuit),Indisponible,Indisponible,Indisponible,Bois Baies,Bois Baies,Indisponible,Indisponible,Indisponible,"Route 11, Parc Safari","Route 11, Parc Safari",Indisponible,Indisponible,Vestiges du Rêve (Troupeau),Vestiges du Rêve (Troupeau),Indisponible,Indisponible,Route 121 (Navi-Dex),Route 121 (Navi-Dex),Plaine de Poni*,Plaine de Poni*,Plaine de Poni*,Plaine de Poni*,Faire évoluer Soporifik (niveau 26),Faire évoluer Soporifik (niveau 26),Incompatible,Incompatible,Faire évoluer Soporifik (Niveau 26),Faire évoluer Soporifik (Niveau 26),Incompatible,Mont Nappé,Mont Nappé,
0097,Hypnomade,Femelle,,,,,,,,,,,,Indisponible,Indisponible,Indisponible,"Route 11, Parc Safari","Route 11, Parc Safari",Indisponible,Indisponible,Vestiges du Rêve (Troupeau),Vestiges du Rêve (Troupeau),Indisponible,Indisponible,Route 121 (Navi-Dex),Route 121 (Navi-Dex),Plaine de Poni*,Plaine de Poni*,Plaine de Poni*,Plaine de Poni*,Faire évoluer Soporifik (niveau 26),Faire évoluer Soporifik (niveau 26),Incompatible,Incompatible,Faire évoluer Soporifik (Niveau 26),Faire évoluer Soporifik (Niveau 26),Incompatible,Mont Nappé,Mont Nappé,
0098,Krabby,,"Route 4, Route 6, Route 11, Route 12, Route 13, Route 17, Route 18, Route 24, Route 25, Azuria, Carmin sur Mer, Parmanie, Parc Safari (Méga Canne)","Route 4, Route 6, Route 11, Route 12, Route 13, Route 17, Route 18, Route 24, Route 25, Azuria, Carmin sur Mer, Parmanie, Parc Safari (Méga Canne)","Route 10, Route 25, Îles Écume (Méga Canne), Îles Écume","Chenal 19, Route 34, Chenal 41, Ville Griotte, Oliville, Azuria (Pêche), Chenal 40, Irisia (Pêche et Eclate Roc), Antre Noir (Eclate Roc), Tourb'Îles (Marche et pêche)","Chenal 19, Route 34, Chenal 41, Ville Griotte, Oliville, Azuria (Pêche), Chenal 40, Irisia (Pêche et Eclate Roc), Antre Noir (Eclate Roc), Tourb'Îles (Marche et pêche)","Chenal 19, Route 34, Chenal 41, Ville Griotte, Oliville, Azuria (Pêche), Chenal 40, Irisia (Pêche et Eclate Roc), Antre Noir (Eclate Roc), Tourb'Îles (Marche et pêche)",Indisponible,Indisponible,Indisponible,"Route 4, Route 10, Route 11, Route 12, Route 13, Chenal 19, Chenal 20, Chenal 21, Route 24, Azuria, Bourg Palette, Carmin sur Mer, Cramois'Île, Îles Écume","Route 4, Route 10, Route 11, Route 12, Route 13, Chenal 19, Chenal 20, Chenal 21, Route 24, Azuria, Bourg Palette, Carmin sur Mer, Cramois'Île, Îles Écume, Île 1, Île 3, Île 4, Île 5, Île 6, Île 7 (Super Canne et Méga CanneVF)",Chenal 226 (Essaim),Chenal 226 (Essaim),Chenal 226 (Essaim),"Chenal 19, Chenal 40, Ville Griotte, Oliville, Irisia, Caves Jumelles, Tourb'Îles, Grotte Falaise, Îles Écume, Parc Safari, Pokéwalker (Lac Bleu) (Pêche et parfois Surf ou Éclate-Roc)","Chenal 19, Chenal 40, Ville Griotte, Oliville, Irisia, Caves Jumelles, Tourb'Îles, Grotte Falaise, Îles Écume, Parc Safari, Pokéwalker (Lac Bleu) (Pêche et parfois Surf ou Éclate-Roc)","Route 4, Route 13, Port Yoneuve (Pêche)","Route 4, Route 13, Port Yoneuve (Pêche)","Ondes-sur-Mer, Z.I. d'Ondes-sur-Mer (Pêche)","Ondes-sur-Mer, Z.I. d'Ondes-sur-Mer (Pêche)","Safari des Amis Eau, position 1 (1693-1616-2178)","Safari des Amis Eau, position 1 (1693-1616-2178)","Chenal 105, Chenal 106, Chenal 107, Chenal 108, Chenal 109 (Navi-Dex)","Chenal 105, Chenal 106, Chenal 107, Chenal 108, Chenal 109 (Navi-Dex)",À transférer via Banque Pokémon,À transférer via Banque Pokémon,À transférer via Banque Pokémon,À transférer via Banque Pokémon,"Hautes herbes : Routes 10, 12 et 13","Hautes herbes : Routes 10, 12 et 13","Lac Coupenotte Ouest, Lac Milobellus Sud, Coiffe du Géant, Lagune Circulaire, Plaine Salutation","Lac Coupenotte Ouest, Lac Milobellus Sud, Coiffe du Géant, Lagune Circulaire, Plaine Salutation","Chenal 226 (troupeau), Grotte Spacieuse, Grotte Éblouissante, Caverne de la Nuit Étoilée","Chenal 226 (troupeau), Grotte Spacieuse, Grotte Éblouissante, Caverne de la Nuit Étoilée",Incompatible,,,
0099,Krabboss,,"Route 23, Caverne Azurée (Méga Canne)","Route 23, Caverne Azurée (Méga Canne), Îles Écume","Route 10, Route 25, Îles Écume (Méga Canne), Îles Écume","Chenal 19, Route 34, Chenal 40, Chenal 41, Ville Griotte, Irisia, Oliville, Azuria, Tourb'Îles (Méga Canne)","Chenal 19, Route 34, Chenal 40, Chenal 41, Ville Griotte, Irisia, Oliville, Azuria, Tourb'Îles (Méga Canne)","Chenal 19, Route 34, Chenal 40, Chenal 41, Ville Griotte, Irisia, Oliville, Azuria, Tourb'Îles (Méga Canne)",Indisponible,Indisponible,Indisponible,Indisponible,"Chenal 19, Chenal 20, Chenal 21, Île 1, Île 3, Île 5, Île 6, Île 7 (Méga Canne)",Indisponible,Indisponible,Indisponible,"Chenal 19, Chenal 40, Ville Griotte, Oliville, Irisia, Caves Jumelles, Tourb'Îles, Grotte Falaise, Îles Écume, Parc Safari (Méga Canne)","Chenal 19, Chenal 40, Ville Griotte, Oliville, Irisia, Caves Jumelles, Tourb'Îles, Grotte Falaise, Îles Écume, Parc Safari (Méga Canne)","Route 4, Route 13, Port Yoneuve (Pêche tourbillon)","Route 4, Route 13, Port Yoneuve (Pêche tourbillon)","Ondes-sur-Mer, Z.I. d'Ondes-sur-Mer (Pêche tourbillon), Trouée Cachée (Route 18)","Ondes-sur-Mer, Z.I. d'Ondes-sur-Mer (Pêche tourbillon), Trouée Cachée (Route 18)",Indisponible,Indisponible,Indisponible,Indisponible,À transférer via Banque Pokémon,À transférer via Banque Pokémon,À transférer via Banque Pokémon,À transférer via Banque Pokémon,Hautes herbes : Routes 12 et 13,Hautes herbes : Routes 12 et 13,"Route 9, Œil du Lac, Lac Milobellus Sud, Plaine Salutation, Plaine des Efforts, Expédition Dynamax","Route 9, Œil du Lac, Lac Milobellus Sud, Plaine Salutation, Plaine des Efforts, Expédition Dynamax",Faire évoluer Krabby (Niveau 28),Faire évoluer Krabby (Niveau 28),Incompatible,,,
0100,Voltorbe,,"Route 10, Centrale","Route 10, Centrale",Centrale,"Route 10, Échange interne contre un Krabby à Oliville","Route 10, Échange interne contre un Krabby à Oliville","Route 10, Échange interne contre un Krabby à Oliville",New Lavandia,New Lavandia,New Lavandia,"Route 10, Centrale","Route 10, Centrale",Route 218 (Essaim),Route 218 (Essaim),Route 218 (Essaim),"Route 10, Parc Safari, Pokéwalker (Faubourgs), Échange contre un Krabby à Oliville, Repaire Rocket d'Acajou (multiples)","Route 10, Parc Safari, Pokéwalker (Faubourgs), Échange contre un Krabby à Oliville, Repaire Rocket d'Acajou (multiples)",Indisponible,Indisponible,Indisponible,Indisponible,Indisponible,Indisponible,"Route 110, New Lavandia","Route 110, New Lavandia",Échange,Échange,Faire reproduire Électrode,Faire reproduire Électrode,Centrale abandonnée,Centrale abandonnée,Incompatible,Incompatible,"Route 218 (troupeau), Grotte Spacieuse, Grotte Éblouissante, Caverne de la Nuit Étoilée","Route 218 (troupeau), Grotte Spacieuse, Grotte Éblouissante, Caverne de la Nuit Étoilée",Incompatible,Zone Est 3,Zone Est 3,
0100,Voltorbe,Hisui,,,,,,,,,,,,,,,,,,,,,,,,,,,,,,,,,,,??,Indisponible,Indisponible,
0101,Électrode,,"Caverne Azurée, Centrale (Sous forme d'objets), Échange contre un Raichu à Cramois'Île","Caverne Azurée, Centrale (Sous forme d'objets), Échange contre un Raichu à Cramois'Île",Centrale (Sous forme d'objets),"Repaire Rocket d'Acajou, sous forme d'objets","Repaire Rocket d'Acajou, sous forme d'objets","Repaire Rocket d'Acajou, sous forme d'objets","New Lavandia, Planque AquaSE / Planque Magma (camouflés en objets)",New Lavandia,New Lavandia,"Caverne Azurée, Centrale (camouflés en objets), Échange contre un Raichu à Cramois'Île","Caverne Azurée, Centrale (camouflés en objets), Échange contre un Raichu à Cramois'Île",Indisponible,Indisponible,Indisponible,"Caverne Azurée, Repaire Rocket d'Acajou (Trois)","Caverne Azurée, Repaire Rocket d'Acajou (Trois)",Indisponible,Indisponible,Indisponible,Indisponible,Hôtel Désolation,Hôtel Désolation,"Planque Aqua, Planque Magma (sous forme de Poké Balls), Faire évoluer Voltorbe au N.30","Planque Aqua, Planque Magma (sous forme de Poké Balls), Faire évoluer Voltorbe au N.30",Échange,Échange,Château Rocket,Château Rocket,Centrale abandonnée (en marchant),Centrale abandonnée (en marchant),Incompatible,Incompatible,Faire évoluer Voltorbe (Niveau 30),Faire évoluer Voltorbe (Niveau 30),Incompatible,Zone Ouest 3,Zone Ouest 3,
0101,Électrode,Hisui,,,,,,,,,,,,,,,,,,,,,,,,,,,,,,,,,,,??,Indisponible,Indisponible,
0102,Noeunoeuf,,Parc Safari,Parc Safari,Parc Safari,"Coup d'Boule (Ecorcia, Bois aux Chênes, Parc Naturel, Lac Colère, Routes 26, 27, 35, 36, 37, 38, 39)","Coup d'Boule (Ecorcia, Bois aux Chênes, Parc Naturel, Lac Colère, Routes 26, 27, 35, 36, 37, 38, 39)","Coup d'Boule (Routes 26, 27, 29, 30, 31, 32, 34, 35, 36, 37, 38, 39, 43, Lac Colère)",Indisponible,Indisponible,Indisponible,"Parc Safari, Bois Baies","Parc Safari, Bois Baies",Grand Marais (occasionnel),Grand Marais (occasionnel),Grand Marais (occasionnel),"Coup d'Boule (Route 26, Route 27, Route 29, Route 30, Route 31, Route 32, Route 34, Route 35, Route 36, Route 37, Route 38, Route 43, Route 47, Route 48, Parc Naturel, Portail Safari), Pokéwalker (Grande Forêt)","Coup d'Boule (Route 26, Route 27, Route 29, Route 30, Route 31, Route 32, Route 34, Route 35, Route 36, Route 37, Route 38, Route 43, Route 47, Route 48, Parc Naturel, Portail Safari), Pokéwalker (Grande Forêt)",Route 18 (Troupeau),Route 18 (Troupeau),Indisponible,Indisponible,"Route 12, Baie Azur","Route 12, Baie Azur",Indisponible,Indisponible,"Vieille Route, Île Noadkoko, Prairie de Poni","Vieille Route, Île Noadkoko, Prairie de Poni",Île Noadkoko,Île Noadkoko,Route 23 (Hautes herbes),Route 23 (Hautes herbes),"Mer Isol'Îlots, Mer Align'Îlots, Mer Eau-Hisse","Mer Isol'Îlots, Mer Align'Îlots, Mer Eau-Hisse",Grand Marais (après obtention du Pokédex National),Grand Marais (après obtention du Pokédex National),Incompatible,Zone Savane,Zone Savane,
0103,Noadkoko,,Indisponible,Indisponible,Indisponible,Indisponible,Indisponible,Indisponible,Indisponible,Indisponible,Indisponible,Indisponible,Indisponible,Indisponible,Indisponible,Indisponible,Indisponible,Indisponible,Indisponible,Indisponible,Indisponible,Indisponible,Indisponible,Indisponible,Indisponible,Indisponible,Échange,Échange,Faire évoluer Noeunoeuf avec une Pierre Plante dans l'Ultra-Dimension,Faire évoluer Noeunoeuf avec une Pierre Plante dans l'Ultra-Dimension,Route 23 (Hautes herbes),Route 23 (Hautes herbes),"Mer Isol'Îlots, Mer Eau-Hisse, Expédition Dynamax","Mer Isol'Îlots, Mer Eau-Hisse, Expédition Dynamax",Faire évoluer Noeunoeuf (Avec une Pierre Plante),Faire évoluer Noeunoeuf (Avec une Pierre Plante),Incompatible,Zone Savane,Zone Savane,
0103,Noadkoko,Alola,,,,,,,,,,,,,,,,,,,,,,,,,Île Noadkoko,Île Noadkoko,Île Noadkoko,Île Noadkoko,Échange au Centre Pokémon du Plateau Indigo,Échange au Centre Pokémon du Plateau Indigo,"Échange contre un Noadkoko à Régiona, Récompense de la Quête des Taupiqueur d'Alola, après avoir retrouvé 75 Taupiqueur d'Alola","Échange contre un Noadkoko à Régiona, Récompense de la Quête des Taupiqueur d'Alola, après avoir retrouvé 75 Taupiqueur d'Alola",Incompatible,Incompatible,Incompatible,Zone Côtière,Zone Côtière,
0104,Osselait,,Tour Pokémon,Tour Pokémon,"Tour Pokémon, Parc Safari",Grotte,Grotte,"Grotte, Casino de Doublonville (Matin et Jour)",Indisponible,Indisponible,Indisponible,"Tour Pokémon, Canyon Sesor","Tour Pokémon, Canyon Sesor",Route 203 (Essaim),Route 203 (Essaim),Route 203 (Essaim),"Grotte Sombre, Parc Safari","Grotte Sombre, Parc Safari",Reproduction d'Ossatueur,Reproduction d'Ossatueur,Indisponible,Indisponible,Grotte Étincelante,Grotte Étincelante,Indisponible,Indisponible,Parc Volcanique,Parc Volcanique,Parc Volcanique,Parc Volcanique,Grotte Sombre et Tour Pokémon,Grotte Sombre et Tour Pokémon,"Voie des Étirements, Forêt Flexion","Voie des Étirements, Forêt Flexion","Route 203 (troupeau), Grotte des Rochers, Grotte Éblouissante, Grotte de la Rivière, Caverne du Miroir d'Eau, Caverne du Piton, Caverne de la Nuit Étoilée","Route 203 (troupeau), Grotte des Rochers, Grotte Éblouissante, Grotte de la Rivière, Caverne du Miroir d'Eau, Caverne du Piton, Caverne de la Nuit Étoilée",Incompatible,,,Hyperspace Lumiose
0105,Ossatueur,,"Route Victoire, Caverne Azurée","Route Victoire, Caverne Azurée",Parc Safari,Grotte (Sous-Sol),Grotte (Sous-Sol),"Route 9, Route 10, Grotte (Sous-Sol) (Matin et Jour)",Indisponible,Indisponible,Indisponible,"Route Victoire, Canyon Sesor","Route Victoire, Canyon Sesor",Indisponible,Indisponible,Indisponible,"Grotte Sombre, Parc Safari, Pokéwalker*","Grotte Sombre, Parc Safari, Pokéwalker*",Indisponible,Indisponible,Indisponible,Indisponible,"Safari des Amis Sol, position 2 (5345-7833-7636)","Safari des Amis Sol, position 2 (5345-7833-7636)",Indisponible,Indisponible,Échange,Échange,Faire évoluer Osselait dans l'Ultra-Dimension (niveau 28),Faire évoluer Osselait dans l'Ultra-Dimension (niveau 28),Faire évoluer Osselait (niveau 28),Faire évoluer Osselait (niveau 28),Sables de Kudsac,Sables de Kudsac,Faire évoluer Osselait (Niveau 28),Faire évoluer Osselait (Niveau 28),Incompatible,,,Hyperspace Lumiose
0105,Ossatueur,Alola,,,,,,,,,,,,,,,,,,,,,,,,,De nuit Faire évoluer Osselait (niveau 28),De nuit Faire évoluer Osselait (niveau 28),De nuit Faire évoluer Osselait (niveau 28),De nuit Faire évoluer Osselait (niveau 28),Échange au Centre Pokémon du Parmanie,Échange au Centre Pokémon du Parmanie,"Échange contre un Ossatueur à Régiona, Récompense de la Quête des Taupiqueur d'Alola, après avoir retrouvé 50 Taupiqueur d'Alola, Expédition Dynamax","Échange contre un Ossatueur à Régiona, Récompense de la Quête des Taupiqueur d'Alola, après avoir retrouvé 50 Taupiqueur d'Alola, Expédition Dynamax",Incompatible,Incompatible,Incompatible,,,Hyperspace Lumiose
0106,Kicklee,,"Dojo de Safrania, choix entre lui et Tygnon","Dojo de Safrania, choix entre lui et Tygnon","Dojo de Safrania, choix entre lui et Tygnon",Indisponible,Indisponible,Indisponible,Indisponible,Indisponible,Indisponible,"Dojo de Safrania, choix entre lui et Tygnon","Dojo de Safrania, choix entre lui et Tygnon",Indisponible,Indisponible,Indisponible,Indisponible,Indisponible,Indisponible,Indisponible,Indisponible,Indisponible,Indisponible,Indisponible,Indisponible,Indisponible,À transférer via Banque Pokémon,À transférer via Banque Pokémon,À transférer via Banque Pokémon,À transférer via Banque Pokémon,"Offert à Safrania*, Apparition rare sur la Route Victoire (premier sous-sol)","Offert à Safrania*, Apparition rare sur la Route Victoire (premier sous-sol)","Raid Dynamax, Expédition Dynamax","Fosse des Sables, Expédition Dynamax","Faire évoluer Debugant (Niveau 20, si attaque > défense)","Faire évoluer Debugant (Niveau 20, si attaque > défense)",Incompatible,Zone Canyon,Zone Canyon,
0107,Tygnon,,"Dojo de Safrania, choix entre lui et Kicklee","Dojo de Safrania, choix entre lui et Kicklee","Dojo de Safrania, choix entre lui et Kicklee",Indisponible,Indisponible,Indisponible,Indisponible,Indisponible,Indisponible,"Dojo de Safrania, choix entre lui et Kicklee","Dojo de Safrania, choix entre lui et Kicklee",Indisponible,Indisponible,Indisponible,Indisponible,Indisponible,Indisponible,Indisponible,Indisponible,Indisponible,Indisponible,Indisponible,Indisponible,Indisponible,À transférer via Banque Pokémon,À transférer via Banque Pokémon,À transférer via Banque Pokémon,À transférer via Banque Pokémon,"Offert à Safrania*, Apparition rare sur la Route Victoire (deuxième sous-sol)","Offert à Safrania*, Apparition rare sur la Route Victoire (deuxième sous-sol)","Fosse des Sables, Expédition Dynamax","Raid Dynamax, Expédition Dynamax","Faire évoluer Debugant (Niveau 20, si attaque < défense)","Faire évoluer Debugant (Niveau 20, si attaque < défense)",Incompatible,Zone Canyon,Zone Canyon,
0108,Excelangue,,Échange contre un Flagadoss sur la Route 18,Échange contre un Flagadoss sur la Route 18,Caverne Azurée,Route 44,Route 44,Route 44 (Matin et Jour),Indisponible,Indisponible,Indisponible,Indisponible,Indisponible,Lac Courage,Lac Courage,Route 215 (EssaimDP),"Route 44, Parc Safari","Route 44, Parc Safari",Antre d'Entraînement,Antre d'Entraînement,Route 2,Route 2,Route Victoire,Route Victoire,Indisponible,Indisponible,Échange,Échange,Chemin du Défi,Chemin du Défi,Caverne Azurée,Caverne Azurée,"Lande Boldair, Grotte du Pugilat, Expédition Dynamax","Lande Boldair, Grotte du Pugilat, Expédition Dynamax","Lac Courage (troupeau), Grotte Spacieuse, Grotte des Eaux Souterraines, Grotte du Marécage, Grotte de la Rivière, Caverne du Miroir d'Eau, Caverne du Marais Sans Fond","Lac Courage (troupeau), Grotte Spacieuse, Grotte des Eaux Souterraines, Grotte du Marécage, Grotte de la Rivière, Caverne du Miroir d'Eau, Caverne du Marais Sans Fond",??,,,
0109,Smogo,,Manoir Pokémon,Manoir Pokémon,Échange,"Tour Cendrée, Repaire Rocket d'Acajou","Tour Cendrée, Repaire Rocket d'Acajou","Tour Cendrée, Repaire Rocket d'Acajou",Chemin Ardent,Chemin Ardent,Chemin Ardent,"Céladopole (Surf), Manoir Pokémon","Céladopole (Surf), Manoir Pokémon",Reproduction de Smogogo,Reproduction de Smogogo,"Mont Abrupt, Reproduction de Smogogo","Tour Cendrée, Parc Safari, Repaire Rocket d'Acajou, Pokéwalker (Faubourgs)","Tour Cendrée, Parc Safari, Repaire Rocket d'Acajou, Pokéwalker (Faubourgs)",Indisponible,Indisponible,Z.I. d'Ondes-sur-Mer,Z.I. d'Ondes-sur-Mer,Indisponible,Indisponible,Chemin Ardent (Marche et HordeRO),Chemin Ardent (Marche et HordeRO),À transférer via Banque Pokémon,À transférer via Banque Pokémon,À transférer via Banque Pokémon,À transférer via Banque Pokémon,"LGE : Manoir Pokémon et Centrale abandonnée, LGP : Échange","LGE : Manoir Pokémon et Centrale abandonnée, LGP : Échange","Abords de Motorby, Fosse des Sables, Miroir du Géant, Berges de Motorby","Abords de Motorby, Fosse des Sables, Miroir du Géant, Berges de Motorby",Faire reproduire Smogogo,Faire reproduire Smogogo,Incompatible,Grotte Douche Froide,Grotte Douche Froide,
0110,Smogogo,,Manoir Pokémon,Manoir Pokémon,Échange,Indisponible,Indisponible,Tour Cendrée (Sous-Sol),Indisponible,Indisponible,Indisponible,Manoir Pokémon,Indisponible,"Route 227, Mont Abrupt","Route 227, Mont Abrupt","Route 227, Mont Abrupt","Parc Safari (Zone Marais, automatique)","Parc Safari (Zone Marais, automatique)",Indisponible,Indisponible,Labo P2,Labo P2,Indisponible,Indisponible,Indisponible,Indisponible,À transférer via Banque Pokémon,À transférer via Banque Pokémon,À transférer via Banque Pokémon,À transférer via Banque Pokémon,"LGE : Manoir Pokémon et Centrale abandonnée, LGP : Échange","LGE : Manoir Pokémon et Centrale abandonnée, LGP : Échange","Échange contre un Smogogo de Galar à Régiona, Expédition Dynamax","Échange contre un Smogogo de Galar à Régiona, Expédition Dynamax","Route 227, Mont Abrupt, Grotte du Marécage, Caverne du Marais Sans Fond","Route 227, Mont Abrupt, Grotte du Marécage, Caverne du Marais Sans Fond",Incompatible,Indisponible,Indisponible,
0110,Smogogo,Galar,,,,,,,,,,,,,,,,,,,,,,,,,,,,,,,"Forêt de Sleepwood, Lac Coupenotte Est, Lac Ouragan, Expédition Dynamax","Forêt de Sleepwood, Lac Coupenotte Est, Lac Ouragan, Expédition Dynamax",Incompatible,Incompatible,Incompatible,Indisponible,Indisponible,
0111,Rhinocorne,Mâle,Parc Safari,Parc Safari,"Parc Safari, Caverne Azurée",Route Victoire,Route Victoire,Route Victoire (Matin et Jour),Parc Safari (Zone accessible avec Vélo Course),Parc Safari (Zone accessible avec Vélo Course),Parc Safari (Zone accessible avec Vélo Course),Parc Safari (Entrée du Parc),Parc Safari (Entrée du Parc),"Route 227, Mont Abrupt","Route 227, Mont Abrupt","Route 214, Route 227, Route Victoire, Mont Abrupt","Route Victoire, Parc Safari, Pokéwalker (Sente du Volcan)","Route Victoire, Parc Safari, Pokéwalker (Sente du Volcan)",Indisponible,Forêt Blanche (avec James dans la forêt),Échange interne avec Brenda/Julien à Méanville,Échange interne avec Brenda/Julien à Méanville,Grotte Étincelante,Grotte Étincelante,"Parc Safari (Zone Nord-ouest, Hautes herbes)","Parc Safari (Zone Nord-ouest, Hautes herbes)","Scanner des Îles : Dimanche, Mont Ardent","Scanner des Îles : Dimanche, Mont Ardent","Scanner des Îles : Dimanche, Mont Ardent","Scanner des Îles : Dimanche, Mont Ardent","Route Victoire, Grotte Sombre et Caverne Azurée","Route Victoire, Grotte Sombre et Caverne Azurée","Route 8, Prairie Entre-Ponts, Berges de Motorby, Plaine Rocheuse, Miroir du Géant, Coiffe du Géant, Sables de Kudsac","Route 8, Prairie Entre-Ponts, Berges de Motorby, Plaine Rocheuse, Miroir du Géant, Coiffe du Géant, Sables de Kudsac","Route 227, Mont Abrupt, Grotte Spacieuse, Grotte des Rochers, Grotte des Sables Ardents, Caverne Ensoleillée, Caverne du Piton, Caverne Typhlosion","Route 227, Mont Abrupt, Grotte Spacieuse, Grotte des Rochers, Grotte des Sables Ardents, Caverne Ensoleillée, Caverne du Piton, Caverne Typhlosion",??,Zone Savane,Zone Savane,
0111,Rhinocorne,Femelle,,,,,,,,,,,,"Route 227, Mont Abrupt","Route 227, Mont Abrupt","Route 214, Route 227, Route Victoire, Mont Abrupt","Route Victoire, Parc Safari, Pokéwalker (Sente du Volcan)","Route Victoire, Parc Safari, Pokéwalker (Sente du Volcan)",Indisponible,Forêt Blanche (avec James dans la forêt),Échange interne avec Brenda/Julien à Méanville,Échange interne avec Brenda/Julien à Méanville,Grotte Étincelante,Grotte Étincelante,"Parc Safari (Zone Nord-ouest, Hautes herbes)","Parc Safari (Zone Nord-ouest, Hautes herbes)","Scanner des Îles : Dimanche, Mont Ardent","Scanner des Îles : Dimanche, Mont Ardent","Scanner des Îles : Dimanche, Mont Ardent","Scanner des Îles : Dimanche, Mont Ardent","Route Victoire, Grotte Sombre et Caverne Azurée","Route Victoire, Grotte Sombre et Caverne Azurée","Route 8, Prairie Entre-Ponts, Berges de Motorby, Plaine Rocheuse, Miroir du Géant, Coiffe du Géant, Sables de Kudsac","Route 8, Prairie Entre-Ponts, Berges de Motorby, Plaine Rocheuse, Miroir du Géant, Coiffe du Géant, Sables de Kudsac","Route 227, Mont Abrupt, Grotte Spacieuse, Grotte des Rochers, Grotte des Sables Ardents, Caverne Ensoleillée, Caverne du Piton, Caverne Typhlosion","Route 227, Mont Abrupt, Grotte Spacieuse, Grotte des Rochers, Grotte des Sables Ardents, Caverne Ensoleillée, Caverne du Piton, Caverne Typhlosion",??,Zone Savane,Zone Savane,
0112,Rhinoféros,Mâle,Caverne Azurée,Caverne Azurée,"Caverne Azurée, Échange contre un Akwakwak à Cramois'Île",Échange interne contre un Draco femelle à Ébènelle,Échange interne contre un Draco femelle à Ébènelle,Route Victoire (Matin et Jour),Indisponible,Indisponible,Indisponible,Indisponible,Indisponible,"Route 227, Route 228, Mont Abrupt","Route 227, Route 228, Mont Abrupt","Route Victoire, Route 227, Route 228, Mont Abrupt","Parc Safari (Zone Savane, avec 10 blocs rocheux, immédiatement)","Parc Safari (Zone Savane, avec 10 blocs rocheux, immédiatement)",Indisponible,Indisponible,Indisponible,Indisponible,Indisponible,Indisponible,Indisponible,Indisponible,Faire évoluer Rhinocorne (niveau 42),Faire évoluer Rhinocorne (niveau 42),Faire évoluer Rhinocorne (niveau 42),Faire évoluer Rhinocorne (niveau 42),Route Victoire et Caverne Azurée,Route Victoire et Caverne Azurée,"Route 10, Prairie Entre-Ponts, Fosse des Sables, Siège du Géant, Lac Ouragan, Berges de Motorby, Plaine Rocheuse, Sables de Kudsac, Expédition Dynamax","Route 10, Prairie Entre-Ponts, Fosse des Sables, Siège du Géant, Lac Ouragan, Berges de Motorby, Plaine Rocheuse, Sables de Kudsac, Expédition Dynamax","Route 227, Route 228, Mont Abrupt, Grotte Spacieuse, Grotte des Rochers, Grotte des Sables Ardents, Caverne Ensoleillée, Caverne du Piton","Route 227, Route 228, Mont Abrupt, Grotte Spacieuse, Grotte des Rochers, Grotte des Sables Ardents, Caverne Ensoleillée, Caverne du Piton",??,Zone Savane,Zone Savane,
0112,Rhinoféros,Femelle,,,,,,,,,,,,"Route 227, Route 228, Mont Abrupt","Route 227, Route 228, Mont Abrupt","Route Victoire, Route 227, Route 228, Mont Abrupt","Parc Safari (Zone Savane, avec 10 blocs rocheux, immédiatement)","Parc Safari (Zone Savane, avec 10 blocs rocheux, immédiatement)",Indisponible,Indisponible,Indisponible,Indisponible,Indisponible,Indisponible,Indisponible,Indisponible,Faire évoluer Rhinocorne (niveau 42),Faire évoluer Rhinocorne (niveau 42),Faire évoluer Rhinocorne (niveau 42),Faire évoluer Rhinocorne (niveau 42),Route Victoire et Caverne Azurée,Route Victoire et Caverne Azurée,"Route 10, Prairie Entre-Ponts, Fosse des Sables, Siège du Géant, Lac Ouragan, Berges de Motorby, Plaine Rocheuse, Sables de Kudsac, Expédition Dynamax","Route 10, Prairie Entre-Ponts, Fosse des Sables, Siège du Géant, Lac Ouragan, Berges de Motorby, Plaine Rocheuse, Sables de Kudsac, Expédition Dynamax","Route 227, Route 228, Mont Abrupt, Grotte Spacieuse, Grotte des Rochers, Grotte des Sables Ardents, Caverne Ensoleillée, Caverne du Piton","Route 227, Route 228, Mont Abrupt, Grotte Spacieuse, Grotte des Rochers, Grotte des Sables Ardents, Caverne Ensoleillée, Caverne du Piton",??,Zone Savane,Zone Savane,
0113,Leveinard,,"Parc Safari, Caverne Azurée","Parc Safari, Caverne Azurée","Parc Safari, Caverne Azurée","Route 13, Route 14, Route 15","Route 13, Route 14, Route 15","Route 13, Route 14, Route 15",Indisponible,Indisponible,Indisponible,Parc Safari (Entrée et Zone Nord),Parc Safari (Entrée et Zone Nord),"Route 209, Route 210, Manoir Pokémon","Route 209, Route 210, Manoir Pokémon","Route 209, Route 210, Manoir Pokémon","Route 13, Route 14, Route 15","Route 13, Route 14, Route 15",Indisponible,Indisponible,Indisponible,Indisponible,Indisponible,Indisponible,Indisponible,Indisponible,"Intrusion* (Élekid*, Mélo*, Riolu*)","Intrusion* (Élekid*, Mélo*, Riolu*)","Plaine de Poni (embuscade, d'un buisson)","Plaine de Poni (embuscade, d'un buisson)","Caverne Azurée (étage), Apparition rare dans les hautes herbes des Routes 5, 6, 8, 9, 10, 11, 12, 13, 14, 15, 16, 17, 18, 21, 23, et dans les lieux Mont Sélénite, Grotte Taupiqueur, Tour Pokémon, Centrale abandonnée, Manoir Pokémon et Route Victoire","Caverne Azurée (étage), Apparition rare dans les hautes herbes des Routes 5, 6, 8, 9, 10, 11, 12, 13, 14, 15, 16, 17, 18, 21, 23, et dans les lieux Mont Sélénite, Grotte Taupiqueur, Tour Pokémon, Centrale abandonnée, Manoir Pokémon et Route Victoire","Plaine Salutation, Grotte du Pugilat, Plage de l'Épreuve, Route de l'Épreuve, Caverne Pugnacité, Forêt Flexion, Îlot Calméole, Mer Isol'Îlots, Lagune Circulaire, Sables de Kudsac, Lande Boldair, Mer Align'Îlots, Plaine des Efforts, Voie des Étirements, Expédition Dynamax","Plaine Salutation, Grotte du Pugilat, Plage de l'Épreuve, Route de l'Épreuve, Caverne Pugnacité, Forêt Flexion, Îlot Calméole, Mer Isol'Îlots, Lagune Circulaire, Sables de Kudsac, Lande Boldair, Mer Align'Îlots, Plaine des Efforts, Voie des Étirements, Expédition Dynamax","Route 209, Route 210, Jardin Trophée","Route 209, Route 210, Jardin Trophée",??,Zone Nord 1,Zone Nord 1,
0114,Saquedeneu,,"Chenal 21, Échange contre un Mimitoss à Cramois'Île","Chenal 21, Échange contre un Mimitoss à Cramois'Île",Parc Safari,"Chenal 21, Route 28, Route 44, Mont Argenté","Chenal 21, Route 28, Route 44, Mont Argenté","Chenal 21, Route 28, Route 44, Mont Argenté",Indisponible,Indisponible,Indisponible,Chenal 21,Chenal 21,Indisponible,Indisponible,Grand Marais (occasionnel),"Chenal 21, Route 28, Route 44, Mont Argenté, Pokéwalker (Grande Forêt)","Chenal 21, Route 28, Route 44, Mont Argenté, Pokéwalker (Grande Forêt)","Route 13, Grotte Cyclopéenne (Entrée)","Route 13, Grotte Cyclopéenne (Entrée)","Route 13, Grotte Cyclopéenne (Entrée), Trouée Cachée (Route 13)","Route 13, Grotte Cyclopéenne (Entrée), Trouée Cachée (Route 13)","Safari des Amis Plante, position 1 (4682-8662-1798)","Safari des Amis Plante, position 1 (4682-8662-1798)","Île Mirage (Ouest de Myokara), Forêt Mirage (Est d'Algatia, Nord du Chenal 124, Nord-ouest de la Route 114, Nord de Nénucrique)","Île Mirage (Ouest de Myokara), Forêt Mirage (Est d'Algatia, Nord du Chenal 124, Nord-ouest de la Route 114, Nord de Nénucrique)",À transférer via Banque Pokémon,À transférer via Banque Pokémon,À transférer via Banque Pokémon,À transférer via Banque Pokémon,Chenal 21 (Hautes herbes),Chenal 21 (Hautes herbes),"Forêt Flexion, Expédition Dynamax","Forêt Flexion, Expédition Dynamax","Grotte du Marécage, Caverne du Marais Sans Fond","Grotte du Marécage, Caverne du Marais Sans Fond",??,,,
0115,Kangourex,,Parc Safari,Parc Safari,Parc Safari,Grotte (Sous-Sol),Grotte (Sous-Sol),Grotte (Sous-Sol) (Matin et Jour),Indisponible,Indisponible,Indisponible,Parc Safari (Zone Ouest et Zone Est),Parc Safari (Zone Ouest et Zone Est),Grand Marais (occasionnel),Grand Marais (occasionnel),Grand Marais (occasionnel),"Grotte Sombre, Parc Safari, Pokéwalker (Plaine Sereine)","Grotte Sombre, Parc Safari, Pokéwalker (Plaine Sereine)",Route 15,Route 15,Indisponible,Indisponible,Grotte Étincelante,Grotte Étincelante,Indisponible,Indisponible,"Parc Volcanique (hautes herbes), Intrusion* (Osselait*)","Parc Volcanique (hautes herbes), Intrusion* (Osselait*)","Parc Volcanique (hautes herbes), Intrusion* (Osselait*)","Parc Volcanique (hautes herbes), Intrusion* (Osselait*)",Grotte Sombre,Grotte Sombre,"Voie des Étirements, Plaine des Efforts, Expédition Dynamax","Voie des Étirements, Plaine des Efforts, Expédition Dynamax",Grand Marais (après obtention du Pokédex National),Grand Marais (après obtention du Pokédex National),Incompatible,,,
0116,Hypotrempe,,"Chenal 19, Chenal 20, Chenal 21, Cramois'Île, Îles Écume (Méga Canne), Îles Écume","Chenal 19, Chenal 20, Chenal 21, Cramois'Île, Îles Écume (Méga Canne), Îles Écume","Route 10, Route 11, Route 12, Route 13, Carmin sur Mer (Méga Canne)","Tourb'Îles (Surf, Super Canne et Méga Canne)","Tourb'Îles (Surf, Super Canne et Méga Canne)","Tourb'Îles (Surf, Super Canne et Méga Canne)","Chenal 132, Chenal 133, Chenal 134, Échange contre un Draby à Pacifiville","Chenal 132, Chenal 133, Chenal 134, Échange contre un Draby à Pacifiville","Chenal 132, Chenal 133, Chenal 134, Échange contre un Draby à Pacifiville","Route 4, Route 10, Route 11, Route 12, Route 13, Chenal 19, Chenal 20, Chenal 21, Route 24, Azuria, Bourg Palette, Carmin sur Mer, Cramois'Île, Îles Écume, Île 1, Île 3, Île 4, Île 5, Île 6, Île 7 (Super Canne et Méga CanneRF)","Route 4, Route 10, Route 11, Route 12, Route 13, Chenal 19, Chenal 20, Chenal 21, Route 24, Azuria, Bourg Palette, Carmin sur Mer, Cramois'Île, Îles Écume",Chenal 226 (Super Canne),Chenal 226 (Super Canne),Chenal 226 (Super Canne),"Îles Écume, Tourb'Îles, Pokéwalker (Plage Brûlange) (Surf)","Îles Écume, Tourb'Îles, Pokéwalker (Plage Brûlange) (Surf)","Chenal 17, Route 18, Labo P2 (Pêche)","Chenal 17, Route 18, Labo P2 (Pêche)","Chenal 17, Route 18, Labo P2 (Pêche)","Chenal 17, Route 18, Labo P2 (Pêche)","Roche-sur-Gliffe, Relifac-le-Haut (Super Canne)","Roche-sur-Gliffe, Relifac-le-Haut (Super Canne)","Chenal 130, Chenal 131, Chenal 132, Chenal 133, Chenal 134 (Méga Canne)","Chenal 130, Chenal 131, Chenal 132, Chenal 133, Chenal 134 (Méga Canne)","Scanner des Îles : Mercredi, Baie de Kala'e","Scanner des Îles : Mercredi, Baie de Kala'e","Scanner des Îles : Mercredi, Baie de Kala'e","Scanner des Îles : Mercredi, Baie de Kala'e",Sur l'eau : Routes 12 et 13,Sur l'eau : Routes 12 et 13,Mer Isol'Îlots,Mer Isol'Îlots,"Surf : Grotte des Eaux Souterraines, Grotte de la Rivière, Caverne du Miroir d'Eau, Super Canne : Chenal 226","Surf : Grotte des Eaux Souterraines, Grotte de la Rivière, Caverne du Miroir d'Eau, Super Canne : Chenal 226",Incompatible,-,-,
0117,Hypocéan,,"Route 23, Caverne Azurée (Méga Canne)","Route 23, Caverne Azurée (Méga Canne)","Route 12, Route 13 (Méga Canne)",Tourb'Îles (Surf au sous-sol 2 et Méga Canne),Tourb'Îles (Surf au sous-sol 2 et Méga Canne),Tourb'Îles (Surf au sous-sol 2 et Méga Canne),Indisponible,Indisponible,Indisponible,"Chenal 19, Chenal 20, Chenal 21, Île 1, Île 3, Île 5, Île 6, Île 7 (Méga Canne)",Indisponible,Chenal 226 (Méga Canne),Chenal 226 (Méga Canne),Chenal 226 (Méga Canne),"Îles Écume, Tourb'Îles (Méga Canne)","Îles Écume, Tourb'Îles (Méga Canne)","Chenal 17, Route 18, Labo P2 (Pêche tourbillon)","Chenal 17, Route 18, Labo P2 (Pêche tourbillon)","Chenal 17, Route 18, Labo P2 (Pêche tourbillon)","Chenal 17, Route 18, Labo P2 (Pêche tourbillon)","Roche-sur-Gliffe, Relifac-le-Haut (Méga Canne)","Roche-sur-Gliffe, Relifac-le-Haut (Méga Canne)","Chenal 130, Chenal 131, Chenal 132, Chenal 133, Chenal 134 (Méga Canne)","Chenal 130, Chenal 131, Chenal 132, Chenal 133, Chenal 134 (Méga Canne)",Faire évoluer Hypotrempe (niveau 32),Faire évoluer Hypotrempe (niveau 32),Faire évoluer Hypotrempe (niveau 32),Faire évoluer Hypotrempe (niveau 32),Sur l'eau : Routes 12 et 13,Sur l'eau : Routes 12 et 13,"Mer Calméole, Expédition Dynamax","Mer Calméole, Expédition Dynamax",Méga Canne : Chenal 226,Méga Canne : Chenal 226,Incompatible,-,-,
0118,Poissirène,Mâle,"Totalité des routes, villes et lieux avec un point d'eau (Super Canne et parfois Méga Canne)","Totalité des routes, villes et lieux avec un point d'eau (Super Canne et parfois Méga Canne)","Totalité des routes, villes et lieux avec un point d'eau (Super Canne et parfois Méga Canne)","Route 4, Azuria (Surf), Caves Jumelles, Puits Ramoloss, Antre Noir (Pêche), Route 9, Route 10, Route 24, Route 25, Route 42, Mont Creuset, Chutes Tohjo, Grotte Argentée (Surf et Pêche)","Route 4, Azuria (Surf), Caves Jumelles, Puits Ramoloss, Antre Noir (Pêche), Route 9, Route 10, Route 24, Route 25, Route 42, Mont Creuset, Chutes Tohjo, Grotte Argentée (Surf et Pêche)","Route 4, Azuria (Surf), Caves Jumelles, Puits Ramoloss, Antre Noir (Pêche), Route 9, Route 24, Route 25, Route 42, Mont Creuset, Chutes Tohjo, Grotte Argentée (Surf et Pêche)","Route 102, Route 111, Route 114, Route 117, Route 120, Clémenti-Ville, Site Météore, Route Victoire (Canne et Super Canne), Parc Safari (Pêche)","Route 102, Route 111, Route 114, Route 117, Route 120, Clémenti-Ville, Site Météore, Route Victoire (Canne et Super Canne), Parc Safari (Pêche)","Route 102, Route 111, Route 114, Route 117, Route 120, Clémenti-Ville, Site Météore, Route Victoire (Canne et Super Canne), Parc Safari (Pêche)","Route 6, Route 22, Route 23, Route 25, Vallée Ruine, Cap Falaise, Grotte de Glace,Jadielle, Île 4, Caverne Azurée (Super Canne), Parmanie, Bois Baies, Parc Safari (Super Canne, Canne)","Route 6, Route 22, Route 23, Route 25, Vallée Ruine, Cap Falaise, Grotte de Glace,Jadielle, Île 4, Caverne Azurée (Super Canne), Parmanie, Bois Baies, Parc Safari (Super Canne, Canne)","Bonaugure, Aire de Détente, Lac Courage, Lac Savoir, Lac Vérité, Route 203, Route 204, Route 209, Route 212, Route 214, Source Adieu (Super Canne)","Bonaugure, Aire de Détente, Lac Courage, Lac Savoir, Lac Vérité, Route 203, Route 204, Route 209, Route 212, Route 214, Source Adieu (Super Canne)","Bonaugure, Célestia, Lac Courage, Lac Savoir, Lac Vérité, Route 203, Route 204, Route 208, Route 209, Route 212, Route 214, Route 229, Source Adieu (Super Canne)","Route 9, Route 10, Route 24, Route 25, Route 42, Caves Jumelles, Grotte Argentée, Mont Creuset, Antre Noir, Azuria, Caverne Azurée, Chutes Tohjo, Parc Safari, Pokéwalker (Lac Bleu, Plage Brûlante) (Surf et Pêche), Puits Ramoloss (Pêche)","Route 9, Route 10, Route 24, Route 25, Route 42, Caves Jumelles, Grotte Argentée, Mont Creuset, Antre Noir, Azuria, Caverne Azurée, Chutes Tohjo, Parc Safari, Pokéwalker (Lac Bleu, Plage Brûlante) (Surf et Pêche), Puits Ramoloss (Pêche)","Route 3, Route 11, Route 14, Ogoesse, Forêt d'Empoigne, Bois des Illusions, Autel Abondance (Pêche)","Route 3, Route 11, Route 14, Ogoesse, Forêt d'Empoigne, Bois des Illusions, Autel Abondance (Pêche)","Route 3, Route 11, Route 14, Route 22, Ogoesse, Pavonnay, Forêt d'Empoigne, Autel Abondance (Pêche)","Route 3, Route 11, Route 14, Route 22, Ogoesse, Pavonnay, Forêt d'Empoigne, Autel Abondance (Pêche)",Centre de Kalos (Super Canne),Centre de Kalos (Super Canne),"Route 102, Route 111, Route 114, Route 117, Route 120*, Route 123, Clémenti-Ville, Parc Safari, Grotte Zénith, Site Météore, Route Victoire (Premier Etage) (Canne et Super Canne)","Route 102, Route 111, Route 114, Route 117, Route 120*, Route 123, Clémenti-Ville, Parc Safari, Grotte Zénith, Site Météore, Route Victoire (Premier Etage) (Canne et Super Canne)","Colline Clapotis, Parc de Malié (Canne à Pêche*)","Colline Clapotis, Parc de Malié (Canne à Pêche*)","Colline Clapotis, Parc de Malié (Canne à Pêche*)","Colline Clapotis, Parc de Malié (Canne à Pêche*)",Route 6 (sur l'eau),Route 6 (sur l'eau),"Canne à Pêche : Route 4, 5, 6, Lac Coupenotte Est et Ouest, Coiffe du Géant, Prairie Entre-Ponts, Lac Milobellus Nord et Sud, Forêt Flexion","Canne à Pêche : Route 4, 5, 6, Lac Coupenotte Est et Ouest, Coiffe du Géant, Prairie Entre-Ponts, Lac Milobellus Nord et Sud, Forêt Flexion","Super Canne : Route 203, Route 204, Route 209, Route 212, Route 214, Bonaugure, Source des Adieux, Lac Vérité, Lac Courage, Lac Savoir, Aire de Détente","Super Canne : Route 203, Route 204, Route 209, Route 212, Route 214, Bonaugure, Source des Adieux, Lac Vérité, Lac Courage, Lac Savoir, Aire de Détente",Incompatible,,,
0118,Poissirène,Femelle,,,,,,,,,,,,"Bonaugure, Aire de Détente, Lac Courage, Lac Savoir, Lac Vérité, Route 203, Route 204, Route 209, Route 212, Route 214, Source Adieu (Super Canne)","Bonaugure, Aire de Détente, Lac Courage, Lac Savoir, Lac Vérité, Route 203, Route 204, Route 209, Route 212, Route 214, Source Adieu (Super Canne)","Bonaugure, Célestia, Lac Courage, Lac Savoir, Lac Vérité, Route 203, Route 204, Route 208, Route 209, Route 212, Route 214, Route 229, Source Adieu (Super Canne)","Route 9, Route 10, Route 24, Route 25, Route 42, Caves Jumelles, Grotte Argentée, Mont Creuset, Antre Noir, Azuria, Caverne Azurée, Chutes Tohjo, Parc Safari, Pokéwalker (Lac Bleu, Plage Brûlante) (Surf et Pêche), Puits Ramoloss (Pêche)","Route 9, Route 10, Route 24, Route 25, Route 42, Caves Jumelles, Grotte Argentée, Mont Creuset, Antre Noir, Azuria, Caverne Azurée, Chutes Tohjo, Parc Safari, Pokéwalker (Lac Bleu, Plage Brûlante) (Surf et Pêche), Puits Ramoloss (Pêche)","Route 3, Route 11, Route 14, Ogoesse, Forêt d'Empoigne, Bois des Illusions, Autel Abondance (Pêche)","Route 3, Route 11, Route 14, Ogoesse, Forêt d'Empoigne, Bois des Illusions, Autel Abondance (Pêche)","Route 3, Route 11, Route 14, Route 22, Ogoesse, Pavonnay, Forêt d'Empoigne, Autel Abondance (Pêche)","Route 3, Route 11, Route 14, Route 22, Ogoesse, Pavonnay, Forêt d'Empoigne, Autel Abondance (Pêche)",Centre de Kalos (Super Canne),Centre de Kalos (Super Canne),"Route 102, Route 111, Route 114, Route 117, Route 120*, Route 123, Clémenti-Ville, Parc Safari, Grotte Zénith, Site Météore, Route Victoire (Premier Etage) (Canne et Super Canne)","Route 102, Route 111, Route 114, Route 117, Route 120*, Route 123, Clémenti-Ville, Parc Safari, Grotte Zénith, Site Météore, Route Victoire (Premier Etage) (Canne et Super Canne)","Colline Clapotis, Parc de Malié (Canne à Pêche*)","Colline Clapotis, Parc de Malié (Canne à Pêche*)","Colline Clapotis, Parc de Malié (Canne à Pêche*)","Colline Clapotis, Parc de Malié (Canne à Pêche*)",Route 6 (sur l'eau),Route 6 (sur l'eau),"Canne à Pêche : Route 4, 5, 6, Lac Coupenotte Est et Ouest, Coiffe du Géant, Prairie Entre-Ponts, Lac Milobellus Nord et Sud, Forêt Flexion","Canne à Pêche : Route 4, 5, 6, Lac Coupenotte Est et Ouest, Coiffe du Géant, Prairie Entre-Ponts, Lac Milobellus Nord et Sud, Forêt Flexion","Super Canne : Route 203, Route 204, Route 209, Route 212, Route 214, Bonaugure, Source des Adieux, Lac Vérité, Lac Courage, Lac Savoir, Aire de Détente","Super Canne : Route 203, Route 204, Route 209, Route 212, Route 214, Bonaugure, Source des Adieux, Lac Vérité, Lac Courage, Lac Savoir, Aire de Détente",Incompatible,,,
0119,Poissoroy,Mâle,"Route 23, Parmanie, Caverne Azurée (Méga Canne)","Route 23, Parmanie, Caverne Azurée (Méga Canne)","Route 4, Route 24, Azuria, Caverne Azurée (Méga Canne)","Route 4, Azuria (Surf), Caves Jumelles, Puits Ramoloss, Antre Noir (Pêche), Route 9, Route 10, Route 24, Route 25, Route 42, Mont Creuset, Chutes Tohjo, Grotte Argentée (Surf et Pêche)","Route 4, Azuria (Surf), Caves Jumelles, Puits Ramoloss, Antre Noir (Pêche), Route 9, Route 10, Route 24, Route 25, Route 42, Mont Creuset, Chutes Tohjo, Grotte Argentée (Surf et Pêche)","Route 4, Azuria (Surf), Caves Jumelles, Puits Ramoloss, Antre Noir (Pêche), Route 9, Route 24, Route 25, Route 42, Mont Creuset, Chutes Tohjo, Grotte Argentée (Surf et Pêche)",Parc Safari (Méga Canne),Parc Safari (Méga Canne),Parc Safari (Méga Canne),"Parc Safari, Parmanie, Bois Baies","Parc Safari, Parmanie, Bois Baies","Bonaugure, Aire de Détente, Lac Courage, Lac Savoir, Lac Vérité, Route 203, Route 204, Route 209, Route 212, Route 214, Source Adieu (Méga Canne)","Bonaugure, Aire de Détente, Lac Courage, Lac Savoir, Lac Vérité, Route 203, Route 204, Route 209, Route 212, Route 214, Source Adieu (Méga Canne)","Bonaugure, Célestia, Lac Courage, Lac Savoir, Lac Vérité, Route 203, Route 204, Route 208, Route 209, Route 212, Route 214, Route 229, Source Adieu (Méga Canne)","Route 9, Route 10, Route 24, Route 25, Route 42, Caves Jumelles, Grotte Argentée, Mont Creuset, Antre Noir, Azuria, Chutes Tohjo, Parc Safari (Surf et Méga Canne)","Route 9, Route 10, Route 24, Route 25, Route 42, Puits Ramoloss*, Caves Jumelles, Grotte Argentée, Mont Creuset, Antre Noir, Azuria, Chutes Tohjo, Parc Safari (Surf et Méga Canne)","Route 3, Route 11, Route 14, Ogoesse, Forêt d'Empoigne, Bois des Illusions, Autel Abondance (Pêche tourbillon), Puits Ramoloss (Pêche)","Route 3, Route 11, Route 14, Ogoesse, Forêt d'Empoigne, Bois des Illusions, Autel Abondance (Pêche tourbillon), Puits Ramoloss (Pêche)","Route 3, Route 11, Route 14, Route 22, Ogoesse, Pavonnay, Forêt d'Empoigne, Autel Abondance (Pêche tourbillon)","Route 3, Route 11, Route 14, Route 22, Ogoesse, Pavonnay, Forêt d'Empoigne, Autel Abondance (Pêche tourbillon)",Centre de Kalos (Méga Canne),Centre de Kalos (Méga Canne),Parc Safari (Méga Canne),Parc Safari (Méga Canne),Intrusion* (Poissirène*),Intrusion* (Poissirène*),Intrusion* (Poissirène*),Intrusion* (Poissirène*),Route 6 (sur l'eau),Route 6 (sur l'eau),"Prairie Entre-Ponts, Lac Coupenotte Ouest, Lac Ouragan, Lac Milobellus Nord, Expédition Dynamax","Prairie Entre-Ponts, Lac Coupenotte Ouest, Lac Ouragan, Lac Milobellus Nord, Expédition Dynamax","Méga Canne : Route 203, Route 204, Route 209, Route 212, Route 214, Bonaugure, Source des Adieux, Lac Vérité, Lac Courage, Lac Savoir, Aire de Détente","Méga Canne : Route 203, Route 204, Route 209, Route 212, Route 214, Bonaugure, Source des Adieux, Lac Vérité, Lac Courage, Lac Savoir, Aire de Détente",Incompatible,,,
0119,Poissoroy,Femelle,,,,,,,,,,,,"Bonaugure, Aire de Détente, Lac Courage, Lac Savoir, Lac Vérité, Route 203, Route 204, Route 209, Route 212, Route 214, Source Adieu (Méga Canne)","Bonaugure, Aire de Détente, Lac Courage, Lac Savoir, Lac Vérité, Route 203, Route 204, Route 209, Route 212, Route 214, Source Adieu (Méga Canne)","Bonaugure, Célestia, Lac Courage, Lac Savoir, Lac Vérité, Route 203, Route 204, Route 208, Route 209, Route 212, Route 214, Route 229, Source Adieu (Méga Canne)","Route 9, Route 10, Route 24, Route 25, Route 42, Puits Ramoloss*, Caves Jumelles, Grotte Argentée, Mont Creuset, Antre Noir, Azuria, Chutes Tohjo, Parc Safari (Surf et Méga Canne)","Route 9, Route 10, Route 24, Route 25, Route 42, Puits Ramoloss*, Caves Jumelles, Grotte Argentée, Mont Creuset, Antre Noir, Azuria, Chutes Tohjo, Parc Safari (Surf et Méga Canne)","Route 3, Route 11, Route 14, Ogoesse, Forêt d'Empoigne, Bois des Illusions, Autel Abondance (Pêche tourbillon), Puits Ramoloss (Pêche)","Route 3, Route 11, Route 14, Ogoesse, Forêt d'Empoigne, Bois des Illusions, Autel Abondance (Pêche tourbillon), Puits Ramoloss (Pêche)","Route 3, Route 11, Route 14, Route 22, Ogoesse, Pavonnay, Forêt d'Empoigne, Autel Abondance (Pêche tourbillon)","Route 3, Route 11, Route 14, Route 22, Ogoesse, Pavonnay, Forêt d'Empoigne, Autel Abondance (Pêche tourbillon)",Centre de Kalos (Méga Canne),Centre de Kalos (Méga Canne),Parc Safari (Méga Canne),Parc Safari (Méga Canne),Intrusion* (Poissirène*),Intrusion* (Poissirène*),Intrusion* (Poissirène*),Intrusion* (Poissirène*),Route 6 (sur l'eau),Route 6 (sur l'eau),"Prairie Entre-Ponts, Lac Coupenotte Ouest, Lac Ouragan, Lac Milobellus Nord, Expédition Dynamax","Prairie Entre-Ponts, Lac Coupenotte Ouest, Lac Ouragan, Lac Milobellus Nord, Expédition Dynamax","Méga Canne : Route 203, Route 204, Route 209, Route 212, Route 214, Bonaugure, Source des Adieux, Lac Vérité, Lac Courage, Lac Savoir, Aire de Détente","Méga Canne : Route 203, Route 204, Route 209, Route 212, Route 214, Bonaugure, Source des Adieux, Lac Vérité, Lac Courage, Lac Savoir, Aire de Détente",Incompatible,,,
0120,Stari,,"Chenal 19, Chenal 20, Chenal 21, Cramois'Île, Îles Écume (Méga Canne)","Chenal 19, Chenal 20, Chenal 21, Cramois'Île, Îles Écume (Méga Canne)","Chenal 19, Chenal 20, Chenal 21, Bourg Palette, Carmin sur Mer*, Cramois'Île, Îles Écume (Méga Canne)","Chenal 19, Route 34, Chenal 40, Chenal 41, Ville Griotte, Oliville, Irisia, Azuria (Super Canne et Méga Canne) (Nuit)","Chenal 19, Route 34, Chenal 40, Chenal 41, Ville Griotte, Oliville, Irisia, Azuria (Super Canne et Méga Canne) (Nuit)","Chenal 19, Route 34, Chenal 40, Chenal 41, Ville Griotte, Oliville, Irisia, Azuria (Super Canne et Méga Canne) (Nuit)",Nénucrique (Méga Canne),Nénucrique (Méga Canne),Nénucrique (Méga Canne),Indisponible,"Bourg Palette, Carmin sur Mer, Cramois'Île, Île 1 (ville), Grotte de Glace (Méga Canne)","Joliberges, Rivamar (Méga Canne)","Joliberges, Rivamar (Méga Canne)","Joliberges, Rivamar (Méga Canne)","Chenal 19, Route 34, Route 40, Oliville, Irisia, Caves Jumelles, Ville Griotte, Pokéwalker (Jolie Plage) (Méga Canne, Nuit), Route 47 (Surf)","Chenal 19, Route 34, Route 40, Oliville, Irisia, Caves Jumelles, Ville Griotte, Pokéwalker (Jolie Plage) (Méga Canne, Nuit), Route 47 (Surf)",Route 13 (Surf),Route 13 (Surf),"Route 13, Vaguelone, Papeloa (Surf)","Route 13, Vaguelone, Papeloa (Surf)",Route 8 (Super Canne),Indisponible,Nénucrique (Méga Canne),Nénucrique (Méga Canne),"Plage Hano-Hano*, Route 7 (Canne à Pêche*)","Plage Hano-Hano*, Route 7 (Canne à Pêche*)","Plage Hano-Hano*, Route 7 (Canne à Pêche*)","Plage Hano-Hano*, Route 7 (Canne à Pêche*)","Sur l'eau : Routes 18, 19 et 21","Sur l'eau : Routes 18, 19 et 21","Plage de l'Épreuve, Plaine des Efforts","Plage de l'Épreuve, Plaine des Efforts","Grotte des Eaux Souterraines, Grotte des Stalactites, Grotte de la Rivière, Caverne du Miroir d'Eau, Caverne du Glacier Méga Canne : Joliberges, Rivamar","Grotte des Eaux Souterraines, Grotte des Stalactites, Grotte de la Rivière, Caverne du Miroir d'Eau, Caverne du Glacier Méga Canne : Joliberges, Rivamar",Incompatible,,,
0121,Staross,,Indisponible,Indisponible,Indisponible,Indisponible,Indisponible,Indisponible,Indisponible,Indisponible,Indisponible,Indisponible,Indisponible,Indisponible,Indisponible,Indisponible,Indisponible,Indisponible,Route 13 (Surf tourbillon),Route 13 (Surf tourbillon),"Route 13, Vaguelone, Papeloa (Surf tourbillon)","Route 13, Vaguelone, Papeloa (Surf tourbillon)",Route 8 (Méga Canne),Indisponible,Faire évoluer Stari avec une Pierre Eau,Faire évoluer Stari avec une Pierre Eau,Intrusion* (Stari*),Intrusion* (Stari*),Intrusion* (Stari*),Intrusion* (Stari*),"Sur l'eau : Routes 18, 19 et 21","Sur l'eau : Routes 18, 19 et 21","Plage de l'Épreuve, Plaine Salutation, Expédition Dynamax","Plage de l'Épreuve, Plaine Salutation, Expédition Dynamax",Faire évoluer Stari (Avec une Pierre Eau),Faire évoluer Stari (Avec une Pierre Eau),Incompatible,,,
0122,M. Mime,,Échange contre un Abra sur la Route 2,Échange contre un Abra sur la Route 2,Échange contre un Mélofée sur la Route 2,"Chenal 21, Casino de Céladopole","Chenal 21, Casino de Céladopole",Chenal 21 (Nuit),Indisponible,Indisponible,Indisponible,Échange contre un Abra sur la Route 2,Échange contre un Abra sur la Route 2,"Route 218, Route 222",Indisponible,Route 218,"Chenal 21, Parc Safari, Casino de Céladopole","Chenal 21, Parc Safari, Casino de Céladopole",Indisponible,Indisponible,Indisponible,Route 20 (Troupeau),Grotte Miroitante,Grotte Miroitante,Indisponible,Indisponible,Échange,Échange,Intrusion (Mime Jr.*),Intrusion (Mime Jr.*),Route 11 (Hautes herbes),Route 11 (Hautes herbes),"Échanger un Ixon à la Gare de Smashings, Échange contre un M. Mime de Galar à Régiona, Expédition Dynamax","Échanger un Ixon à la Gare de Smashings, Échange contre un M. Mime de Galar à Régiona, Expédition Dynamax","Route 218, Route 222, Grotte Éblouissante, Grotte du Blizzard, Grotte des Stalactites, Caverne de la Nuit Étoilée, Caverne du Glacier","Grotte Éblouissante, Grotte du Blizzard, Grotte des Stalactites, Caverne de la Nuit Étoilée, Caverne du Glacier",??,,,
0122,M. Mime,Galar,,,,,,,,,,,,,,,,,,,,,,,,,,,,,,,"Route 10, Lac Ouragan, Expédition Dynamax","Route 10, Lac Ouragan, Expédition Dynamax",Incompatible,Incompatible,Incompatible,,,
0123,Insécateur,Mâle,"Parc Safari, Casino de Céladopole",Indisponible,"Parc Safari, Casino de Céladopole",Concours de capture d'insecte,Concours de capture d'insecte,Concours de capture d'insecte,Indisponible,Indisponible,Indisponible,"Parc Safari (Zone Est et Entrée), Casino de Céladopole",Indisponible,Route 229,Indisponible,"Route 210, Route 215",Concours de capture d'insecte,Concours de capture d'insecte,Indisponible,Indisponible,Indisponible,Indisponible,Route 21 (Hautes herbes et Horde),Route 21 (Hautes herbes et Horde),Indisponible,Indisponible,"Plaine de Poni (embuscade, d'un buisson)","Plaine de Poni (embuscade, d'un buisson)","Plaine de Poni (embuscade, d'un buisson)","Plaine de Poni (embuscade, d'un buisson)",Hautes herbesLGP : Routes 14 et 15,"Hautes herbesLGP : Routes 14 et 15, Échange","Plaine des Efforts, Expédition Dynamax","Plaine des Efforts, Expédition Dynamax","Route 229, Grotte de la Prairie, Grotte de la Rivière, Caverne du Miroir d'Eau, Caverne Ensoleillée",Échange,??,-,-,
0123,Insécateur,Femelle,,,,,,,,,,,,Route 229,Indisponible,"Route 210, Route 215",Concours de capture d'insecte,Concours de capture d'insecte,Indisponible,Indisponible,Indisponible,Indisponible,Route 21 (Hautes herbes et Horde),Route 21 (Hautes herbes et Horde),Indisponible,Indisponible,"Plaine de Poni (embuscade, d'un buisson)","Plaine de Poni (embuscade, d'un buisson)","Plaine de Poni (embuscade, d'un buisson)","Plaine de Poni (embuscade, d'un buisson)",Hautes herbesLGP : Routes 14 et 15,"Hautes herbesLGP : Routes 14 et 15, Échange","Plaine des Efforts, Expédition Dynamax","Plaine des Efforts, Expédition Dynamax","Route 229, Grotte de la Prairie, Grotte de la Rivière, Caverne du Miroir d'Eau, Caverne Ensoleillée",Échange,??,-,-,
0124,Lippoutou,,Échange contre un Têtarte à Azuria,Échange contre un Têtarte à Azuria,Indisponible,Route de Glace,Route de Glace,Route de Glace (Matin et Jour),Indisponible,Indisponible,Indisponible,Échange contre un Têtarte à Azuria,Échange contre un Têtarte à Azuria,Indisponible,Indisponible,"Temple Frimapic, Faire évoluer Lippouti au bonheur","Route de Glace, Îles Écume","Route de Glace, Îles Écume",Grotte Cyclopéenne (Grottes),Grotte Cyclopéenne (Grottes),Indisponible,Indisponible,Caverne Gelée,Caverne Gelée,Indisponible,Indisponible,Échange,Échange,Intrusion (Lippouti*),Intrusion (Lippouti*),Îles Écume (en marchant),Îles Écume (en marchant),"Plateau Beau-Gant, Plaine Granfroy, Expédition Dynamax","Plateau Beau-Gant, Plaine Granfroy, Expédition Dynamax",Faire évoluer Lippouti (Niveau 30),Faire évoluer Lippouti (Niveau 30),Incompatible,,,
0125,Élektek,,Centrale,Indisponible,Indisponible,Route 10,Route 10,Route 10,Indisponible,Indisponible,Indisponible,Centrale,Indisponible,Indisponible,Indisponible,"Route 222, Faire évoluer Élekid au bonheur","Route 10, Parc Safari","Route 10, Parc Safari",Indisponible,Indisponible,Indisponible,Indisponible,"Safari des Amis Électrik, position 2 (0404-7913-6302)","Safari des Amis Électrik, position 2 (0404-7913-6302)",Indisponible,Indisponible,Intrusion* (Élekid*),Intrusion* (Élekid*),Intrusion* (Élekid*),Intrusion* (Élekid*),Centrale abandonnée,Centrale abandonnée,"Repos du Géant, Cimetière Ancien, Empreinte du Géant, Mer Banquise, Croisée Trois-Voies, Lac Poké Ball, Expédition Dynamax","Repos du Géant, Cimetière Ancien, Empreinte du Géant, Mer Banquise, Croisée Trois-Voies, Lac Poké Ball, Expédition Dynamax",Faire évoluer Élekid (Niveau 30),Faire évoluer Élekid (Niveau 30),??,-,-,
0126,Magmar,,Indisponible,Manoir Pokémon,Indisponible,Tour Cendrée,Tour Cendrée,Grotte Argentée (Rez-de-Chaussée) (Matin et Jour),Indisponible,Indisponible,Indisponible,Indisponible,Mont Braise,Indisponible,Indisponible,"Forge Fuego, Faire évoluer Magby au bonheur","Tour Cendrée, Parc Safari","Tour Cendrée, Parc Safari",Indisponible,Indisponible,Indisponible,Indisponible,"Safari des Amis Feu, position 1 (2896-4240-0090)","Safari des Amis Feu, position 1 (2896-4240-0090)",Indisponible,Indisponible,Intrusion* (Magby*),Intrusion* (Magby*),Intrusion* (Magby*),Intrusion* (Magby*),Manoir Pokémon,Manoir Pokémon,"Plateau Beau-Gant, Plaine Granfroy, Repos du Géant, Cimetière Ancien, Pente Enneigée, Empreinte du Géant, Croisée Trois-Voies, Lac Poké Ball, Expédition Dynamax","Plateau Beau-Gant, Plaine Granfroy, Repos du Géant, Cimetière Ancien, Pente Enneigée, Empreinte du Géant, Croisée Trois-Voies, Lac Poké Ball, Expédition Dynamax",Faire évoluer Magby (Niveau 30),Faire évoluer Magby (Niveau 30),??,-,-,
0127,Scarabrute,,Indisponible,"Parc Safari, Casino de Céladopole","Parc Safari, Casino de Céladopole",Concours de capture d'insecte,Concours de capture d'insecte,Concours de capture d'insecte,Parc Safari (Zone accessible avec Vélo Course),Parc Safari (Zone accessible avec Vélo Course),Parc Safari (Zone accessible avec Vélo Course),Indisponible,"Parc Safari (Zone Est et Entrée), Casino de Céladopole",Indisponible,Route 229 (EssaimPt),Route 229 (EssaimPt),Concours de capture d'insecte,Concours de capture d'insecte,Route 12,Route 12,Trouée Cachée (Bois des Illusions),"Route 12, Bois des Illusions, Trouée Cachée (Bois des Illusions)",Route 12,Route 12,"Parc Safari (Zone Nord-est, Très Hautes herbes)","Parc Safari (Zone Nord-est, Très Hautes herbes)","Jungle Sombrefeuille*, Forêt de Poni","Jungle Sombrefeuille*, Forêt de Poni","Jungle Sombrefeuille*, Forêt de Poni, Île Noadkoko","Jungle Sombrefeuille*, Forêt de Poni, Île Noadkoko","Hautes herbesLGE : Routes 14 et 15, Échange",Hautes herbesLGE : Routes 14 et 15,"Plaine des Efforts, Route de l'Épreuve",Échange,Échange,"Route 229, Grotte de la Prairie, Grotte de la Rivière, Caverne du Miroir d'Eau, Caverne Ensoleillée",Incompatible,,,
0128,Tauros,,Parc Safari,Parc Safari,Parc Safari,"Route 38, Route 39","Route 38, Route 39","Route 38, Route 39 (Matin et Jour)",Indisponible,Indisponible,Indisponible,Parc Safari (Zone Nord et Zone Ouest),Parc Safari (Zone Nord et Zone Ouest),"Route 209, Route 210 (Poké Radar)","Route 209, Route 210 (Poké Radar)",Route 210 (Poké Radar),"Route 38, Route 39, Route 48, Pokéwalker (Grotte Terreur)","Route 38, Route 39, Route 48, Pokéwalker (Grotte Terreur)",Indisponible,Indisponible,Indisponible,Indisponible,"Route 12 (Hautes herbes, Fleurs et Horde)","Route 12 (Hautes herbes, Fleurs et Horde)",Indisponible,Indisponible,"Ranch Ohana, Plaine de Poni","Ranch Ohana, Plaine de Poni","Ranch Ohana, Plaine de Poni","Ranch Ohana, Plaine de Poni",Hautes herbes : Routes 14 et 15,Hautes herbes : Routes 14 et 15,"Plaine des Efforts, Expédition Dynamax","Plaine des Efforts, Expédition Dynamax","Route 209 (Poké Radar), Route 210 (Partie Sud) (Poké Radar), Grotte Spacieuse, Grotte de la Prairie, Grotte des Eaux Souterraines, Grotte des Rochers, Grotte du Blizzard, Grotte des Stalactites, Grotte de la Rivière, Caverne du Miroir d'Eau, Caverne Ensoleillée, Caverne du Piton, Caverne du Glacier","Route 209 (Poké Radar), Route 210 (Partie Sud) (Poké Radar), Grotte Spacieuse, Grotte de la Prairie, Grotte des Eaux Souterraines, Grotte des Rochers, Grotte du Blizzard, Grotte des Stalactites, Grotte de la Rivière, Caverne du Miroir d'Eau, Caverne Ensoleillée, Caverne du Piton, Caverne du Glacier",Incompatible,-,-,
0128,Tauros,"Pladea,Race Combative",,,,,,,,,,,,,,,,,,,,,,,,,,,,,,,,,,,,-,-,
0128,Tauros,"Paldea,Race Flamboyante",,,,,,,,,,,,,,,,,,,,,,,,,,,,,,,,,,,,-,Indisponible,
0128,Tauros,"Pladea,Race Aquatique",,,,,,,,,,,,,,,,,,,,,,,,,,,,,,,,,,,,Indisponible,-,
0129,Magicarpe,Mâle,"Totalité des routes, villes et lieux avec un point d'eau (Canne et parfois Méga Canne), Centre Pokémon du Mont Sélénite pour 500","Totalité des routes, villes et lieux avec un point d'eau (Canne et parfois Méga Canne), Centre Pokémon du Mont Sélénite pour 500","Totalité des routes, villes et lieux avec un point d'eau (Canne et parfois Méga Canne), Centre Pokémon du Mont Sélénite pour 500","Totalité des routes, villes et lieux avec un point d'eau (Canne, Super Canne et Méga Canne)","Totalité des routes, villes et lieux avec un point d'eau (Canne, Super Canne et Méga Canne)","Totalité des routes, villes et lieux avec un point d'eau (Canne, Super Canne et Méga Canne)","Quasi-totalité des villes, routes et lieux avec un point d'eau (Canne et Super Canne)","Quasi-totalité des villes, routes et lieux avec un point d'eau (Canne et Super Canne)","Quasi-totalité des villes, routes et lieux avec un point d'eau (Canne et Super Canne)","Quasi-totalité des villes, routes et lieux avec un point d'eau (Canne et Super Canne), Vendeur de Magicarpe au Mont Sélénite","Quasi-totalité des villes, routes et lieux avec un point d'eau (Canne et Super Canne), Vendeur de Magicarpe au Mont Sélénite","Quasi-Totalité des routes, villes et lieux avec un point d'eau (Pêche)","Quasi-Totalité des routes, villes et lieux avec un point d'eau (Pêche)","Quasi-Totalité des routes, villes et lieux avec un point d'eau (Pêche)","Quasi-Totalité des routes, villes et lieux avec un point d'eau (Pêche), Pokéwalker (Plage Brûlante, Plage Orageuse)","Quasi-Totalité des routes, villes et lieux avec un point d'eau (Pêche), Pokéwalker (Plage Brûlante, Plage Orageuse)",Pont de l'Inconnu (500),Pont de l'Inconnu (500),"Pont de l'Inconnu (500), Réserve Naturelle (Pêche)","Pont de l'Inconnu (500), Réserve Naturelle (Pêche)","Centre de Kalos (Canne), Échange interne contre un Léviator dans les hôtels de Kalos","Centre de Kalos (Canne), Échange interne contre un Léviator dans les hôtels de Kalos","Totalité des villes, routes et lieux avec un point d'eau (Canne et Super Canne), Route 104 (toutes cannes)","Totalité des villes, routes et lieux avec un point d'eau (Canne et Super Canne), Route 104 (toutes cannes)",Totalité des rochers où la Pêche est possible (Canne à Pêche),Totalité des rochers où la Pêche est possible (Canne à Pêche),Totalité des rochers où la Pêche est possible (Canne à Pêche),Totalité des rochers où la Pêche est possible (Canne à Pêche),"Routes 5, 6, 10, 11, 12, 18, 19, 21, 22, 23, 24, Caverne Azurée et Îles Écume","Routes 5, 6, 10, 11, 12, 18, 19, 21, 22, 23, 24, Caverne Azurée et Îles Écume","Canne à Pêche : Route 2, 4, 5, 6, Forêt de Sleepwood, Lac Coupenotte Est et Ouest, Œil du Lac, Prairie Entre-Ponts, Lac Milobellus Nord et Sud, Plaine Salutation, Caverne Pugnacité, Lande Boldair, Plage de l'Épreuve, Forêt Flexion, Plaine des Efforts, Lagune Circulaire, Mer Eau-Hisse, Mer Align'Îlots, Mer Isol'Îlots, Îlot Calméole, Mer Calméole, Repos du Géant, Pente Enneigée, Empreinte du Géant, Mer Banquise, Lac Poké Ball Surf : Repos du Géant, Empreinte du Géant, Cavernes Gronde-Mer, Lac Poké Ball","Canne à Pêche : Route 2, 4, 5, 6, Forêt de Sleepwood, Lac Coupenotte Est et Ouest, Œil du Lac, Prairie Entre-Ponts, Lac Milobellus Nord et Sud, Plaine Salutation, Caverne Pugnacité, Lande Boldair, Plage de l'Épreuve, Forêt Flexion, Plaine des Efforts, Lagune Circulaire, Mer Eau-Hisse, Mer Align'Îlots, Mer Isol'Îlots, Îlot Calméole, Mer Calméole, Repos du Géant, Pente Enneigée, Empreinte du Géant, Mer Banquise, Lac Poké Ball Surf : Repos du Géant, Empreinte du Géant, Cavernes Gronde-Mer, Lac Poké Ball","Canne / Super Canne : Route 203, Route 204, Route 205, Route 208, Route 209, Route 210, Route 212, Route 213, Route 214, Route 218, Route 219, Route 221, Route 222, Route 224, Route 225, Route 227, Route 228, Route 229, Chenal 220, Chenal 223, Chenal 226, Chenal 230, Vestigion, Bonaugure, Aire de Détente, Joliberges, Célestia, Forge Fuego, Rivamar, Ligue Pokémon, Parc Éolien, Mont Couronné, Grand Marais, Route Victoire, Chemin Rocheux, Entrée de Charbourg, Source des Adieux, Verchamps, Lac Vérité, Lac Courage, Lac Savoir","Canne / Super Canne : Route 203, Route 204, Route 205, Route 208, Route 209, Route 210, Route 212, Route 213, Route 214, Route 218, Route 219, Route 221, Route 222, Route 224, Route 225, Route 227, Route 228, Route 229, Chenal 220, Chenal 223, Chenal 226, Chenal 230, Vestigion, Bonaugure, Aire de Détente, Joliberges, Célestia, Forge Fuego, Rivamar, Ligue Pokémon, Parc Éolien, Mont Couronné, Grand Marais, Route Victoire, Chemin Rocheux, Entrée de Charbourg, Source des Adieux, Verchamps, Lac Vérité, Lac Courage, Lac Savoir",??,-,-,
0129,Magicarpe,Femelle,,,,,,,,,,,,"Quasi-Totalité des routes, villes et lieux avec un point d'eau (Pêche)","Quasi-Totalité des routes, villes et lieux avec un point d'eau (Pêche)","Quasi-Totalité des routes, villes et lieux avec un point d'eau (Pêche)","Quasi-Totalité des routes, villes et lieux avec un point d'eau (Pêche), Pokéwalker (Plage Brûlante, Plage Orageuse)","Quasi-Totalité des routes, villes et lieux avec un point d'eau (Pêche), Pokéwalker (Plage Brûlante, Plage Orageuse)",Pont de l'Inconnu (500),Pont de l'Inconnu (500),"Pont de l'Inconnu (500), Réserve Naturelle (Pêche)","Pont de l'Inconnu (500), Réserve Naturelle (Pêche)","Centre de Kalos (Canne), Échange interne contre un Léviator dans les hôtels de Kalos","Centre de Kalos (Canne), Échange interne contre un Léviator dans les hôtels de Kalos","Totalité des villes, routes et lieux avec un point d'eau (Canne et Super Canne), Route 104 (toutes cannes)","Totalité des villes, routes et lieux avec un point d'eau (Canne et Super Canne), Route 104 (toutes cannes)",Totalité des rochers où la Pêche est possible (Canne à Pêche),Totalité des rochers où la Pêche est possible (Canne à Pêche),Totalité des rochers où la Pêche est possible (Canne à Pêche),Totalité des rochers où la Pêche est possible (Canne à Pêche),"Routes 5, 6, 10, 11, 12, 18, 19, 21, 22, 23, 24, Caverne Azurée et Îles Écume","Routes 5, 6, 10, 11, 12, 18, 19, 21, 22, 23, 24, Caverne Azurée et Îles Écume","Canne à Pêche : Route 2, 4, 5, 6, Forêt de Sleepwood, Lac Coupenotte Est et Ouest, Œil du Lac, Prairie Entre-Ponts, Lac Milobellus Nord et Sud, Plaine Salutation, Caverne Pugnacité, Lande Boldair, Plage de l'Épreuve, Forêt Flexion, Plaine des Efforts, Lagune Circulaire, Mer Eau-Hisse, Mer Align'Îlots, Mer Isol'Îlots, Îlot Calméole, Mer Calméole, Repos du Géant, Pente Enneigée, Empreinte du Géant, Mer Banquise, Lac Poké Ball Surf : Repos du Géant, Empreinte du Géant, Cavernes Gronde-Mer, Lac Poké Ball","Canne à Pêche : Route 2, 4, 5, 6, Forêt de Sleepwood, Lac Coupenotte Est et Ouest, Œil du Lac, Prairie Entre-Ponts, Lac Milobellus Nord et Sud, Plaine Salutation, Caverne Pugnacité, Lande Boldair, Plage de l'Épreuve, Forêt Flexion, Plaine des Efforts, Lagune Circulaire, Mer Eau-Hisse, Mer Align'Îlots, Mer Isol'Îlots, Îlot Calméole, Mer Calméole, Repos du Géant, Pente Enneigée, Empreinte du Géant, Mer Banquise, Lac Poké Ball Surf : Repos du Géant, Empreinte du Géant, Cavernes Gronde-Mer, Lac Poké Ball","Canne / Super Canne : Route 203, Route 204, Route 205, Route 208, Route 209, Route 210, Route 212, Route 213, Route 214, Route 218, Route 219, Route 221, Route 222, Route 224, Route 225, Route 227, Route 228, Route 229, Chenal 220, Chenal 223, Chenal 226, Chenal 230, Vestigion, Bonaugure, Aire de Détente, Joliberges, Célestia, Forge Fuego, Rivamar, Ligue Pokémon, Parc Éolien, Mont Couronné, Grand Marais, Route Victoire, Chemin Rocheux, Entrée de Charbourg, Source des Adieux, Verchamps, Lac Vérité, Lac Courage, Lac Savoir","Canne / Super Canne : Route 203, Route 204, Route 205, Route 208, Route 209, Route 210, Route 212, Route 213, Route 214, Route 218, Route 219, Route 221, Route 222, Route 224, Route 225, Route 227, Route 228, Route 229, Chenal 220, Chenal 223, Chenal 226, Chenal 230, Vestigion, Bonaugure, Aire de Détente, Joliberges, Célestia, Forge Fuego, Rivamar, Ligue Pokémon, Parc Éolien, Mont Couronné, Grand Marais, Route Victoire, Chemin Rocheux, Entrée de Charbourg, Source des Adieux, Verchamps, Lac Vérité, Lac Courage, Lac Savoir",??,-,-,
0130,Léviator,Mâle,Indisponible,Indisponible,Parmanie (Méga Canne),"Lac Colère (Surf, Super Canne et Méga Canne), Parmanie (Super Canne) et Méga Canne))","Lac Colère (Surf, Super Canne et Méga Canne), Parmanie (Super Canne) et Méga Canne))","Lac Colère (Surf, Super Canne et Méga Canne), Parmanie (Super Canne) et Méga Canne))",Atalanopolis (Méga Canne),Atalanopolis (Méga Canne),Atalanopolis (Méga Canne),"Quasi-totalité des villes, routes et lieux avec un point d'eau (Méga Canne)","Quasi-totalité des villes, routes et lieux avec un point d'eau (Méga Canne)","Quasi-Totalité des routes, villes et lieux avec un point d'eau (Méga Canne)","Quasi-Totalité des routes, villes et lieux avec un point d'eau (Méga Canne)","Quasi-Totalité des routes, villes et lieux avec un point d'eau (Méga Canne)","Grotte Argentée, Lac Colère, Parmanie, Caverne Azurée, Îles Écume, Parc Safari (Méga Canne)","Grotte Argentée, Lac Colère, Parmanie, Caverne Azurée, Îles Écume, Parc Safari (Méga Canne)",Indisponible,Indisponible,Indisponible,Indisponible,Centre de Kalos (Méga Canne),Centre de Kalos (Méga Canne),Atalanopolis (Méga Canne),Atalanopolis (Méga Canne),Intrusion* (Magicarpe*),Intrusion* (Magicarpe*),Intrusion* (Magicarpe*),Intrusion* (Magicarpe*),Chenal 20 sur l'eau,Chenal 20 sur l'eau,"Canne à Pêche : Œil du Lac, Prairie Entre-Ponts, Fosse des Sables, Coiffe du Géant, Miroir du Géant, Siège du Géant, Lac Ouragan, Repos du Géant, Pente Enneigée, Empreinte du Géant, Mer Banquise, Lac Poké Ball Surf : Prairie Entre-Ponts, Fosse des Sables, Lac Coupenotte Est, Lac Ouragan, Lac Milobellus Nord, Lac Milobellus Sud, Lac Coupenotte Ouest, Mer Eau-Hisse, Mer Align'Îlots, Mer Isol'Îlots, Mer Calméole, Îlot Calméole, Plage de l'Épreuve, Repos du Géant","Canne à Pêche : Œil du Lac, Prairie Entre-Ponts, Fosse des Sables, Coiffe du Géant, Miroir du Géant, Siège du Géant, Lac Ouragan, Repos du Géant, Pente Enneigée, Empreinte du Géant, Mer Banquise, Lac Poké Ball Surf : Prairie Entre-Ponts, Fosse des Sables, Lac Coupenotte Est, Lac Ouragan, Lac Milobellus Nord, Lac Milobellus Sud, Lac Coupenotte Ouest, Mer Eau-Hisse, Mer Align'Îlots, Mer Isol'Îlots, Mer Calméole, Îlot Calméole, Plage de l'Épreuve, Repos du Géant","Méga Canne : Route 203, Route 204, Route 205, Route 208, Route 209, Route 210, Route 212, Route 213, Route 214, Route 218, Route 219, Route 221, Route 222, Route 224, Route 225, Route 227, Route 228, Route 229, Chenal 220, Chenal 223, Chenal 226, Chenal 230, Vestigion, Bonaugure, Aire de Détente, Joliberges, Célestia, Forge Fuego, Rivamar, Ligue Pokémon, Parc Éolien, Mont Couronné, Grand Marais, Route Victoire, Chemin Rocheux, Entrée de Charbourg, Source des Adieux, Verchamps, Lac Vérité, Lac Courage, Lac Savoir","Méga Canne : Route 203, Route 204, Route 205, Route 208, Route 209, Route 210, Route 212, Route 213, Route 214, Route 218, Route 219, Route 221, Route 222, Route 224, Route 225, Route 227, Route 228, Route 229, Chenal 220, Chenal 223, Chenal 226, Chenal 230, Vestigion, Bonaugure, Aire de Détente, Joliberges, Célestia, Forge Fuego, Rivamar, Ligue Pokémon, Parc Éolien, Mont Couronné, Grand Marais, Route Victoire, Chemin Rocheux, Entrée de Charbourg, Source des Adieux, Verchamps, Lac Vérité, Lac Courage, Lac Savoir",??,-,-,
0130,Léviator,Femelle,,,,,,,,,,,,"Quasi-Totalité des routes, villes et lieux avec un point d'eau (Méga Canne)","Quasi-Totalité des routes, villes et lieux avec un point d'eau (Méga Canne)","Quasi-Totalité des routes, villes et lieux avec un point d'eau (Méga Canne)","Grotte Argentée, Lac Colère, Parmanie, Caverne Azurée, Îles Écume, Parc Safari (Méga Canne)","Grotte Argentée, Lac Colère, Parmanie, Caverne Azurée, Îles Écume, Parc Safari (Méga Canne)",Indisponible,Indisponible,Indisponible,Indisponible,Centre de Kalos (Méga Canne),Centre de Kalos (Méga Canne),Atalanopolis (Méga Canne),Atalanopolis (Méga Canne),Intrusion* (Magicarpe*),Intrusion* (Magicarpe*),Intrusion* (Magicarpe*),Intrusion* (Magicarpe*),Chenal 20 sur l'eau,Chenal 20 sur l'eau,"Canne à Pêche : Œil du Lac, Prairie Entre-Ponts, Fosse des Sables, Coiffe du Géant, Miroir du Géant, Siège du Géant, Lac Ouragan, Repos du Géant, Pente Enneigée, Empreinte du Géant, Mer Banquise, Lac Poké Ball Surf : Prairie Entre-Ponts, Fosse des Sables, Lac Coupenotte Est, Lac Ouragan, Lac Milobellus Nord, Lac Milobellus Sud, Lac Coupenotte Ouest, Mer Eau-Hisse, Mer Align'Îlots, Mer Isol'Îlots, Mer Calméole, Îlot Calméole, Plage de l'Épreuve, Repos du Géant","Canne à Pêche : Œil du Lac, Prairie Entre-Ponts, Fosse des Sables, Coiffe du Géant, Miroir du Géant, Siège du Géant, Lac Ouragan, Repos du Géant, Pente Enneigée, Empreinte du Géant, Mer Banquise, Lac Poké Ball Surf : Prairie Entre-Ponts, Fosse des Sables, Lac Coupenotte Est, Lac Ouragan, Lac Milobellus Nord, Lac Milobellus Sud, Lac Coupenotte Ouest, Mer Eau-Hisse, Mer Align'Îlots, Mer Isol'Îlots, Mer Calméole, Îlot Calméole, Plage de l'Épreuve, Repos du Géant","Méga Canne : Route 203, Route 204, Route 205, Route 208, Route 209, Route 210, Route 212, Route 213, Route 214, Route 218, Route 219, Route 221, Route 222, Route 224, Route 225, Route 227, Route 228, Route 229, Chenal 220, Chenal 223, Chenal 226, Chenal 230, Vestigion, Bonaugure, Aire de Détente, Joliberges, Célestia, Forge Fuego, Rivamar, Ligue Pokémon, Parc Éolien, Mont Couronné, Grand Marais, Route Victoire, Chemin Rocheux, Entrée de Charbourg, Source des Adieux, Verchamps, Lac Vérité, Lac Courage, Lac Savoir","Méga Canne : Route 203, Route 204, Route 205, Route 208, Route 209, Route 210, Route 212, Route 213, Route 214, Route 218, Route 219, Route 221, Route 222, Route 224, Route 225, Route 227, Route 228, Route 229, Chenal 220, Chenal 223, Chenal 226, Chenal 230, Vestigion, Bonaugure, Aire de Détente, Joliberges, Célestia, Forge Fuego, Rivamar, Ligue Pokémon, Parc Éolien, Mont Couronné, Grand Marais, Route Victoire, Chemin Rocheux, Entrée de Charbourg, Source des Adieux, Verchamps, Lac Vérité, Lac Courage, Lac Savoir",??,-,-,
0131,Lokhlass,,Donné par un employé de la Sylphe SARL à Safrania*,Donné par un employé de la Sylphe SARL à Safrania*,Donné par un employé de la Sylphe SARL à Safrania*,Caves Jumelles (le vendredi uniquement),Caves Jumelles (le vendredi uniquement),Caves Jumelles (le vendredi uniquement),Indisponible,Indisponible,Indisponible,Grotte de Glace (extrêmement rare),Grotte de Glace (extrêmement rare),"Route Victoire (Surf, partie accessible après avoir terminé le jeu)","Route Victoire (Surf, partie accessible après avoir terminé le jeu)","Route Victoire (Surf, partie accessible après avoir terminé le jeu)","Un tous les vendredi au fond des Caves Jumelles, Parc Safari (Zone Rocs et Lac, automatique, Surf)","Un tous les vendredi au fond des Caves Jumelles, Parc Safari (Zone Rocs et Lac, automatique, Surf)",Pont du Hameau (Surf tourbillon),Pont du Hameau (Surf tourbillon),Pont du Hameau (Surf tourbillon),Pont du Hameau (Surf tourbillon),"Route 12, Baie Azur (Surf), Donné sur la Route 12 par un Dresseur","Route 12, Baie Azur (Surf), Donné sur la Route 12 par un Dresseur",Indisponible,Indisponible,Prairie de Poni (sur l'eau),Prairie de Poni (sur l'eau),Récif de Poni (sur l'eau),Récif de Poni (sur l'eau),Apparition rare sur l'eau dans les Chenaux 19 et 20,Apparition rare sur l'eau dans les Chenaux 19 et 20,"Canne à Pêche : Route 9 Surf : Route 2, Lac Ouragan, Lac Milobellus Nord, Lac Coupenotte Ouest, Mer Banquise","Canne à Pêche : Route 9 Surf : Route 2, Lac Ouragan, Lac Milobellus Nord, Lac Coupenotte Ouest, Mer Banquise",Surf : Route Victoire,Surf : Route Victoire,Incompatible,-,-,
0132,Métamorph,,"Route 13, Route 14, Route 15, Route 23, Caverne Azurée","Route 13, Route 14, Route 15, Route 23, Caverne Azurée","Manoir Pokémon, Caverne Azurée","Route 34, Route 35","Route 34, Route 35","Route 34, Route 35",Indisponible,Indisponible,Voie du Désert,"Route 13, Route 14, Route 15, Manoir Pokémon, Caverne Azurée","Route 13, Route 14, Route 15, Manoir Pokémon, Caverne Azurée",Route 218 (Poké Radar),Route 218 (Poké Radar),"Route 218 (Poké Radar), Manoir Pokémon (occasionnel)","Route 34, Route 35, Route 47, Caverne Azurée, Parc Safari","Route 34, Route 35, Route 47, Caverne Azurée, Parc Safari",Grotte Cyclopéenne (Forêt du Cratère),Grotte Cyclopéenne (Forêt du Cratère),"Grotte Cyclopéenne (Forêt du Cratère), Trouée Cachée (Grotte Cyclopéenne)","Grotte Cyclopéenne (Forêt du Cratère), Trouée Cachée (Grotte Cyclopéenne)",Village Pokémon,Village Pokémon,"Grotte Mirage (Nord du Chenal 132), Île Mirage (Sud du Chenal 133)","Grotte Mirage (Nord du Chenal 132), Île Mirage (Sud du Chenal 133)",Mont Hokulani,Mont Hokulani,"Mont Hokulani, Route 9 (Unique), Konikoni (Quatre)","Mont Hokulani, Route 9 (Unique), Konikoni (Quatre)",Manoir Pokémon et Caverne Azurée,Manoir Pokémon et Caverne Azurée,"Lac Ouragan, Mer Eau-Hisse, Expédition Dynamax","Lac Ouragan, Mer Eau-Hisse, Expédition Dynamax","Route 218 (Poké Radar), Grotte Éblouissante, Caverne de la Nuit Étoilée","Route 218 (Poké Radar), Grotte Éblouissante, Caverne de la Nuit Étoilée",Incompatible,-,-,
0133,Évoli,Mâle,Donné à la Résidence Céladon de Céladopole,Donné à la Résidence Céladon de Céladopole,Donné à la Résidence Céladon de Céladopole,"Donné par Léo à Doublonville, Casino de Céladopole","Donné par Léo à Doublonville, Casino de Céladopole",Donné par Léo à Doublonville,Indisponible,Indisponible,Indisponible,Donné à la Résidence Céladon,Donné à la Résidence Céladon,"Donné par Amelle à Unionpolis, Manoir Pokémon (occasionnel)","Donné par Amelle à Unionpolis, Manoir Pokémon (occasionnel)","Donné par Amelle à Unionpolis, Manoir Pokémon (occasionnel)","Donné par Léo à Doublonville, Casino de Céladopole","Donné par Léo à Doublonville, Casino de Céladopole",Indisponible,Indisponible,"Volucité, Donné par Borleta à Volucité","Volucité, Donné par Borleta à Volucité","Route 10, Échange interne contre n'importe quel Pokémon dans les hôtels de Kalos","Route 10, Échange interne contre n'importe quel Pokémon dans les hôtels de Kalos",Route 116 (Navi-Dex),Route 116 (Navi-Dex),"Routes 4, et 6, Œuf donné au Ranch Ohana","Routes 4, et 6, Œuf donné au Ranch Ohana","Routes 4, et 6, Œuf donné au Ranch Ohana","Routes 4, et 6, Œuf donné au Ranch Ohana",Route 17 (Hautes herbes),Route 17 (Hautes herbes),"Route 4, Repos du Géant, Lac Poké Ball, Plaine Granfroy","Route 4, Repos du Géant, Lac Poké Ball, Plaine Granfroy","Offert par Amelle dans sa maison à Unionpolis après avoir obtenu le Pokédex National, Jardin Trophée (Après obtention du Pokédex National)","Offert par Amelle dans sa maison à Unionpolis après avoir obtenu le Pokédex National, Jardin Trophée (Après obtention du Pokédex National)",??,-,-,
0133,Évoli,Femelle,,,,,,,,,,,,,,,,,,,,,,,,,,,,,Non transférable,Bourg Palette (Laboratoire Pokémon),,,,,,-,-,
0134,Aquali,,Indisponible,Indisponible,Indisponible,Indisponible,Indisponible,Indisponible,Indisponible,Indisponible,Indisponible,Indisponible,Indisponible,Indisponible,Indisponible,Indisponible,Indisponible,Indisponible,Indisponible,Indisponible,Indisponible,Indisponible,Indisponible,Indisponible,Indisponible,Indisponible,Faire évoluer Évoli avec une Pierre Eau,Faire évoluer Évoli avec une Pierre Eau,Faire évoluer Évoli avec une Pierre Eau,Faire évoluer Évoli avec une Pierre Eau,,,"Lac Ouragan, Repos du Géant, Expédition Dynamax","Lac Ouragan, Repos du Géant, Expédition Dynamax",Faire évoluer Évoli (Avec une Pierre Eau),Faire évoluer Évoli (Avec une Pierre Eau),??,-,-,
0135,Voltali,,Indisponible,Indisponible,Indisponible,Indisponible,Indisponible,Indisponible,Indisponible,Indisponible,Indisponible,Indisponible,Indisponible,Indisponible,Indisponible,Indisponible,Indisponible,Indisponible,Indisponible,Indisponible,Indisponible,Indisponible,Indisponible,Indisponible,Indisponible,Indisponible,Faire évoluer Évoli avec une Pierre Foudre,Faire évoluer Évoli avec une Pierre Foudre,Faire évoluer Évoli avec une Pierre Foudre,Faire évoluer Évoli avec une Pierre Foudre,,,"Lac Ouragan, Repos du Géant, Expédition Dynamax","Lac Ouragan, Repos du Géant, Expédition Dynamax",Faire évoluer Évoli (Avec une Pierre Foudre),Faire évoluer Évoli (Avec une Pierre Foudre),??,-,-,
0136,Pyroli,,Indisponible,Indisponible,Indisponible,Indisponible,Indisponible,Indisponible,Indisponible,Indisponible,Indisponible,Indisponible,Indisponible,Indisponible,Indisponible,Indisponible,Indisponible,Indisponible,Indisponible,Indisponible,Indisponible,Indisponible,Indisponible,Indisponible,Indisponible,Indisponible,Faire évoluer Évoli avec une Pierre Feu,Faire évoluer Évoli avec une Pierre Feu,Faire évoluer Évoli avec une Pierre Feu,Faire évoluer Évoli avec une Pierre Feu,,,"Lac Ouragan, Repos du Géant, Expédition Dynamax","Lac Ouragan, Repos du Géant, Expédition Dynamax",Faire évoluer Évoli (Avec une Pierre Feu),Faire évoluer Évoli (Avec une Pierre Feu),??,-,-,
0137,Porygon,,Casino de Céladopole,Casino de Céladopole,Casino de Céladopole,Casino de Céladopole,Casino de Céladopole,Casino de Céladopole,Indisponible,Indisponible,Indisponible,Casino de Céladopole,Casino de Céladopole,Manoir Pokémon (occasionnel),Manoir Pokémon (occasionnel),Offert à Voilaroc,Casino de Céladopole,Casino de Céladopole,Indisponible,Forêt Blanche (avec Fabio dans la forêt),Indisponible,Indisponible,Indisponible,Indisponible,"Île Mirage (Est de la Grotte Tréfonds), Mont Mirage (Sud-est du Chenal 129)","Île Mirage (Est de la Grotte Tréfonds), Mont Mirage (Sud-est du Chenal 129)",Donné au Foyer Æther sur la Route 15 après avoir fini le jeu,Donné au Foyer Æther sur la Route 15 après avoir fini le jeu,Donné au Foyer Æther sur la Route 15 après avoir fini le jeu,Donné au Foyer Æther sur la Route 15 après avoir fini le jeu,Apparition rare sur la Route 7 (Hautes herbes),Apparition rare sur la Route 7 (Hautes herbes),"Offert par Hortensio au Dojo de la Maîtrise, Expédition Dynamax","Offert par Hortensio au Dojo de la Maîtrise, Expédition Dynamax",Jardin Trophée (Après obtention du Pokédex National),Jardin Trophée (Après obtention du Pokédex National),??,-,-,
0138,Amonita,,Réanimer le Fossile Nautile à Cramois'Île*,Réanimer le Fossile Nautile à Cramois'Île*,Réanimer le Fossile Nautile à Cramois'Île*,Indisponible,Indisponible,Indisponible,Indisponible,Indisponible,Indisponible,Réanimer le Nautile à Cramois'Île (choix entre lui et Kabuto),Réanimer le Nautile à Cramois'Île (choix entre lui et Kabuto),Réanimer le Nautile au Musée Minier de Charbourg,Réanimer le Nautile au Musée Minier de Charbourg,Réanimer le Nautile au Musée Minier de Charbourg,Réanimer le Nautile au Musée des Sciences d'Argenta,Indisponible,Réanimer le Nautile au Musée de Maillard (donné par un ouvrier au Mont Foré),Réanimer le Nautile au Musée de Maillard (donné par un ouvrier au Mont Foré),Réanimer le Nautile au Musée de Maillard (donné par un ouvrier au Mont Foré),Réanimer le Nautile au Musée de Maillard (donné par un ouvrier au Mont Foré),Indisponible,Réanimer le Nautile au Bureau d'Étude des Fossiles à Roche-sur-Gliffe (Fossile trouvé avec Éclate-Roc dans la Grotte Étincelante),Indisponible,"Réanimer le Nautile à la Devon, à Mérouville (Fossile trouvé avec Éclate-Roc dans les Grottes Mirage)",Échange,Échange,"Acheter le Fossile Nautile à la boutique d'Alyxia à Konikoni, Trouver le Fossile Nautile, via le Poké Loisir, Îlot Farfouille","Trouver le Fossile Nautile, via le Poké Loisir, Îlot Farfouille",Trouver le Fossile Nautile au Mont Sélénite ou à la Caverne Azurée,Trouver le Fossile Nautile au Mont Sélénite ou à la Caverne Azurée,"Surf : Empreinte du Géant, Cavernes Gronde-Mer",Échange,Réanimer le Nautile au Musée Minier de Charbourg,Réanimer le Nautile au Musée Minier de Charbourg,Incompatible,,,
0139,Amonistar,,Indisponible,Indisponible,Indisponible,Indisponible,Indisponible,Indisponible,Indisponible,Indisponible,Indisponible,Indisponible,Indisponible,Indisponible,Indisponible,Indisponible,Indisponible,Indisponible,Indisponible,Indisponible,Indisponible,Indisponible,Indisponible,Indisponible,Indisponible,Indisponible,Échange,Échange,Faire évoluer Amonita (niveau 40),Faire évoluer Amonita (niveau 40),Faire évoluer Amonita (niveau 40),Faire évoluer Amonita (niveau 40),Cavernes Gronde-Mer,Échange,Faire évoluer Amonita (Niveau 40),Faire évoluer Amonita (Niveau 40),Incompatible,,,
0140,Kabuto,,Réanimer le Fossile Dôme à Cramois'Île*,Réanimer le Fossile Dôme à Cramois'Île*,Réanimer le Fossile Dôme à Cramois'Île*,Indisponible,Indisponible,Indisponible,Indisponible,Indisponible,Indisponible,Réanimer le Fossile Dôme à Cramois'Île (choix entre lui et Amonita),Réanimer le Fossile Dôme à Cramois'Île (choix entre lui et Amonita),Réanimer le Fossile Dôme au Musée Minier de Charbourg,Réanimer le Fossile Dôme au Musée Minier de Charbourg,Réanimer le Fossile Dôme au Musée Minier de Charbourg,Indisponible,Réanimer le Fossile Dôme au Musée des Sciences d'Argenta,Réanimer le Fossile Dôme au Musée de Maillard (donné par un ouvrier au Mont Foré),Réanimer le Fossile Dôme au Musée de Maillard (donné par un ouvrier au Mont Foré),Réanimer le Fossile Dôme au Musée de Maillard (donné par un ouvrier au Mont Foré),Réanimer le Fossile Dôme au Musée de Maillard (donné par un ouvrier au Mont Foré),Indisponible,Réanimer le Fossile Dôme au Bureau d'Étude des Fossiles à Roche-sur-Gliffe (Fossile trouvé avec Éclate-Roc dans la Grotte Étincelante),"Réanimer le Fossile Dôme à la Devon, à Mérouville (Fossile trouvé avec Éclate-Roc dans les Grottes Mirage)",Indisponible,Échange,Échange,"Trouver le Fossile Dôme, via le Poké Loisir, Îlot Farfouille","Acheter le Fossile Dôme à la boutique d'Alyxia à Konikoni, Trouver le Fossile Dôme, via le Poké Loisir, Îlot Farfouille",Trouver le Fossile Dôme au Mont Sélénite ou à la Caverne Azurée,Trouver le Fossile Dôme au Mont Sélénite ou à la Caverne Azurée,Échange,"Surf : Empreinte du Géant, Cavernes Gronde-Mer",Réanimer le Fossile Dôme au Musée Minier de Charbourg,Réanimer le Fossile Dôme au Musée Minier de Charbourg,Incompatible,,,
0141,Kabutops,,Indisponible,Indisponible,Indisponible,Indisponible,Indisponible,Indisponible,Indisponible,Indisponible,Indisponible,Indisponible,Indisponible,Indisponible,Indisponible,Indisponible,Indisponible,Indisponible,Indisponible,Indisponible,Indisponible,Indisponible,Indisponible,Indisponible,Indisponible,Indisponible,Échange,Échange,Faire évoluer Kabuto (niveau 40),Faire évoluer Kabuto (niveau 40),Faire évoluer Kabuto (niveau 40),Faire évoluer Kabuto (niveau 40),Échange,Cavernes Gronde-Mer,Faire évoluer Kabuto (Niveau 40),Faire évoluer Kabuto (Niveau 40),Incompatible,,,
0142,Ptéra,,Réanimer le Vieil Ambre à Cramois'Île,Réanimer le Vieil Ambre à Cramois'Île,Réanimer le Vieil Ambre à Cramois'Île,Échange interne contre un Leveinard sur la Route 14,Échange interne contre un Leveinard sur la Route 14,Échange interne contre un Leveinard sur la Route 14,Indisponible,Indisponible,Indisponible,Réanimer le Vieil Ambre à Cramois'Île,Réanimer le Vieil Ambre à Cramois'Île,Réanimer le Vieil Ambre au Musée Minier de Charbourg,Réanimer le Vieil Ambre au Musée Minier de Charbourg,Réanimer le Vieil Ambre au Musée Minier de Charbourg,Réanimer le Vieil Ambre au Musée des Sciences d'Argenta,Réanimer le Vieil Ambre au Musée des Sciences d'Argenta,Réanimer le Vieil Ambre au Musée de Maillard (donné par un ouvrier au Mont Foré),Réanimer le Vieil Ambre au Musée de Maillard (donné par un ouvrier au Mont Foré),Réanimer le Vieil Ambre au Musée de Maillard (donné par un ouvrier au Mont Foré),Réanimer le Vieil Ambre au Musée de Maillard (donné par un ouvrier au Mont Foré),Réanimer le Vieil Ambre au Bureau d'Étude des Fossiles à Roche-sur-Gliffe (Fossile trouvé avec Éclate-Roc dans la Grotte Étincelante),Réanimer le Vieil Ambre au Bureau d'Étude des Fossiles à Roche-sur-Gliffe (Fossile trouvé avec Éclate-Roc dans la Grotte Étincelante),"Réanimer le Vieil Ambre à la Devon, à Mérouville (Fossile trouvé avec Éclate-Roc dans les Grottes Mirage)","Réanimer le Vieil Ambre à la Devon, à Mérouville (Fossile trouvé avec Éclate-Roc dans les Grottes Mirage)",Donné au Village Flottant,Donné au Village Flottant,Donné au Village Flottant,Donné au Village Flottant,Trouver le Vieil Ambre au Musée des Sciences d'Argenta,Trouver le Vieil Ambre au Musée des Sciences d'Argenta,Repos du Géant,Repos du Géant,Réanimer le Vieil Ambre au Musée Minier de Charbourg,Réanimer le Vieil Ambre au Musée Minier de Charbourg,Incompatible,,,
0143,Ronflex,,"Route 12, Route 16 (nécessite la Pokéflûte)","Route 12, Route 16 (nécessite la Pokéflûte)","Route 12, Route 16 (nécessite la Pokéflûte)","Route 11, bloque l'entrée de la Cave Taupiqueur (nécessite la Pokéflûte de la radio du Pokématos)","Route 11, bloque l'entrée de la Cave Taupiqueur (nécessite la Pokéflûte de la radio du Pokématos)","Route 11, bloque l'entrée de la Cave Taupiqueur (nécessite la Pokéflûte de la radio du Pokématos)",Indisponible,Indisponible,Indisponible,Route 16 et Route 11 (nécessite la Pokéflûte),Route 16 et Route 11 (nécessite la Pokéflûte),Indisponible,Indisponible,Indisponible,"Route 11, devant la Cave Taupiqueur","Route 11, devant la Cave Taupiqueur",Indisponible,Indisponible,Échange interne avec Brenda/Julien à Méanville,Échange interne avec Brenda/Julien à Méanville,Route 7 (nécessite d'avoir complété l'évènement du Palais Chaydeuvre),Route 7 (nécessite d'avoir complété l'évènement du Palais Chaydeuvre),Indisponible,Indisponible,Intrusion* (Goinfrex*),Intrusion* (Goinfrex*),Intrusion* (Goinfrex*),Intrusion* (Goinfrex*),"Route 12* et 16*, Apparition rare à la Caverne Azurée","Route 12* et 16*, Apparition rare à la Caverne Azurée","Berges de Motorby, Plateau Beau-Gant, Plaine Granfroy, Repos du GéantB/","Berges de Motorby, Plateau Beau-Gant, Plaine Granfroy, Repos du GéantB/",Faire évoluer Goinfrex (bonheur),Faire évoluer Goinfrex (bonheur),??,-,-,
0144,Artikodin,,Îles Écume,Îles Écume,Îles Écume,Indisponible,Indisponible,Indisponible,Indisponible,Indisponible,Indisponible,Fond des Îles Écume,Fond des Îles Écume,Indisponible,Indisponible,Pokémon mouvant de Sinnoh après avoir parlé au Professeur Chen à Vestigion,Fond des Îles Écume,Fond des Îles Écume,Indisponible,Indisponible,Indisponible,Indisponible,"Antre Néréen, après l'avoir vu 10 fois sur les routes de Kalos (si le Pokémon de départ choisi est Marisson)","Antre Néréen, après l'avoir vu 10 fois sur les routes de Kalos (si le Pokémon de départ choisi est Marisson)",Indisponible,Indisponible,Échange,Échange,"Ultra-Dimension, brèche rouge","Ultra-Dimension, brèche rouge","Îles Écume*, Apparition rare dans les airs* au-dessus des Routes (sauf les 4, 5 et 9)","Îles Écume*, Apparition rare dans les airs* au-dessus des Routes (sauf les 4, 5 et 9)",Expédition Dynamax,Expédition Dynamax,"Salle de Kanto dans le Parc Rosa Rugosa (nécessite une Tablette Kanto), Échange",Salle de Kanto dans le Parc Rosa Rugosa (nécessite une Tablette Kanto),Incompatible,-,-,
0144,Artikodin,Galar,,,,,,,,,,,,,,,,,,,,,,,,,,,,,,,Couronneige,Couronneige,Incompatible,Incompatible,Incompatible,,,
0145,Électhor,,Centrale,Centrale,Centrale,Indisponible,Indisponible,Indisponible,Indisponible,Indisponible,Indisponible,Sortie de la Centrale,Sortie de la Centrale,Indisponible,Indisponible,Pokémon mouvant de Sinnoh après avoir parlé au Professeur Chen à Vestigion,Entrée de la Centrale une fois les 16 Badges obtenus,Entrée de la Centrale une fois les 16 Badges obtenus,Indisponible,Indisponible,Indisponible,Indisponible,"Antre Néréen, après l'avoir vu 10 fois sur les routes de Kalos (si le Pokémon de départ choisi est Feunnec)","Antre Néréen, après l'avoir vu 10 fois sur les routes de Kalos (si le Pokémon de départ choisi est Feunnec)",Indisponible,Indisponible,Échange,Échange,"Ultra-Dimension, brèche rouge","Ultra-Dimension, brèche rouge","Centrale abandonnée*, Apparition rare dans les airs* au-dessus des Routes (sauf les 4, 5 et 9)","Centrale abandonnée*, Apparition rare dans les airs* au-dessus des Routes (sauf les 4, 5 et 9)",Expédition Dynamax,Expédition Dynamax,"Salle de Kanto dans le Parc Rosa Rugosa (nécessite une Tablette Kanto), Échange",Salle de Kanto dans le Parc Rosa Rugosa (nécessite une Tablette Kanto),Incompatible,-,-,
0145,Électhor,Galar,,,,,,,,,,,,,,,,,,,,,,,,,,,,,,,Terres Sauvages,Terres Sauvages,Incompatible,Incompatible,Incompatible,,,
0146,Sulfura,,Premier étage de la Route Victoire,Premier étage de la Route Victoire,Premier étage de la Route Victoire,Indisponible,Indisponible,Indisponible,Indisponible,Indisponible,Indisponible,Sommet du Mont Braise,Sommet du Mont Braise,Indisponible,Indisponible,Pokémon mouvant de Sinnoh après avoir parlé au Professeur Chen à Vestigion,Sous-Sol de la Grotte Argentée,Sous-Sol de la Grotte Argentée,Indisponible,Indisponible,Indisponible,Indisponible,"Antre Néréen, après l'avoir vu 10 fois sur les routes de Kalos (si le Pokémon de départ choisi est Grenousse)","Antre Néréen, après l'avoir vu 10 fois sur les routes de Kalos (si le Pokémon de départ choisi est Grenousse)",Indisponible,Indisponible,Échange,Échange,"Ultra-Dimension, brèche rouge","Ultra-Dimension, brèche rouge","Route Victoire (Premier étage)*, Apparition rare dans les airs* au-dessus des Routes (sauf les 4, 5 et 9)","Route Victoire (Premier étage)*, Apparition rare dans les airs* au-dessus des Routes (sauf les 4, 5 et 9)",Expédition Dynamax,Expédition Dynamax,"Salle de Kanto dans le Parc Rosa Rugosa (nécessite une Tablette Kanto), Échange",Salle de Kanto dans le Parc Rosa Rugosa (nécessite une Tablette Kanto),Incompatible,-,-,
0146,Sulfura,Galar,,,,,,,,,,,,,,,,,,,,,,,,,,,,,,,Isolarmure,Isolarmure,Incompatible,Incompatible,Incompatible,,,
0147,Minidraco,,"Parc Safari (Méga Canne), Casino de Céladopole","Parc Safari (Méga Canne), Casino de Céladopole",Parc Safari (Méga Canne),"Route 45 (Super Canne, Méga Canne), Antre du Dragon (Surf, Super Canne, Méga Canne), Casino de Doublonville","Route 45 (Super Canne, Méga Canne), Antre du Dragon (Surf, Super Canne, Méga Canne), Casino de Doublonville","Route 45 (Super Canne, Méga Canne), Antre du Dragon (Surf, Super Canne, Méga Canne), Offert à l'Antre du Dragon",Indisponible,Indisponible,Indisponible,"Casino de Céladopole, Parc Safari (Méga Canne)","Casino de Céladopole, Parc Safari (Méga Canne)","Mont Couronné, derrière la cascade (Méga Canne)","Mont Couronné, derrière la cascade (Méga Canne)","Mont Couronné, derrière la cascade (Méga Canne)","Antre du Dragon (Surf, Super Canne et Méga Canne), Pokéwalker (Lac Bleu), Casino de Doublonville, Donné par le Maître Dragon dans l'Antre du Dragon","Antre du Dragon (Surf, Super Canne et Méga Canne), Pokéwalker (Lac Bleu), Casino de Doublonville, Donné par le Maître Dragon dans l'Antre du Dragon",Tour Dragospire (Pêche),Tour Dragospire (Pêche),Tour Dragospire (Pêche),"Tour Dragospire (Pêche), Spécimen Chromatique donné par Guajava à Amaillide",Route 21 (Super Canne),Route 21 (Super Canne),Indisponible,Indisponible,"Grand Canyon de Poni, Jardin de Poni, Chemin du Défi (Canne à Pêche*)","Grand Canyon de Poni, Jardin de Poni, Chemin du Défi (Canne à Pêche*)","Jardin de Poni, Chemin du Défi (Canne à Pêche*)","Jardin de Poni, Chemin du Défi (Canne à Pêche*)",Route 10 sur l'eau,Route 10 sur l'eau,Lac Poké Ball,Lac Poké Ball,Grotte des Eaux Souterraines Méga Canne : Mont Couronné,Grotte des Eaux Souterraines Méga Canne : Mont Couronné,Incompatible,-,-,
0148,Draco,,Indisponible,Indisponible,"Parc Safari (entrée, Méga Canne)","Route 45, Antre du Dragon (Méga Canne)","Route 45, Antre du Dragon (Méga Canne)","Route 45, Antre du Dragon (Méga Canne)",Indisponible,Indisponible,Indisponible,Parc Safari (Méga Canne),Parc Safari (Méga Canne),"Mont Couronné, derrière la cascade (Méga Canne)","Mont Couronné, derrière la cascade (Méga Canne)","Mont Couronné, derrière la cascade (Méga Canne)",Antre du Dragon (Méga Canne),Antre du Dragon (Méga Canne),Tour Dragospire (Pêche tourbillon),Tour Dragospire (Pêche tourbillon),Tour Dragospire (Pêche tourbillon),Tour Dragospire (Pêche tourbillon),Route 21 (Méga Canne),Route 21 (Méga Canne),Indisponible,Indisponible,Intrusion* (Minidraco*),Intrusion* (Minidraco*),Intrusion* (Minidraco*),Intrusion* (Minidraco*),Route 10 sur l'eau,Route 10 sur l'eau,"Lac Poké Ball, Expédition Dynamax","Lac Poké Ball, Expédition Dynamax",Méga Canne : Mont Couronné,Méga Canne : Mont Couronné,Incompatible,-,-,
0149,Dracolosse,,Indisponible,Indisponible,Indisponible,Indisponible,Indisponible,Indisponible,Indisponible,Indisponible,Indisponible,Indisponible,Indisponible,Indisponible,Indisponible,Indisponible,Indisponible,Indisponible,Tour Dragospire (Pêche tourbillon),Tour Dragospire (Pêche tourbillon),"Tour Dragospire (Pêche tourbillon), Trouée Cachée (Route 18)","Tour Dragospire (Pêche tourbillon), Trouée Cachée (Route 18)",Indisponible,Indisponible,Indisponible,Indisponible,Intrusion* (Minidraco*),Intrusion* (Minidraco*),Intrusion* (Minidraco*),Intrusion* (Minidraco*),"Apparition rare dans les airs* au-dessus des Routes (sauf les 5, 9 et 20)","Apparition rare dans les airs* au-dessus des Routes (sauf les 5, 9 et 20)",Lac Poké Ball,Lac Poké Ball,Faire évoluer Draco (Niveau 55),Faire évoluer Draco (Niveau 55),Incompatible,-,-,
0150,Mewtwo,,Caverne Azurée,Caverne Azurée,Caverne Azurée,Indisponible,Indisponible,Indisponible,Indisponible,Indisponible,Indisponible,Fin Fond de la Caverne Azurée,Fin Fond de la Caverne Azurée,Indisponible,Indisponible,Indisponible,Fin Fond de la Caverne Azurée,Fin Fond de la Caverne Azurée,Indisponible,Indisponible,Indisponible,Indisponible,"Grotte Inconnue, après avoir battu la Ligue Pokémon","Grotte Inconnue, après avoir battu la Ligue Pokémon",Indisponible,Indisponible,Échange,Échange,"Ultra-Dimension, brèche verte","Ultra-Dimension, brèche verte",Caverne Azurée,Caverne Azurée,Expédition Dynamax,Expédition Dynamax,Salle de la Génétique dans le Parc Rosa Rugosa (nécessite une Tablette Génétique),Salle de la Génétique dans le Parc Rosa Rugosa (nécessite une Tablette Génétique),Incompatible,Indisponible,Indisponible,
0151,Mew,,Indisponible,Indisponible,Indisponible,Indisponible,Indisponible,Indisponible,Indisponible,Indisponible,Île Lointaine dans Pokémon Émeraude,Indisponible,Indisponible,Indisponible,Indisponible,Indisponible,Indisponible,Indisponible,Indisponible,Indisponible,Indisponible,Indisponible,Indisponible,Indisponible,Indisponible,Indisponible,À transférer via Banque Pokémon,À transférer via Banque Pokémon,À transférer via Banque Pokémon,À transférer via Banque Pokémon,À transférer via la Poké Ball Plus,À transférer via la Poké Ball Plus,Transfert depuis la Poké Ball Plus,Transfert depuis la Poké Ball Plus,"Offert par une Mondaine au sud-ouest de Floraville, (si le joueur possède une sauvegarde de Pokémon : Let's Go, Pikachu et Let's Go, Évoli dans sa console)","Offert par une Mondaine au sud-ouest de Floraville, (si le joueur possède une sauvegarde de Pokémon : Let's Go, Pikachu et Let's Go, Évoli dans sa console)",Incompatible,Indisponible,Indisponible,
0152,Germignon,,,,,Pokémon de départ à Bourg Geon,Pokémon de départ à Bourg Geon,Pokémon de départ à Bourg Geon,Indisponible,Indisponible,"Donné par le Professeur Seko si le joueur a complété le Pokédex de Hoenn (choix entre lui, Héricendre et Kaiminus)",Indisponible,Indisponible,Indisponible,Indisponible,Indisponible,Pokémon de départ à Bourg Geon,Pokémon de départ à Bourg Geon,Indisponible,Indisponible,Indisponible,Indisponible,Indisponible,Indisponible,"Donné par le Professeur Seko après avoir vaincu la Ligue de Hoenn à Éternara (choix entre lui, Héricendre et Kaiminus)","Donné par le Professeur Seko après avoir vaincu la Ligue de Hoenn à Éternara (choix entre lui, Héricendre et Kaiminus)","Scanner des Îles : Vendredi, Route 2","Scanner des Îles : Vendredi, Route 2",Échange,Échange,,,Incompatible,Incompatible,"Grotte de la Prairie, Grotte de la Rivière, Caverne du Miroir d'Eau, Caverne Ensoleillée","Grotte de la Prairie, Grotte de la Rivière, Caverne du Miroir d'Eau, Caverne Ensoleillée",Incompatible,-,-,
0153,Macronium,,,,,Indisponible,Indisponible,Indisponible,Indisponible,Indisponible,Indisponible,Indisponible,Indisponible,Indisponible,Indisponible,Indisponible,Indisponible,Indisponible,Indisponible,Indisponible,Indisponible,Indisponible,Indisponible,Indisponible,Indisponible,Indisponible,Faire évoluer Germignon (niveau 16),Faire évoluer Germignon (niveau 16),Échange,Échange,,,Incompatible,Incompatible,Faire évoluer Germignon (Niveau 16),Faire évoluer Germignon (Niveau 16),Incompatible,Indisponible,Indisponible,
0154,Méganium,Mâle,,,,Indisponible,Indisponible,Indisponible,Indisponible,Indisponible,Indisponible,Indisponible,Indisponible,Indisponible,Indisponible,Indisponible,Indisponible,Indisponible,Indisponible,Indisponible,Indisponible,Indisponible,Indisponible,Indisponible,Indisponible,Indisponible,Faire évoluer Macronium (niveau 32),Faire évoluer Macronium (niveau 32),Échange,Échange,,,Incompatible,Incompatible,Faire évoluer Macronium (Niveau 32),Faire évoluer Macronium (Niveau 32),Incompatible,Indisponible,Indisponible,
0154,Méganium,Femelle,,,,,,,,,,,,Indisponible,Indisponible,Indisponible,Indisponible,Indisponible,Indisponible,Indisponible,Indisponible,Indisponible,Indisponible,Indisponible,Indisponible,Indisponible,Faire évoluer Macronium (niveau 32),Faire évoluer Macronium (niveau 32),Échange,Échange,,,Incompatible,Incompatible,Faire évoluer Macronium (Niveau 32),Faire évoluer Macronium (Niveau 32),Incompatible,Indisponible,Indisponible,
0155,Héricendre,,,,,Pokémon de départ à Bourg Geon,Pokémon de départ à Bourg Geon,Pokémon de départ à Bourg Geon,Indisponible,Indisponible,"Donné par le Professeur Seko si le joueur a complété le Pokédex de Hoenn (choix entre lui, Germignon et Kaiminus)",Indisponible,Indisponible,Indisponible,Indisponible,Indisponible,Pokémon de départ à Bourg Geon,Pokémon de départ à Bourg Geon,Indisponible,Indisponible,Indisponible,Indisponible,Indisponible,Indisponible,"Donné par le Professeur Seko après avoir vaincu la Ligue de Hoenn à Éternara (choix entre lui, Germignon et Kaiminus)","Donné par le Professeur Seko après avoir vaincu la Ligue de Hoenn à Éternara (choix entre lui, Germignon et Kaiminus)","Scanner des Îles : Dimanche, Route 3","Scanner des Îles : Dimanche, Route 3",Échange,Échange,,,Incompatible,Incompatible,"Grotte du Magma, Grotte des Sables Ardents, Caverne Typhlosion","Grotte du Magma, Grotte des Sables Ardents, Caverne Typhlosion",??,-,-,
0156,Feurisson,,,,,Indisponible,Indisponible,Indisponible,Indisponible,Indisponible,Indisponible,Indisponible,Indisponible,Indisponible,Indisponible,Indisponible,Indisponible,Indisponible,Indisponible,Indisponible,Indisponible,Indisponible,Indisponible,Indisponible,Indisponible,Indisponible,Faire évoluer Héricendre (niveau 14),Faire évoluer Héricendre (niveau 14),Échange,Échange,,,Incompatible,Incompatible,Faire évoluer Héricendre (Niveau 14),Faire évoluer Héricendre (Niveau 14),??,Indisponible,Indisponible,
0157,Typhlosion,,,,,Indisponible,Indisponible,Indisponible,Indisponible,Indisponible,Indisponible,Indisponible,Indisponible,Indisponible,Indisponible,Indisponible,Indisponible,Indisponible,Indisponible,Indisponible,Indisponible,Indisponible,Indisponible,Indisponible,Indisponible,Indisponible,Faire évoluer Feurisson (niveau 36),Faire évoluer Feurisson (niveau 36),Échange,Échange,,,Incompatible,Incompatible,Faire évoluer Feurisson (Niveau 36),Faire évoluer Feurisson (Niveau 36),Incompatible,Indisponible,Indisponible,
0157,Typhlosion,Hisui,,,,,,,,,,,,,,,,,,,,,,,,,,,,,,,,,,,??,,,
0158,Kaiminus,,,,,Pokémon de départ à Bourg Geon,Pokémon de départ à Bourg Geon,Pokémon de départ à Bourg Geon,Indisponible,Indisponible,"Donné par le Professeur Seko si le joueur a complété le Pokédex de Hoenn (choix entre lui, Germignon et Héricendre)",Indisponible,Indisponible,Indisponible,Indisponible,Indisponible,Pokémon de départ à Bourg Geon,Pokémon de départ à Bourg Geon,Indisponible,Indisponible,Indisponible,Indisponible,Indisponible,Indisponible,"Donné par le Professeur Seko après avoir vaincu la Ligue de Hoenn à Éternara (choix entre lui, Germignon et Héricendre)","Donné par le Professeur Seko après avoir vaincu la Ligue de Hoenn à Éternara (choix entre lui, Germignon et Héricendre)","Scanner des Îles : Lundi, Grotte Verlamer","Scanner des Îles : Lundi, Grotte Verlamer",Échange,Échange,,,Incompatible,Incompatible,"Grotte des Eaux Souterraines, Grotte de la Rivière, Caverne du Miroir d'Eau","Grotte des Eaux Souterraines, Grotte de la Rivière, Caverne du Miroir d'Eau",Incompatible,-,-,
0159,Crocrodil,,,,,Indisponible,Indisponible,Indisponible,Indisponible,Indisponible,Indisponible,Indisponible,Indisponible,Indisponible,Indisponible,Indisponible,Indisponible,Indisponible,Indisponible,Indisponible,Indisponible,Indisponible,Indisponible,Indisponible,Indisponible,Indisponible,Faire évoluer Kaiminus (niveau 18),Faire évoluer Kaiminus (niveau 18),Échange,Échange,,,Incompatible,Incompatible,Faire évoluer Kaiminus (Niveau 18),Faire évoluer Kaiminus (Niveau 18),Incompatible,Indisponible,Indisponible,
0160,Aligatueur,,,,,Indisponible,Indisponible,Indisponible,Indisponible,Indisponible,Indisponible,Indisponible,Indisponible,Indisponible,Indisponible,Indisponible,Indisponible,Indisponible,Indisponible,Indisponible,Indisponible,Indisponible,Indisponible,Indisponible,Indisponible,Indisponible,Faire évoluer Crocrodil (niveau 30),Faire évoluer Crocrodil (niveau 30),Échange,Échange,,,Incompatible,Incompatible,Faire évoluer Crocrodil (Niveau 30),Faire évoluer Crocrodil (Niveau 30),Incompatible,Indisponible,Indisponible,
0161,Fouinette,,,,,"Route 1, Route 29 (Matin et Jour)","Route 1, Route 29 (Matin et Jour)","Route 1, Route 29, Route 43 (Matin et Jour)",Indisponible,Indisponible,Indisponible,"Pré de l'Île 5, Agualcanal, Entrée Canyon","Pré de l'Île 5, Agualcanal, Entrée Canyon",Route 202 (Poké Radar),Route 202 (Poké Radar),Route 202 (Poké Radar),"Route 1, Route 29, Parc Safari, Pokéwalker (Plaine Sereine) (Matin et Jour)","Route 1, Route 29, Parc Safari, Pokéwalker (Plaine Sereine) (Matin et Jour)",Route 7 (Troupeau),Route 7 (Troupeau),Indisponible,Indisponible,Route 6,Route 6,Indisponible,Indisponible,À transférer via Banque Pokémon,À transférer via Banque Pokémon,À transférer via Banque Pokémon,À transférer via Banque Pokémon,,,Incompatible,Incompatible,"Route 202 (Poké Radar), Grotte Spacieuse, Grotte des Rochers, Grotte du Magma, Grotte du Blizzard, Caverne du Piton, Caverne Typhlosion","Route 202 (Poké Radar), Grotte Spacieuse, Grotte des Rochers, Grotte du Magma, Grotte du Blizzard, Caverne du Piton, Caverne Typhlosion",Incompatible,-,-,
0162,Fouinar,,,,,Route 1 (Matin et Jour),Route 1 (Matin et Jour),"Route 1, Route 43 (Matin et Jour)",Indisponible,Indisponible,Indisponible,Indisponible,Indisponible,Indisponible,Indisponible,Indisponible,"Route 1, Parc Safari, Pokéwalker (Faubourgs) (Matin et Jour)","Route 1, Parc Safari, Pokéwalker (Faubourgs) (Matin et Jour)",Indisponible,Indisponible,Route 7 (Troupeau),Route 7 (Troupeau),Indisponible,Indisponible,Indisponible,Indisponible,À transférer via Banque Pokémon,À transférer via Banque Pokémon,À transférer via Banque Pokémon,À transférer via Banque Pokémon,,,Incompatible,Incompatible,"Grotte Spacieuse, Grotte des Rochers, Grotte du Magma, Grotte du Blizzard, Caverne du Piton, Caverne Typhlosion","Grotte Spacieuse, Grotte des Rochers, Grotte du Magma, Grotte du Blizzard, Caverne du Piton, Caverne Typhlosion",Incompatible,-,-,
0163,Hoothoot,,,,,"Route 1, Route 2, Route 29, Route 30, Route 31, Route 35, Route 36, Route 37, Parc Naturel (Nuit)","Route 1, Route 2, Route 29, Route 30, Route 31, Route 35, Route 36, Route 37, Parc Naturel (Nuit)","Route 1, Route 2, Route 5, Route 25, Route 29, Route 30, Route 31, Route 32, Route 34, Route 35, Route 36, Route 37, Bois aux Chênes, Parc Naturel, Coup d'Boule (Nuit)",Indisponible,Indisponible,Parc Safari (Extension - Haut),Indisponible,Indisponible,"Route 210, Route 211, Grand Marais (Nuit)","Route 210, Route 211, Grand Marais (Nuit)","Route 205, Route 210, Route 211, Forêt Vestigion, Grand Marais (Nuit)","Route 29, Route 30, Route 31, Route 35, Route 36, Route 37, Parc Naturel, Coup d'Boule, Pokéwalker (Chemin Pierreux, Coin Résidentiel) (Nuit)","Route 29, Route 30, Route 31, Route 35, Route 36, Route 37, Parc Naturel, Coup d'Boule, Pokéwalker (Chemin Pierreux, Coin Résidentiel) (Nuit)",Indisponible,Indisponible,Indisponible,Indisponible,"Safari des Amis Vol, position 2 (0301-9771-3252)","Safari des Amis Vol, position 2 (0301-9771-3252)",Indisponible,Indisponible,Échange,Échange,La nuit : Jungle Sombrefeuille,La nuit : Jungle Sombrefeuille,,,"Forêt de Sleepwood, Route 1, Route 2, Bois de Clairjour, Coiffe du Géant","Forêt de Sleepwood, Route 1, Route 2, Bois de Clairjour, Coiffe du Géant","Route 210 (Partie Nord) (Nuit), Route 211 (Partie Ouest) (Nuit), Grand Marais (Nuit),Grotte Spacieuse, Grotte de la Prairie, Grotte des Eaux Souterraines, Grotte de la Rivière, Caverne du Miroir d'Eau, Caverne Ensoleillée","Route 210 (Partie Nord) (Nuit), Route 211 (Partie Ouest) (Nuit), Grand Marais (Nuit),Grotte Spacieuse, Grotte de la Prairie, Grotte des Eaux Souterraines, Grotte de la Rivière, Caverne du Miroir d'Eau, Caverne Ensoleillée",Incompatible,-,-,
0164,Noarfang,,,,,"Route 2, Route 8, Route 13, Route 14, Route 15, Route 43 (Nuit)","Route 2, Route 8, Route 13, Route 14, Route 15, Route 43 (Nuit)","Route 2, Route 5, Route 8, Route 11, Route 13, Route 14, Route 15, Route 25, Route 26, Route 27, Route 37, Route 38, Route 39, Route 43, Coup d'Boule (Nuit)",Indisponible,Indisponible,Indisponible,Indisponible,Indisponible,"Route 210, Route 211, Route 216, Route 217, Grand Marais, Lac Savoir, Lac Courage, Mont Couronné, Source Adieu","Route 210, Route 211, Route 216, Route 217, Grand Marais, Lac Savoir, Lac Courage, Mont Couronné, Source Adieu","Route 210, Route 211, Grand Marais, Mont Couronné","Route 2, Route 8, Route 13, Route 14, Route 15, Route 43, Route 47, Forêt de Jade, Coup d'Boule, Pokéwalker (Grotte Calme)","Route 2, Route 8, Route 13, Route 14, Route 15, Route 43, Route 47, Forêt de Jade, Coup d'Boule, Pokéwalker (Grotte Calme)",Autel Abondance,Autel Abondance,Réserve Naturelle,Réserve Naturelle,"Route 20, Village Pokémon","Route 20, Village Pokémon",Indisponible,Indisponible,Échange,Échange,Intrusion* (Hoothoot*),Intrusion* (Hoothoot*),,,"Abords de Motorby, Berges de Motorby, Coiffe du Géant, Prairie Entre-Ponts, Expédition Dynamax","Abords de Motorby, Berges de Motorby, Coiffe du Géant, Prairie Entre-Ponts, Expédition Dynamax","Route 210 (Nuit), Route 211 (Nuit), Route 216 (Nuit), Route 217 (Nuit), Grand Marais (Nuit), Lac Savoir (Nuit), Lac Courage (Nuit), Mont Couronné (Nuit), Source Adieu (Nuit)","Route 210 (Nuit), Route 211 (Nuit), Route 216 (Nuit), Route 217 (Nuit), Grand Marais (Nuit), Lac Savoir (Nuit), Lac Courage (Nuit), Mont Couronné (Nuit), Source Adieu (Nuit)",Incompatible,-,-,
0165,Coxy,Mâle,,,,Indisponible,"Route 2, Route 30, Route 31, Route 37 (Matin)","Route 2, Route 30, Route 31, Route 36, Route 37, Parc Naturel, Coup d'Boule (Matin)",Indisponible,Indisponible,Parc Safari (Extension - Haut),Forbuissons,Forbuissons,Indisponible,Indisponible,Indisponible,Indisponible,"Route 2, Route 30, Route 31, Route 37, Coup d'Boule (Matin)",Indisponible,Indisponible,Indisponible,Indisponible,"Route 4, Champ de Baies (Baies Rouges)","Route 4, Champ de Baies (Baies Rouges)",Indisponible,Indisponible,La journée : Route 1,La journée : Route 1,La journée : Route 1,La journée : Route 1,,,Incompatible,Incompatible,Faire reproduire Coxyclaque,Faire reproduire Coxyclaque,Incompatible,,,
0165,Coxy,Femelle,,,,,,,,,,,,Indisponible,Indisponible,Indisponible,Indisponible,"Route 2, Route 30, Route 31, Route 37, Coup d'Boule (Matin)",Indisponible,Indisponible,Indisponible,Indisponible,"Route 4, Champ de Baies (Baies Rouges)","Route 4, Champ de Baies (Baies Rouges)",Indisponible,Indisponible,La journée : Route 1,La journée : Route 1,La journée : Route 1,La journée : Route 1,,,Incompatible,Incompatible,Faire reproduire Coxyclaque,Faire reproduire Coxyclaque,Incompatible,,,
0166,Coxyclaque,Mâle,,,,Indisponible,Route 2 (Matin),"Route 2, Route 37 (Matin)",Indisponible,Indisponible,Indisponible,Indisponible,Indisponible,Route 229 (Matin),Route 229 (Matin),Route 229 (Matin),Indisponible,"Route 2, Forêt de Jade (Coup d'Boule) (Matin)",Vestiges du Rêve (Herbes sombres),Vestiges du Rêve (Herbes sombres),Indisponible,Route 22 (Troupeau),Indisponible,Indisponible,Indisponible,Indisponible,"La journée : Routes 10, 11 et 17*, Parc de Malié, Jardin d'Ula-Ula","La journée : Routes 10, 11 et 17*, Parc de Malié, Jardin d'Ula-Ula","La journée : Routes 10, 11 et 17*, Parc de Malié, Jardin d'Ula-Ula","La journée : Routes 10, 11 et 17*, Parc de Malié, Jardin d'Ula-Ula",,,Incompatible,Incompatible,"Route 229 (Matin), Grotte de la Prairie, Grotte des Eaux Souterraines, Grotte du Marécage, Grotte de la Rivière, Caverne du Miroir d'Eau, Caverne Ensoleillée, Caverne du Marais Sans Fond","Route 229 (Matin), Grotte de la Prairie, Grotte des Eaux Souterraines, Grotte du Marécage, Grotte de la Rivière, Caverne du Miroir d'Eau, Caverne Ensoleillée, Caverne du Marais Sans Fond",Incompatible,,,
0166,Coxyclaque,Femelle,,,,,,,,,,,,Route 229 (Matin),Route 229 (Matin),Route 229 (Matin),Indisponible,"Route 2, Forêt de Jade (Coup d'Boule) (Matin)",Vestiges du Rêve (Herbes sombres),Vestiges du Rêve (Herbes sombres),Indisponible,Route 22 (Troupeau),Indisponible,Indisponible,Indisponible,Indisponible,"La journée : Routes 10, 11 et 17*, Parc de Malié, Jardin d'Ula-Ula","La journée : Routes 10, 11 et 17*, Parc de Malié, Jardin d'Ula-Ula","La journée : Routes 10, 11 et 17*, Parc de Malié, Jardin d'Ula-Ula","La journée : Routes 10, 11 et 17*, Parc de Malié, Jardin d'Ula-Ula",,,Incompatible,Incompatible,"Route 229 (Matin), Grotte de la Prairie, Grotte des Eaux Souterraines, Grotte du Marécage, Grotte de la Rivière, Caverne du Miroir d'Eau, Caverne Ensoleillée, Caverne du Marais Sans Fond","Route 229 (Matin), Grotte de la Prairie, Grotte des Eaux Souterraines, Grotte du Marécage, Grotte de la Rivière, Caverne du Miroir d'Eau, Caverne Ensoleillée, Caverne du Marais Sans Fond",Incompatible,,,
0167,Mimigal,,,,,"Route 2, Route 30, Route 31, Route 37 (Nuit)",Indisponible,"Route 2, Route 30, Route 31, Route 36, Route 37, Parc Naturel, Coup d'Boule (Nuit)",Indisponible,Indisponible,Parc Safari (Extension - Bas),Forbuissons,Forbuissons,Indisponible,Indisponible,Indisponible,"Route 2, Route 30, Route 31, Route 37, Coup d'Boule (Nuit)",Indisponible,Indisponible,Indisponible,Indisponible,Indisponible,Indisponible,Indisponible,Indisponible,Indisponible,La nuit : Route 1,La nuit : Route 1,La nuit : Route 1,La nuit : Route 1,,,Incompatible,Incompatible,Faire reproduire Migalos,Faire reproduire Migalos,Incompatible,-,-,
0168,Migalos,,,,,Route 2 (Nuit),Indisponible,"Route 2, Route 37 (Nuit)",Indisponible,Indisponible,Indisponible,Indisponible,Indisponible,Route 229 (Nuit),Route 229 (Nuit),Route 229 (Nuit),"Route 2, Forêt de Jade (Coup d'Boule) (Nuit)",Indisponible,Vestiges du Rêve (Herbes sombres),Vestiges du Rêve (Herbes sombres),Route 22 (Troupeau),Indisponible,"Grotte Coda, Route Victoire (Embuscades, chutant du plafond)","Grotte Coda, Route Victoire (Embuscades, chutant du plafond)",Pilier Céleste (Marche et Horde),Pilier Céleste (Marche et Horde),"La nuit : Routes 10, 11 et 17*, Parc de Malié, Jardin d'Ula-Ula","La nuit : Routes 10, 11 et 17*, Parc de Malié, Jardin d'Ula-Ula","La nuit : Routes 10, 11 et 17*, Parc de Malié, Jardin d'Ula-Ula","La nuit : Routes 10, 11 et 17*, Parc de Malié, Jardin d'Ula-Ula",,,Incompatible,Incompatible,"Route 229 (Nuit), Grotte de la Prairie, Grotte du Marécage, Caverne Ensoleillée, Caverne du Marais Sans Fond","Route 229 (Nuit), Grotte de la Prairie, Grotte du Marécage, Caverne Ensoleillée, Caverne du Marais Sans Fond",Incompatible,-,-,
0169,Nostenfer,,,,,Indisponible,Indisponible,Indisponible,Indisponible,Indisponible,Indisponible,Indisponible,Indisponible,Indisponible,Indisponible,Indisponible,Indisponible,Indisponible,"Route 13, Grotte Cyclopéenne (Entrée) (Herbes mouvantes)","Route 13, Grotte Cyclopéenne (Entrée) (Herbes mouvantes)",Vestiges du Rêve (Herbes mouvantes),Vestiges du Rêve (Herbes mouvantes),Indisponible,Indisponible,Indisponible,Indisponible,Intrusion* (Nosferalto*),Intrusion* (Nosferalto*),Intrusion* (Nosferalto*),Intrusion* (Nosferalto*),,,Raid Dynamax,Raid Dynamax,Faire évoluer Nosferalto (Bonheur),Faire évoluer Nosferalto (Bonheur),??,,,
0170,Loupio,,,,,"Chenal 20, Chenal 21, Route 26, Route 27, Bourg Geon, port d'Oliville, Bourg Palette, Carmin sur Mer, Cramois'Île, Caves Jumelles (Sous-Sol 2) (Super Canne et Méga Canne)","Chenal 20, Chenal 21, Route 26, Route 27, Bourg Geon, port d'Oliville, Bourg Palette, Carmin sur Mer, Cramois'Île, Caves Jumelles (Sous-Sol 2) (Super Canne et Méga Canne)","Chenal 20, Chenal 21, Route 26, Route 27, Bourg Geon, port d'Oliville, Bourg Palette, Carmin sur Mer, Cramois'Île, Caves Jumelles (Sous-Sol 2) (Super Canne et Méga Canne)",Fond Marin,Fond Marin,Fond Marin,Indisponible,Indisponible,Chenal 220 (Méga Canne),Chenal 220 (Méga Canne),Chenal 220 (Méga Canne),"Chenal 20, Chenal 21, Route 26, Route 27, Chenal 41, Route 47, Bourg Geon, Bourg Palette, Carmin sur Mer, Cramois'Île, Pokéwalker* (Super Canne* et Méga Canne*)","Chenal 20, Chenal 21, Route 26, Route 27, Chenal 41, Route 47, Bourg Geon, Bourg Palette, Carmin sur Mer, Cramois'Île, Pokéwalker* (Super Canne* et Méga Canne*)","Route 18, Port Yoneuve (Pêche)","Route 18, Port Yoneuve (Pêche)",Baie Vaguelone (Pêche),Baie Vaguelone (Pêche),"Yantreizh, Baie Azur (Super Canne)","Yantreizh, Baie Azur (Super Canne)",Fond Marin,Fond Marin,"Route 8, Côte Reculée d'Akala (Canne à Pêche*)","Route 8, Côte Reculée d'Akala (Canne à Pêche*)","Route 8, Côte Reculée d'Akala (Canne à Pêche*)","Route 8, Côte Reculée d'Akala (Canne à Pêche*)",,,"Canne à Pêche : Skifford, Miroir du Géant Sur l'eau : Lac Coupenotte Ouest, Lac Coupenotte Est","Canne à Pêche : Skifford, Miroir du Géant Sur l'eau : Lac Coupenotte Ouest, Lac Coupenotte Est","Surf : Grotte des Eaux Souterraines, Grotte des Stalactites, Caverne du Glacier, Méga Canne : Chenal 220","Surf : Grotte des Eaux Souterraines, Grotte des Stalactites, Caverne du Glacier, Méga Canne : Chenal 220",Incompatible,-,-,
0171,Lanturn,,,,,"Chenal 20, Chenal 21, Route 26, Route 27, Bourg Geon, port d'Oliville, Bourg Palette, Carmin sur Mer, Cramois'Île, Caves Jumelles (Sous-Sol 2) (Méga Canne)","Chenal 20, Chenal 21, Route 26, Route 27, Bourg Geon, port d'Oliville, Bourg Palette, Carmin sur Mer, Cramois'Île, Caves Jumelles (Sous-Sol 2) (Méga Canne)","Chenal 20, Chenal 21, Route 26, Route 27, Bourg Geon, port d'Oliville, Bourg Palette, Carmin sur Mer, Cramois'Île, Caves Jumelles (Sous-Sol 2) (Méga Canne)",Indisponible,Indisponible,Indisponible,Indisponible,Indisponible,"Chenal 220 (Méga Canne), Faire évoluer Loupio au N.27","Chenal 220 (Méga Canne), Faire évoluer Loupio au N.27",Faire évoluer Loupio au N.27,"Chenal 20, Chenal 21, Route 26, Route 27, Chenal 41, Route 47, Bourg Geon, Bourg Palette, Carmin sur Mer, Cramois'Île (Méga Canne)","Chenal 20, Chenal 21, Route 26, Route 27, Chenal 41, Route 47, Bourg Geon, Bourg Palette, Carmin sur Mer, Cramois'Île (Méga Canne)",Port Yoneuve (Pêche tourbillon),Port Yoneuve (Pêche tourbillon),Baie Vaguelone (Pêche tourbillon),Baie Vaguelone (Pêche tourbillon),"Yantreizh, Baie Azur (Super Canne)","Yantreizh, Baie Azur (Super Canne)",Fond Marin,Fond Marin,Faire évoluer Loupio (niveau 27),Faire évoluer Loupio (niveau 27),Intrusion* (Loupio*),Intrusion* (Loupio*),,,"Canne à Pêche : Prairie Entre-Ponts, Fosse des Sables, Lac Ouragan En vadrouille : Lac Coupenotte Est, Prairie Entre-Ponts, Lac Ouragan, Mer Eau-Hisse, Mer Align'Îlots, Mer Isol'Îlots, Îlot Calméole, Mer Calméole, Expédition Dynamax","Canne à Pêche : Prairie Entre-Ponts, Fosse des Sables, Lac Ouragan En vadrouille : Lac Coupenotte Est, Prairie Entre-Ponts, Lac Ouragan, Mer Eau-Hisse, Mer Align'Îlots, Mer Isol'Îlots, Îlot Calméole, Mer Calméole, Expédition Dynamax","Surf : Grotte des Eaux Souterraines, Grotte des Stalactites, Caverne du Glacier, Méga Canne : Chenal 220","Surf : Grotte des Eaux Souterraines, Grotte des Stalactites, Caverne du Glacier, Méga Canne : Chenal 220",Incompatible,-,-,
0172,Pichu,,,,,Indisponible,Indisponible,Indisponible,Indisponible,Indisponible,Indisponible,Indisponible,Indisponible,Manoir Pokémon (tout le temps),Manoir Pokémon (tout le temps),Manoir Pokémon (tout le temps),Indisponible,Indisponible,Indisponible,Indisponible,Indisponible,Indisponible,Indisponible,Indisponible,Indisponible,Indisponible,"Route 1, Ekaeka","Route 1, Ekaeka",Route 1,Route 1,,,"Raid Dynamax, Faire reproduire Pikachu ou Raichu ou Raichu d'Alola","Raid Dynamax, Faire reproduire Pikachu ou Raichu ou Raichu d'Alola",Jardin Trophée,Jardin Trophée,??,-,-,
0172,Pichu,Troizépi,,,,,,,,,,,,,,,Bois aux Chênes,Bois aux Chênes,,,,,,,,,,,,,,,,,,,,,,
0173,Mélo,,,,,Indisponible,Indisponible,Indisponible,Indisponible,Indisponible,Indisponible,Indisponible,Indisponible,"Manoir Pokémon, Mont Couronné","Manoir Pokémon, Mont Couronné","Manoir Pokémon, Mont Couronné",Indisponible,Indisponible,Indisponible,Indisponible,Indisponible,Indisponible,Indisponible,Indisponible,Indisponible,Indisponible,La nuit : Mont Hokulani,La nuit : Mont Hokulani,La nuit : Mont Hokulani,La nuit : Mont Hokulani,,,"Raid Dynamax, Faire reproduire Mélofée ou Mélodelfe","Raid Dynamax, Faire reproduire Mélofée ou Mélodelfe","Jardin Trophée (Après obtention du Pokédex National), Mont Couronné","Jardin Trophée (Après obtention du Pokédex National), Mont Couronné",??,-,-,
0174,Toudoudou,,,,,Indisponible,Indisponible,Indisponible,Indisponible,Indisponible,Indisponible,Indisponible,Indisponible,Manoir Pokémon (occasionnel),Manoir Pokémon (occasionnel),Manoir Pokémon (occasionnel),Indisponible,Indisponible,Indisponible,Indisponible,Indisponible,Indisponible,Indisponible,Indisponible,Indisponible,Indisponible,La journée : Routes 4 et 6,La journée : Routes 4 et 6,La journée : Routes 4 et 6,La journée : Routes 4 et 6,,,"Raid Dynamax, Faire reproduire Rondoudou ou Grodoudou","Raid Dynamax, Faire reproduire Rondoudou ou Grodoudou",Jardin Trophée (Après obtention du Pokédex National),Jardin Trophée (Après obtention du Pokédex National),Incompatible,-,-,
0175,Togepi,,,,,Œuf obtenu à Mauville après avoir vaincu Albert,Œuf obtenu à Mauville après avoir vaincu Albert,Œuf obtenu à Mauville après avoir vaincu Albert,Indisponible,Indisponible,Indisponible,Œuf donné au Labyrinthe d'O,Œuf donné au Labyrinthe d'O,Chenal 230 (Poké Radar),Chenal 230 (Poké Radar),"Chenal 230 (Poké Radar), Œuf donné à Vestigion",Œuf donné à Mauville,Œuf donné à Mauville,Indisponible,Forêt Blanche (avec Valentine dans la forêt),Échange interne avec Brenda/Julien à Méanville,Échange interne avec Brenda/Julien à Méanville,"Safari des Amis Fée, position 1 (0361-7958-5316)","Safari des Amis Fée, position 1 (0361-7958-5316)",Œuf donné à Vermilava après avoir obtenu le Pokédex National (Après avoir reçu l'oeuf de Okéoké),Œuf donné à Vermilava après avoir obtenu le Pokédex National (Après avoir reçu l'oeuf de Okéoké),Faire reproduire Togekiss,Faire reproduire Togekiss,Échange,Échange,,,Prairie Entre-Ponts,Prairie Entre-Ponts,"Chenal 230 (Poké Radar), Grotte des Eaux Souterraines, Grotte Éblouissante, Caverne de la Nuit Étoilée","Chenal 230 (Poké Radar), Grotte des Eaux Souterraines, Grotte Éblouissante, Caverne de la Nuit Étoilée",??,,,
0176,Togetic,,,,,Indisponible,Indisponible,Indisponible,Indisponible,Indisponible,Indisponible,Indisponible,Indisponible,Indisponible,Indisponible,Indisponible,Indisponible,Indisponible,Indisponible,Indisponible,Indisponible,Indisponible,Indisponible,Indisponible,Indisponible,Indisponible,Faire reproduire Togekiss,Faire reproduire Togekiss,Échange,Échange,,,"Plaine Rocheuse, Expédition Dynamax","Plaine Rocheuse, Expédition Dynamax",Faire évoluer Togepi (Bonheur),Faire évoluer Togepi (Bonheur),??,,,
0177,Natu,,,,,Ruines d'Alpha (entrée depuis les Caves Jumelles),Ruines d'Alpha (entrée depuis les Caves Jumelles),Ruines d'Alpha (entrée depuis les Caves Jumelles),Parc Safari (Entrée et Zone Vélo Cross),Parc Safari (Entrée et Zone Vélo Cross),Parc Safari (Entrée et Zone Vélo Cross),Vallée Ruine,Vallée Ruine,Route 224 (Essaim),Route 224 (Essaim),Route 224 (Essaim),"Ruines d'Alpha, Coup d'Boule, Pokéwalker (Grotte Terreur)","Ruines d'Alpha, Coup d'Boule, Pokéwalker (Grotte Terreur)",Indisponible,Indisponible,Route 5 (Troupeau),Route 5 (Troupeau),Indisponible,Indisponible,Indisponible,Indisponible,Échange,Échange,La journée : Côte Reculée d'Akala,La journée : Côte Reculée d'Akala,,,"Plaine Verdoyante, Lac Coupenotte Ouest, Lac Milobellus Sud, Lac Milobellus Nord, Miroir du Géant, Siège du Géant","Plaine Verdoyante, Lac Coupenotte Ouest, Lac Milobellus Sud, Lac Milobellus Nord, Miroir du Géant, Siège du Géant","Route 224 (troupeau), Grotte Spacieuse, Grotte Éblouissante, Caverne de la Nuit Étoilée","Route 224 (troupeau), Grotte Spacieuse, Grotte Éblouissante, Caverne de la Nuit Étoilée",Incompatible,,,
0178,Xatu,Mâle,,,,Indisponible,Indisponible,Échange interne contre un Spectrum à Argenta,Parc Safari (Zone Vélo Cross),Parc Safari (Zone Vélo Cross),Parc Safari (Zone Vélo Cross),Indisponible,Indisponible,Indisponible,Indisponible,Indisponible,Indisponible,Indisponible,Indisponible,Indisponible,Indisponible,Indisponible,Indisponible,Indisponible,"Parc Safari (Zone Sud-ouest, Hautes herbes), Île Mirage (Ouest de Mérouville, Sud-est du Chenal 109, Nord de la Grotte Tréfonds, Ouest de Myokara, Sud de Pacifiville), Mont Mirage (Sud-est du Chenal 129)","Parc Safari (Zone Sud-ouest, Hautes herbes), Île Mirage (Ouest de Mérouville, Sud-est du Chenal 109, Nord de la Grotte Tréfonds, Ouest de Myokara, Sud de Pacifiville), Mont Mirage (Sud-est du Chenal 129)",Échange,Échange,Intrusion* (Natu*),Intrusion* (Natu*),,,"Lac Coupenotte Est, Lac Milobellus Nord, Siège du Géant, Miroir du Géant, Expédition Dynamax","Lac Coupenotte Est, Lac Milobellus Nord, Siège du Géant, Miroir du Géant, Expédition Dynamax",Faire évoluer Natu (Niveau 25),Faire évoluer Natu (Niveau 25),Incompatible,,,
0178,Xatu,Femelle,,,,,,,,,,,,Indisponible,Indisponible,Indisponible,Indisponible,Indisponible,Indisponible,Indisponible,Indisponible,Indisponible,Indisponible,Indisponible,"Parc Safari (Zone Sud-ouest, Hautes herbes), Île Mirage (Ouest de Mérouville, Sud-est du Chenal 109, Nord de la Grotte Tréfonds, Ouest de Myokara, Sud de Pacifiville), Mont Mirage (Sud-est du Chenal 129)","Parc Safari (Zone Sud-ouest, Hautes herbes), Île Mirage (Ouest de Mérouville, Sud-est du Chenal 109, Nord de la Grotte Tréfonds, Ouest de Myokara, Sud de Pacifiville), Mont Mirage (Sud-est du Chenal 129)",,,,,,,,,,,,,,
0179,Wattouat,,,,,"Route 32, Route 42, Route 43","Route 32, Route 42, Route 43",Indisponible,Indisponible,Indisponible,Parc Safari (Extension - Bas),Indisponible,Indisponible,Les Éoliennes (Poké Radar),Les Éoliennes (Poké Radar),Les Éoliennes (Poké Radar),"Route 32, Route 42, Route 43, Parc Safari, Pokéwalker (Pente Glaciale, Grande Forêt), Œuf donné à Mauville par Castor après avoir répondu correctement à sa question","Route 32, Route 42, Route 43, Parc Safari, Pokéwalker (Pente Glaciale, Grande Forêt), Œuf donné à Mauville par Castor après avoir répondu correctement à sa question",Indisponible,Forêt Blanche (avec Daniel dans la forêt),Ranch d'Amaillide,Ranch d'Amaillide,Route 12 (Horde),Route 12 (Horde),Indisponible,Indisponible,Échange,Échange,Ranch Ohana,Ranch Ohana,,,Incompatible,Incompatible,"Parc Éolien (Poké Radar), Grotte de la Prairie, Grotte du Blizzard, Caverne Ensoleillée","Parc Éolien (Poké Radar), Grotte de la Prairie, Grotte du Blizzard, Caverne Ensoleillée",Incompatible,-,-,
0180,Lainergie,,,,,"Route 42, Route 43","Route 42, Route 43",Indisponible,Indisponible,Indisponible,Indisponible,Indisponible,Indisponible,Indisponible,Indisponible,Indisponible,"Route 42, Route 43","Route 42, Route 43",Indisponible,Indisponible,Indisponible,Indisponible,Indisponible,Indisponible,Indisponible,Indisponible,Échange,Échange,Faire évoluer Wattouat (niveau 15),Faire évoluer Wattouat (niveau 15),,,Incompatible,Incompatible,"Route 222 (Poké Radar), Grotte de la Prairie, Grotte du Blizzard, Caverne Ensoleillée","Route 222 (Poké Radar), Grotte de la Prairie, Grotte du Blizzard, Caverne Ensoleillée",Incompatible,-,-,
0181,Pharamp,,,,,Indisponible,Indisponible,Indisponible,Indisponible,Indisponible,Indisponible,Indisponible,Indisponible,Indisponible,Indisponible,Indisponible,Indisponible,Indisponible,Indisponible,Indisponible,Indisponible,Indisponible,Indisponible,Indisponible,Indisponible,Indisponible,Échange,Échange,Faire évoluer Lainergie (niveau 30),Faire évoluer Lainergie (niveau 30),,,Incompatible,Incompatible,Faire évoluer Lainergie (Niveau 30),Faire évoluer Lainergie (Niveau 30),Incompatible,-,-,
0182,Joliflor,,,,,Indisponible,Indisponible,Indisponible,Indisponible,Indisponible,Indisponible,Indisponible,Indisponible,Indisponible,Indisponible,Indisponible,Indisponible,Indisponible,Indisponible,Indisponible,Indisponible,Indisponible,Indisponible,Indisponible,Indisponible,Indisponible,À transférer via Banque Pokémon,À transférer via Banque Pokémon,À transférer via Banque Pokémon,À transférer via Banque Pokémon,,,"Miroir du Géant, Expédition Dynamax","Miroir du Géant, Expédition Dynamax",Faire évoluer Ortide (Avec une Pierre Soleil),Faire évoluer Ortide (Avec une Pierre Soleil),Incompatible,-,-,
0183,Marill,,,,,Mont Creuset (Entrée),Mont Creuset (Entrée),"Mont Creuset, Route 42 (Nuit)","Route 117, Route 120 (Hautes herbes), Route 102, Route 111, Route 117, Route 120, Clémenti-Ville, Parc Safari (Extension bas) (Surf)","Route 117, Route 120 (Hautes herbes), Route 102, Route 111, Route 117, Route 120, Clémenti-Ville, Parc Safari (Extension bas) (Surf)","Route 104, Route 112, Route 117, Route 120 (Hautes herbes), Route 102, Route 111, Route 117, Route 120, Clémenti-Ville, Parc SafariE* (Surf)",Indisponible,"Grotte de Glace, Vallée Ruine (Surf)","Grand Marais, Manoir Pokémon","Grand Marais, Manoir Pokémon","Manoir Pokémon, Route 212, Route 215","Mont Creuset, Parc Safari (Zone Champ de Fleurs), Pokéwalker (Zone de Vacances)","Mont Creuset, Parc Safari (Zone Champ de Fleurs), Pokéwalker (Zone de Vacances)",Indisponible,Indisponible,"Route 6, Route 11, Route 22, Autel Abondance, Pont du Hameau (Hautes herbes), Route 6, Route 22, Autel Abondance, Pont du Hameau, Chemin Enfoui, Forêt d'Empoigne, Route Victoire (Surf), Trouée Cachée (Ranch d'Amaillide), Route 20, Ranch d'Amaillide (Surf Tourbillon)","Route 6, Route 11, Route 22, Autel Abondance, Pont du Hameau (Hautes herbes), Route 6, Route 22, Autel Abondance, Pont du Hameau, Chemin Enfoui, Forêt d'Empoigne, Route Victoire (Surf), Trouée Cachée (Ranch d'Amaillide), Route 20, Ranch d'Amaillide (Surf Tourbillon)",Route 3 (Surf),Route 3 (Surf),"Route 102, Route 111, Route 114, Route 117, Route 123 (Surf), Route 117 (Hautes herbes et Horde), Route 120 (Horde)","Route 102, Route 111, Route 114, Route 117, Route 123 (Surf), Route 117 (Hautes herbes et Horde), Route 120 (Horde)","Scanner des Îles : Samedi, Colline Clapotis","Scanner des Îles : Samedi, Colline Clapotis",Échange,Échange,,,Plage de l'Épreuve,Plage de l'Épreuve,"Jardin Trophée (Après obtention du Pokédex National), Grand Marais","Jardin Trophée (Après obtention du Pokédex National), Grand Marais",Incompatible,-,-,
0184,Azumarill,,,,,Indisponible,Indisponible,Indisponible,Indisponible,Indisponible,Indisponible,Indisponible,Indisponible,Indisponible,Indisponible,"Route Victoire, Faire évoluer Marill au N.18",Indisponible,Indisponible,Indisponible,Indisponible,"Route 6, Route 11, Route 22, Autel Abondance, Pont du Hameau (Herbes mouvantes), Route 6, Route 20, Route 22, Autel Abondance, Pont du Hameau, Chemin Enfoui, Ranch d'Amaillide, Forêt d'Empoigne, Route Victoire (Surf tourbillon)","Route 6, Route 11, Route 22, Autel Abondance, Pont du Hameau (Herbes mouvantes), Route 6, Route 20, Route 22, Autel Abondance, Pont du Hameau, Chemin Enfoui, Ranch d'Amaillide, Forêt d'Empoigne, Route Victoire (Surf tourbillon)",Route 22 (Surf et Fleurs),Route 22 (Surf et Fleurs),"Route 102, Route 111, Route 114, Route 117, Route 120, Route 123, Clémenti-Ville (Surf)","Route 102, Route 111, Route 114, Route 117, Route 120, Route 123, Clémenti-Ville (Surf)",Faire évoluer Marill (niveau 18),Faire évoluer Marill (niveau 18),Échange,Échange,,,Expédition Dynamax,Expédition Dynamax,Faire évoluer Marill (Niveau 18),Faire évoluer Marill (Niveau 18),Incompatible,-,-,
0185,Simularbre,Mâle,,,,Route 36 (nécessite le Carapuce à O),Route 36 (nécessite le Carapuce à O),Route 36 (nécessite le Carapuce à O),Indisponible,Indisponible,Zone de Combat,Indisponible,Indisponible,Indisponible,"Route 214, Route 221",Route 221,Bloque la Route 36,Bloque la Route 36,Indisponible,Indisponible,Route 20 (Troupeau),Indisponible,Route 20 (Horde*),Route 20 (Horde*),Indisponible,Indisponible,Intrusion* (Manzaï*),Intrusion* (Manzaï*),Intrusion* (Manzaï*),Intrusion* (Manzaï*),,,"Abords de Motorby, Prairie Entre-Ponts, Berges de Motorby, Plateau de Kickenham, Fosse des Sables, Miroir du Géant, Expédition Dynamax","Abords de Motorby, Prairie Entre-Ponts, Berges de Motorby, Plateau de Kickenham, Fosse des Sables, Miroir du Géant, Expédition Dynamax",Faire évoluer Manzaï (Connaître la capacité Copie + gagner un niveau),"Route 214, Route 221",??,-,-,
0185,Simularbre,Femelle,,,,,,,,,,,,Indisponible,"Route 214, Route 221",Route 221,Bloque la Route 36,Bloque la Route 36,Indisponible,Indisponible,Route 20 (Troupeau),Indisponible,Route 20 (Horde*),Route 20 (Horde*),Indisponible,Indisponible,,,,,,,,,,,,-,-,
0186,Tarpaud,Mâle,,,,Indisponible,Indisponible,Indisponible,Indisponible,Indisponible,Indisponible,Indisponible,Indisponible,Indisponible,Indisponible,Indisponible,Indisponible,Indisponible,Route 6 (Pêche tourbillon),Route 6 (Pêche tourbillon),"Route 6, Route 19, Route 20, Ranch d'Amaillide, Route Victoire, Bois des Illusions (Pêche tourbillon)","Route 6, Route 19, Route 20, Ranch d'Amaillide, Route Victoire, Bois des Illusions (Pêche tourbillon)",Route 19 (Méga Canne),Route 19 (Méga Canne),Indisponible,Indisponible,Sous la pluie : Parc de Malié : Intrusion* (Par n'importe quel Pokémon*),Sous la pluie : Parc de Malié : Intrusion* (Par n'importe quel Pokémon*),Sous la pluie : Parc de Malié : Intrusion* (Par n'importe quel Pokémon*),Sous la pluie : Parc de Malié : Intrusion* (Par n'importe quel Pokémon*),,,"Lande Boldair, Expédition Dynamax","Lande Boldair, Expédition Dynamax",Faire évoluer Têtarte (Échange en tenant Roche Royale),Faire évoluer Têtarte (Échange en tenant Roche Royale),Incompatible,Indisponible,Indisponible,
0186,Tarpaud,Femelle,,,,,,,,,,,,Indisponible,Indisponible,Indisponible,Indisponible,Indisponible,Route 6 (Pêche tourbillon),Route 6 (Pêche tourbillon),"Route 6, Route 19, Route 20, Ranch d'Amaillide, Route Victoire, Bois des Illusions (Pêche tourbillon)","Route 6, Route 19, Route 20, Ranch d'Amaillide, Route Victoire, Bois des Illusions (Pêche tourbillon)",Route 19 (Méga Canne),Route 19 (Méga Canne),Indisponible,Indisponible,,,,,,,,,,,,Indisponible,Indisponible,
0187,Granivol,,,,,"Route 13, Route 14, Route 15, Route 32, Route 33 (Matin et Jour)","Route 13, Route 14, Route 15, Route 32, Route 33 (Matin et Jour)","Route 11, Route 13, Route 14, Route 15, Route 29, Route 30, Route 31*, Route 32, Route 33 (Matin et Jour)",Indisponible,Indisponible,Indisponible,"Pré de l'Île 5, Camp de Vacances, Pré de l'Île 5, Île 5 (ville) (Surf)","Pré de l'Île 5, Camp de Vacances, Pré de l'Île 5, Île 5 (ville) (Surf)",Route 205 (Poké Radar),Route 205 (Poké Radar),Route 205 (Poké Radar),"Route 13, Route 14, Route 15, Route 32, Route 33, Parc Safari, Pokéwalker (Zone de Vacances) (Matin et Jour), Route 48","Route 13, Route 14, Route 15, Route 32, Route 33, Parc Safari, Pokéwalker (Zone de Vacances) (Matin et Jour), Route 48",Indisponible,Forêt Blanche (avec Aurora dans la forêt),Route 18 (Troupeau),Route 18 (Troupeau),Route 7 (Horde),Route 7 (Horde),Indisponible,Indisponible,À transférer via Banque Pokémon,À transférer via Banque Pokémon,À transférer via Banque Pokémon,À transférer via Banque Pokémon,,,Incompatible,Incompatible,"Route 205 (Poké Radar), Grotte de la Prairie, Caverne Ensoleillée","Route 205 (Poké Radar), Forge Fuego (Poké Radar), Grotte de la Prairie, Caverne Ensoleillée",Incompatible,-,-,
0188,Floravol,,,,,Route 14 (Matin et Jour),Route 14 (Matin et Jour),Route 14 (Matin et Jour),Indisponible,Indisponible,Indisponible,Indisponible,Indisponible,"Route 205 (Poké Radar), Faire évoluer Granivol au N.18",Indisponible,Indisponible,"Route 14, Parc Safari (Matin et Jour)","Route 14, Parc Safari (Matin et Jour)",Indisponible,Indisponible,Indisponible,Indisponible,Indisponible,Indisponible,Indisponible,Indisponible,À transférer via Banque Pokémon,À transférer via Banque Pokémon,À transférer via Banque Pokémon,À transférer via Banque Pokémon,,,Incompatible,Incompatible,"Route 205 (Poké Radar), Grotte de la Prairie, Caverne Ensoleillée","Forge Fuego (Poké Radar), Grotte de la Prairie, Caverne Ensoleillée",Incompatible,-,-,
0189,Cotovol,,,,,Indisponible,Indisponible,Indisponible,Indisponible,Indisponible,Indisponible,Indisponible,Indisponible,Indisponible,Indisponible,Indisponible,"Parc Safari (Zone Marais, avec 5 blocs herbeux, immédiatement)","Parc Safari (Zone Marais, avec 5 blocs herbeux, immédiatement)",Indisponible,Indisponible,Indisponible,Indisponible,Indisponible,Indisponible,Indisponible,Indisponible,À transférer via Banque Pokémon,À transférer via Banque Pokémon,À transférer via Banque Pokémon,À transférer via Banque Pokémon,,,Incompatible,Incompatible,Faire évoluer Floravol (Niveau 27),Faire évoluer Floravol (Niveau 27),Incompatible,-,-,
0190,Capumain,Mâle,,,,"Coup d'Boule (Route 29, 30, 31, 32, 33, 42, 43, 44, 45, 46)","Coup d'Boule (Route 29, 30, 31, 32, 33, 42, 43, 44, 45, 46)","Coup d'Boule (Route 33, 42, 44, 45, 46)",Indisponible,Indisponible,Parc Safari (deux extensions),Indisponible,Indisponible,Arbres à Miel,Arbres à Miel,Arbres à Miel,"Route 28, Route 33, Route 42, Route 44, Route 45, Écorcia, Mont Argenté (Coup d'Boule)","Route 28, Route 33, Route 42, Route 44, Route 45, Écorcia, Mont Argenté (Coup d'Boule)",Indisponible,Indisponible,Indisponible,Indisponible,"Safari des Amis Normal, position 1 (1264-3013-5093)","Safari des Amis Normal, position 1 (1264-3013-5093)","Route 118, Route 121 (Navi-Dex)","Route 118, Route 121 (Navi-Dex)",Échange,Échange,Plaine de Poni (embuscade depuis un arbre),Plaine de Poni (embuscade depuis un arbre),,,Incompatible,Incompatible,"Arbre à Miel, Grotte Spacieuse","Arbre à Miel, Grotte Spacieuse",??,-,-,
0190,Capumain,Femelle,,,,,,,,,,,,Arbres à Miel,Arbres à Miel,Arbres à Miel,"Route 28, Route 33, Route 42, Route 44, Route 45, Écorcia, Mont Argenté (Coup d'Boule)","Route 28, Route 33, Route 42, Route 44, Route 45, Écorcia, Mont Argenté (Coup d'Boule)",Indisponible,Indisponible,Indisponible,Indisponible,"Safari des Amis Normal, position 1 (1264-3013-5093)","Safari des Amis Normal, position 1 (1264-3013-5093)","Route 118, Route 121 (Navi-Dex)","Route 118, Route 121 (Navi-Dex)",,,,,,,,,,,,-,-,
0191,Tournegrin,,,,,"Route 24, Parc Naturel (Jour)","Route 24, Parc Naturel (Jour)","Route 24, Parc Naturel (Jour)",Indisponible,Indisponible,Parc Safari (deux extensions),Indisponible,Indisponible,Route 204 (Poké Radar),Route 204 (Poké Radar),Route 204 (Poké Radar),"Route 24, Parc Naturel, Parc Safari, Pokéwalker (Jolie Plage) (Jour)","Route 24, Parc Naturel, Parc Safari, Pokéwalker (Jolie Plage) (Jour)",Route 12,Route 12,Route 20,Route 20,"Safari des Amis Plante, position 1 (2964-9061-9695)","Safari des Amis Plante, position 1 (2964-9061-9695)","Forêt Mirage (Est d'Algatia, Nord du Chenal 124, Nord-ouest de la Route 114, Nord de Nénucrique, Sud du Chenal 132, Sud du Chenal 108)","Forêt Mirage (Est d'Algatia, Nord du Chenal 124, Nord-ouest de la Route 114, Nord de Nénucrique, Sud du Chenal 132, Sud du Chenal 108)",À transférer via Banque Pokémon,À transférer via Banque Pokémon,À transférer via Banque Pokémon,À transférer via Banque Pokémon,,,Incompatible,Incompatible,"Route 204 (Partie Nord) (Poké Radar), Grotte de la Prairie, Caverne Ensoleillée","Route 204 (Partie Nord) (Poké Radar), Grotte de la Prairie, Caverne Ensoleillée",Incompatible,-,-,
0192,Héliatronc,,,,,Indisponible,Indisponible,Indisponible,Indisponible,Indisponible,Indisponible,Indisponible,Indisponible,Indisponible,Indisponible,Indisponible,Indisponible,Indisponible,Route 12 (Herbes mouvantes),Route 12 (Herbes mouvantes),Indisponible,Indisponible,Indisponible,Indisponible,Indisponible,Indisponible,À transférer via Banque Pokémon,À transférer via Banque Pokémon,À transférer via Banque Pokémon,À transférer via Banque Pokémon,,,Incompatible,Incompatible,Faire évoluer Tournegrin (Avec une Pierre Soleil),Faire évoluer Tournegrin (Avec une Pierre Soleil),Incompatible,-,-,
0193,Yanma,,,,,Route 35,Route 35,Route 35,Indisponible,Indisponible,Indisponible,Vallée Ruine,Vallée Ruine,Grand Marais (occasionnel),Grand Marais (occasionnel),Grand Marais (occasionnel),Route 35,Route 35,Route 14 (Troupeau),Route 14 (Troupeau),"Route 3, Forêt d'Empoigne (Extérieur)","Route 3, Forêt d'Empoigne (Extérieur)",Route 10 (Horde),Route 10 (Horde),Indisponible,Indisponible,Échange,Échange,Faire reproduire Yanmega,Faire reproduire Yanmega,,,Incompatible,Incompatible,Grand Marais (après obtention du Pokédex National),Grand Marais (après obtention du Pokédex National),??,-,-,
0194,Axoloto,Mâle,,,,"Route 32 (Matin et Nuit), Caves Jumelles, Ruines d'Alpha (Surf)","Route 32 (Matin et Nuit), Caves Jumelles, Ruines d'Alpha (Surf)","Ruines d'Alpha, Route 32 (Nuit), Caves Jumelles, Ruines d'Alpha (Surf)",Indisponible,Indisponible,Parc Safari (Extension bas) (Surf),"Grotte de Glace, Vallée Ruine (Surf)",Indisponible,"Grand Marais, Route 212","Grand Marais, Route 212","Grand Marais, Route 212","Route 32, Ruines d'Alpha, Caves Jumelles, Portail Falaise, Grotte Falaise, Parc Safari, Pokéwalker (Jolie Plage) (Nuit/Surf), Œuf donné à Mauville par Castor après avoir répondu correctement à sa question","Route 32, Ruines d'Alpha, Caves Jumelles, Portail Falaise, Grotte Falaise, Parc Safari, Pokéwalker (Jolie Plage) (Nuit/Surf), Œuf donné à Mauville par Castor après avoir répondu correctement à sa question",Indisponible,Forêt Blanche (Surf),Indisponible,Indisponible,"Safari des Amis Sol, position 1 (3583-5522-0406)","Safari des Amis Sol, position 1 (3583-5522-0406)",Indisponible,Indisponible,Échange,Échange,Faire reproduire Maraiste,Faire reproduire Maraiste,,,"Lac Coupenotte Ouest, Lac Milobellus Sud, Coiffe du Géant, Siège du Géant, Lande Boldair","Lac Coupenotte Ouest, Lac Milobellus Sud, Coiffe du Géant, Siège du Géant, Lande Boldair","Route 212 (Partie Sud), Grand Marais, Grotte des Eaux Souterraines, Grotte du Marécage, Caverne du Marais Sans Fond Surf : Route 212 (Partie Sud), Grand Marais","Route 212 (Partie Sud), Grand Marais, Grotte des Eaux Souterraines, Grotte du Marécage, Caverne du Marais Sans Fond Surf : Route 212 (Partie Sud), Grand Marais",Incompatible,-,-,
0194,Axoloto,Femelle,,,,,,,,,,,,"Grand Marais, Route 212","Grand Marais, Route 212","Grand Marais, Route 212","Route 32, Ruines d'Alpha, Caves Jumelles, Portail Falaise, Grotte Falaise, Parc Safari, Pokéwalker (Jolie Plage) (Nuit/Surf), Œuf donné à Mauville par Castor après avoir répondu correctement à sa question","Route 32, Ruines d'Alpha, Caves Jumelles, Portail Falaise, Grotte Falaise, Parc Safari, Pokéwalker (Jolie Plage) (Nuit/Surf), Œuf donné à Mauville par Castor après avoir répondu correctement à sa question",Indisponible,Forêt Blanche (Surf),Indisponible,Indisponible,"Safari des Amis Sol, position 1 (3583-5522-0406)","Safari des Amis Sol, position 1 (3583-5522-0406)",Indisponible,Indisponible,,,,,,,,,,,,-,-,
0194,Axoloto,Paldea,,,,,,,,,,,,,,,,,,,,,,,,,,,,,,,,,,,,-,-,
0195,Maraiste,Mâle,,,,"Route 10, Route 13, Route 14, Route 15, Route 26, Route 27 (Matin et Nuit), Grotte Argentée (Tout le temps), Route 12, Route 13, Route 32, Ruines d'Alpha, Caves Jumelles (Surf)","Route 10, Route 13, Route 14, Route 15, Route 26, Route 27 (Matin et Nuit), Grotte Argentée (Tout le temps), Route 12, Route 13, Route 32, Ruines d'Alpha, Caves Jumelles (Surf)","Route 13, Route 14, Route 15, Route 26, Route 27, Ruines d'Alpha (Nuit), Route 12, Route 13, Route 32, Ruines d'Alpha, Caves Jumelles (Surf)",Indisponible,Indisponible,Parc Safari (Extension bas) (Surf),Indisponible,Indisponible,"Route 212 (SurfDP/Hautes HerbesPt), Grand Marais","Route 212 (SurfDP/Hautes HerbesPt), Grand Marais","Route 212 (SurfDP/Hautes HerbesPt), Grand Marais","Route 10, Route 12, Route 13, Route 14, Route 15, Route 27, Route 32, Ruines d'Alpha, Caves Jumelles, Portail Falaise, Grotte Argentée, Parc Safari (Nuit/Surf), Grotte Falaise","Route 10, Route 12, Route 13, Route 14, Route 15, Route 27, Route 32, Ruines d'Alpha, Caves Jumelles, Portail Falaise, Grotte Argentée, Parc Safari (Nuit/Surf), Grotte Falaise",Indisponible,Indisponible,Route 8 (Troupeau),Route 8 (Troupeau),"Route 14, Route 19 (Hautes herbes, Marécage et Surf)","Route 14, Route 19 (Hautes herbes, Marécage et Surf)",Indisponible,Indisponible,Échange,Échange,"Ultra-Dimension, brèche bleue","Ultra-Dimension, brèche bleue",,,"Lac Coupenotte Ouest, Coiffe du Géant, Siège du Géant, Lac Ouragan, Lande Boldair, Expédition Dynamax","Lac Coupenotte Ouest, Coiffe du Géant, Siège du Géant, Lac Ouragan, Lande Boldair, Expédition Dynamax","Grand Marais, Grotte des Eaux Souterraines, Grotte du Marécage, Caverne du Marais Sans Fond Surf : Route 212 (Partie Sud), Grand Marais","Grand Marais, Grotte des Eaux Souterraines, Grotte du Marécage, Caverne du Marais Sans Fond Surf : Route 212 (Partie Sud), Grand Marais",Incompatible,-,-,
0195,Maraiste,Femelle,,,,,,,,,,,,"Route 212 (SurfDP/Hautes HerbesPt), Grand Marais","Route 212 (SurfDP/Hautes HerbesPt), Grand Marais","Route 212 (SurfDP/Hautes HerbesPt), Grand Marais","Route 10, Route 12, Route 13, Route 14, Route 15, Route 27, Route 32, Ruines d'Alpha, Caves Jumelles, Portail Falaise, Grotte Argentée, Parc Safari (Nuit/Surf), Grotte Falaise","Route 10, Route 12, Route 13, Route 14, Route 15, Route 27, Route 32, Ruines d'Alpha, Caves Jumelles, Portail Falaise, Grotte Argentée, Parc Safari (Nuit/Surf), Grotte Falaise",Indisponible,Indisponible,Route 8 (Troupeau),Route 8 (Troupeau),"Route 14, Route 19 (Hautes herbes, Marécage et Surf)","Route 14, Route 19 (Hautes herbes, Marécage et Surf)",Indisponible,Indisponible,,,,,,,,,,,,-,-,
0196,Mentali,,,,,Indisponible,Indisponible,Indisponible,Indisponible,Indisponible,Indisponible,Indisponible,Indisponible,Indisponible,Indisponible,Indisponible,Indisponible,Indisponible,Indisponible,Indisponible,Indisponible,Indisponible,Indisponible,Indisponible,Indisponible,Indisponible,La journée : Intrusion* (Évoli*),La journée : Intrusion* (Évoli*),La journée : Intrusion* (Évoli*),La journée : Intrusion* (Évoli*),,,"Lac Ouragan, Repos du Géant","Lac Ouragan, Repos du Géant","Faire évoluer Évoli (Bonheur, Jour)","Faire évoluer Évoli (Bonheur, Jour)",??,-,-,
0197,Noctali,,,,,Indisponible,Indisponible,Indisponible,Indisponible,Indisponible,Indisponible,Indisponible,Indisponible,Indisponible,Indisponible,Indisponible,Indisponible,Indisponible,Indisponible,Indisponible,Indisponible,Indisponible,Indisponible,Indisponible,Indisponible,Indisponible,La nuit : Intrusion* (Évoli*),La nuit : Intrusion* (Évoli*),La nuit : Intrusion* (Évoli*),La nuit : Intrusion* (Évoli*),,,"Lac Ouragan, Repos du Géant","Lac Ouragan, Repos du Géant","Faire évoluer Évoli (Bonheur, Nuit)","Faire évoluer Évoli (Bonheur, Nuit)",??,-,-,
0198,Cornèbre,Mâle,,,,"Route 7, Route 16, Route 18 (Nuit)","Route 7, Route 16, Route 18 (Nuit)","Route 7, Route 16, Route 18 (Nuit)",Indisponible,Indisponible,Indisponible,Grotte Perdue,Indisponible,"Tour Perdue, Forêt Vestigion",Indisponible,Indisponible,"Route 7, Route 16, Parc Safari, Pokéwalker (Coin Résidentiel) (Nuit)","Route 7, Route 16, Parc Safari, Pokéwalker (Coin Résidentiel) (Nuit)",Autel Abondance,Indisponible,Trouée Cachée (Forêt d'Empoigne),Trouée Cachée (Forêt d'Empoigne),"Route 15, Route 16 (Horde)","Route 15, Route 16 (Horde)",Grand Envol,Grand Envol,Grand Canyon de Poni*,Grand Canyon de Poni*,La nuit : Cimetière d'Ekaeka,La nuit : Cimetière d'Ekaeka,,,Incompatible,Incompatible,"Forêt de Vestigion (Nuit), Tour Perdue (Nuit), Grotte Spacieuse, Grotte de la Prairie, Grotte de la Rivière, Caverne du Miroir d'Eau, Caverne Ensoleillée",Échange,??,-,-,
0198,Cornèbre,Femelle,,,,,,,,,,,,"Tour Perdue, Forêt Vestigion",Indisponible,Indisponible,"Route 7, Route 16, Parc Safari, Pokéwalker (Coin Résidentiel) (Nuit)","Route 7, Route 16, Parc Safari, Pokéwalker (Coin Résidentiel) (Nuit)",Autel Abondance,Indisponible,Trouée Cachée (Forêt d'Empoigne),Trouée Cachée (Forêt d'Empoigne),"Route 15, Route 16 (Horde)","Route 15, Route 16 (Horde)",Grand Envol,Grand Envol,,,,,,,,,,,,-,-,
0199,Roigada,,,,,Indisponible,Indisponible,Indisponible,Indisponible,Indisponible,Indisponible,Indisponible,Indisponible,Indisponible,Indisponible,Indisponible,Indisponible,Indisponible,Autel Abondance (Surf tourbillon),Autel Abondance (Surf tourbillon),Indisponible,Indisponible,Indisponible,Indisponible,Indisponible,Indisponible,Faire évoluer Ramoloss par échange en tenant une Roche Royale,Faire évoluer Ramoloss par échange en tenant une Roche Royale,Intrusion* (Ramoloss*),Intrusion* (Ramoloss*),,,Expédition Dynamax,Expédition Dynamax,"Faire évoluer Ramoloss (Échange en tenant Roche Royale), Échange",Faire évoluer Ramoloss (Échange en tenant Roche Royale),Incompatible,Indisponible,Indisponible,
0199,Roigada,Galar,,,,,,,,,,,,,,,,,,,,,,,,,,,,,,,Faire évoluer Ramoloss de Galar en lui donnant une Couronne Galanoa,Faire évoluer Ramoloss de Galar en lui donnant une Couronne Galanoa,Incompatible,Incompatible,Incompatible,,,
0200,Feuforêve,,,,,Grotte Argentée (1er étage Nuit),Grotte Argentée (1er étage Nuit),Grotte Argentée (1er étage Nuit),Indisponible,Indisponible,Indisponible,Indisponible,Grotte Perdue,Indisponible,"Tour Perdue, Forêt Vestigion",Indisponible,"Grotte Argentée, Parc Safari, Grotte Falaise, Pokéwalker*","Grotte Argentée, Parc Safari, Grotte Falaise, Pokéwalker*",Indisponible,Autel Abondance,Indisponible,Indisponible,Indisponible,Indisponible,"Route 114, Route 115 (Navi-Dex)","Route 114, Route 115 (Navi-Dex)",La nuit : Cimetière d'Ekaeka,La nuit : Cimetière d'Ekaeka,La nuit : Jardin de Poni,La nuit : Jardin de Poni,,,Incompatible,Incompatible,Échange,"Forêt de Vestigion (Nuit), Tour Perdue (Nuit), Grotte Éblouissante, Caverne de la Nuit Étoilée",??,Indisponible,-,
0201,Zarbi,A,,,,Ruines d'Alpha,Ruines d'Alpha,Ruines d'Alpha,Indisponible,Indisponible,Indisponible,Chambres Tanoby,Chambres Tanoby,Ruines Bonville,Ruines Bonville,Ruines Bonville,Ruines d'Alpha,Ruines d'Alpha,Indisponible,Indisponible,Indisponible,Indisponible,Indisponible,Indisponible,Grotte Mirage (Sud du Chenal 107),Grotte Mirage (Sud du Chenal 107),À transférer via Banque Pokémon,À transférer via Banque Pokémon,À transférer via Banque Pokémon,À transférer via Banque Pokémon,,,Incompatible,Incompatible,Ruines de Bonville,Ruines de Bonville,??,,,
0201,Zarbi,B,,,,Ruines d'Alpha,Ruines d'Alpha,Ruines d'Alpha,Indisponible,Indisponible,Indisponible,Chambres Tanoby,Chambres Tanoby,Ruines Bonville,Ruines Bonville,Ruines Bonville,Ruines d'Alpha,Ruines d'Alpha,Indisponible,Indisponible,Indisponible,Indisponible,Indisponible,Indisponible,Grotte Mirage (Sud du Chenal 107),Grotte Mirage (Sud du Chenal 107),,,,,,,,,,,,,,
0201,Zarbi,C,,,,Ruines d'Alpha,Ruines d'Alpha,Ruines d'Alpha,Indisponible,Indisponible,Indisponible,Chambres Tanoby,Chambres Tanoby,Ruines Bonville,Ruines Bonville,Ruines Bonville,Ruines d'Alpha,Ruines d'Alpha,Indisponible,Indisponible,Indisponible,Indisponible,Indisponible,Indisponible,Grotte Mirage (Sud du Chenal 107),Grotte Mirage (Sud du Chenal 107),,,,,,,,,,,,,,
0201,Zarbi,D,,,,Ruines d'Alpha,Ruines d'Alpha,Ruines d'Alpha,Indisponible,Indisponible,Indisponible,Chambres Tanoby,Chambres Tanoby,Ruines Bonville,Ruines Bonville,Ruines Bonville,Ruines d'Alpha,Ruines d'Alpha,Indisponible,Indisponible,Indisponible,Indisponible,Indisponible,Indisponible,Grotte Mirage (Sud du Chenal 107),Grotte Mirage (Sud du Chenal 107),,,,,,,,,,,,,,
0201,Zarbi,E,,,,Ruines d'Alpha,Ruines d'Alpha,Ruines d'Alpha,Indisponible,Indisponible,Indisponible,Chambres Tanoby,Chambres Tanoby,Ruines Bonville,Ruines Bonville,Ruines Bonville,Ruines d'Alpha,Ruines d'Alpha,Indisponible,Indisponible,Indisponible,Indisponible,Indisponible,Indisponible,Grotte Mirage (Sud du Chenal 107),Grotte Mirage (Sud du Chenal 107),,,,,,,,,,,,,,
0201,Zarbi,F,,,,Ruines d'Alpha,Ruines d'Alpha,Ruines d'Alpha,Indisponible,Indisponible,Indisponible,Chambres Tanoby,Chambres Tanoby,Ruines Bonville,Ruines Bonville,Ruines Bonville,Ruines d'Alpha,Ruines d'Alpha,Indisponible,Indisponible,Indisponible,Indisponible,Indisponible,Indisponible,Grotte Mirage (Sud du Chenal 107),Grotte Mirage (Sud du Chenal 107),,,,,,,,,,,,,,
0201,Zarbi,G,,,,Ruines d'Alpha,Ruines d'Alpha,Ruines d'Alpha,Indisponible,Indisponible,Indisponible,Chambres Tanoby,Chambres Tanoby,Ruines Bonville,Ruines Bonville,Ruines Bonville,Ruines d'Alpha,Ruines d'Alpha,Indisponible,Indisponible,Indisponible,Indisponible,Indisponible,Indisponible,Grotte Mirage (Sud du Chenal 107),Grotte Mirage (Sud du Chenal 107),,,,,,,,,,,,,,
0201,Zarbi,H,,,,Ruines d'Alpha,Ruines d'Alpha,Ruines d'Alpha,Indisponible,Indisponible,Indisponible,Chambres Tanoby,Chambres Tanoby,Ruines Bonville,Ruines Bonville,Ruines Bonville,Ruines d'Alpha,Ruines d'Alpha,Indisponible,Indisponible,Indisponible,Indisponible,Indisponible,Indisponible,Grotte Mirage (Sud du Chenal 107),Grotte Mirage (Sud du Chenal 107),,,,,,,,,,,,,,
0201,Zarbi,I,,,,Ruines d'Alpha,Ruines d'Alpha,Ruines d'Alpha,Indisponible,Indisponible,Indisponible,Chambres Tanoby,Chambres Tanoby,Ruines Bonville,Ruines Bonville,Ruines Bonville,Ruines d'Alpha,Ruines d'Alpha,Indisponible,Indisponible,Indisponible,Indisponible,Indisponible,Indisponible,Grotte Mirage (Sud du Chenal 107),Grotte Mirage (Sud du Chenal 107),,,,,,,,,,,,,,
0201,Zarbi,J,,,,Ruines d'Alpha,Ruines d'Alpha,Ruines d'Alpha,Indisponible,Indisponible,Indisponible,Chambres Tanoby,Chambres Tanoby,Ruines Bonville,Ruines Bonville,Ruines Bonville,Ruines d'Alpha,Ruines d'Alpha,Indisponible,Indisponible,Indisponible,Indisponible,Indisponible,Indisponible,Grotte Mirage (Sud du Chenal 107),Grotte Mirage (Sud du Chenal 107),,,,,,,,,,,,,,
0201,Zarbi,K,,,,Ruines d'Alpha,Ruines d'Alpha,Ruines d'Alpha,Indisponible,Indisponible,Indisponible,Chambres Tanoby,Chambres Tanoby,Ruines Bonville,Ruines Bonville,Ruines Bonville,Ruines d'Alpha,Ruines d'Alpha,Indisponible,Indisponible,Indisponible,Indisponible,Indisponible,Indisponible,Grotte Mirage (Sud du Chenal 107),Grotte Mirage (Sud du Chenal 107),,,,,,,,,,,,,,
0201,Zarbi,L,,,,Ruines d'Alpha,Ruines d'Alpha,Ruines d'Alpha,Indisponible,Indisponible,Indisponible,Chambres Tanoby,Chambres Tanoby,Ruines Bonville,Ruines Bonville,Ruines Bonville,Ruines d'Alpha,Ruines d'Alpha,Indisponible,Indisponible,Indisponible,Indisponible,Indisponible,Indisponible,Grotte Mirage (Sud du Chenal 107),Grotte Mirage (Sud du Chenal 107),,,,,,,,,,,,,,
0201,Zarbi,M,,,,Ruines d'Alpha,Ruines d'Alpha,Ruines d'Alpha,Indisponible,Indisponible,Indisponible,Chambres Tanoby,Chambres Tanoby,Ruines Bonville,Ruines Bonville,Ruines Bonville,Ruines d'Alpha,Ruines d'Alpha,Indisponible,Indisponible,Indisponible,Indisponible,Indisponible,Indisponible,Grotte Mirage (Sud du Chenal 107),Grotte Mirage (Sud du Chenal 107),,,,,,,,,,,,,,
0201,Zarbi,N,,,,Ruines d'Alpha,Ruines d'Alpha,Ruines d'Alpha,Indisponible,Indisponible,Indisponible,Chambres Tanoby,Chambres Tanoby,Ruines Bonville,Ruines Bonville,Ruines Bonville,Ruines d'Alpha,Ruines d'Alpha,Indisponible,Indisponible,Indisponible,Indisponible,Indisponible,Indisponible,Grotte Mirage (Sud du Chenal 107),Grotte Mirage (Sud du Chenal 107),,,,,,,,,,,,,,
0201,Zarbi,O,,,,Ruines d'Alpha,Ruines d'Alpha,Ruines d'Alpha,Indisponible,Indisponible,Indisponible,Chambres Tanoby,Chambres Tanoby,Ruines Bonville,Ruines Bonville,Ruines Bonville,Ruines d'Alpha,Ruines d'Alpha,Indisponible,Indisponible,Indisponible,Indisponible,Indisponible,Indisponible,Grotte Mirage (Sud du Chenal 107),Grotte Mirage (Sud du Chenal 107),,,,,,,,,,,,,,
0201,Zarbi,P,,,,Ruines d'Alpha,Ruines d'Alpha,Ruines d'Alpha,Indisponible,Indisponible,Indisponible,Chambres Tanoby,Chambres Tanoby,Ruines Bonville,Ruines Bonville,Ruines Bonville,Ruines d'Alpha,Ruines d'Alpha,Indisponible,Indisponible,Indisponible,Indisponible,Indisponible,Indisponible,Grotte Mirage (Sud du Chenal 107),Grotte Mirage (Sud du Chenal 107),,,,,,,,,,,,,,
0201,Zarbi,Q,,,,Ruines d'Alpha,Ruines d'Alpha,Ruines d'Alpha,Indisponible,Indisponible,Indisponible,Chambres Tanoby,Chambres Tanoby,Ruines Bonville,Ruines Bonville,Ruines Bonville,Ruines d'Alpha,Ruines d'Alpha,Indisponible,Indisponible,Indisponible,Indisponible,Indisponible,Indisponible,Grotte Mirage (Sud du Chenal 107),Grotte Mirage (Sud du Chenal 107),,,,,,,,,,,,,,
0201,Zarbi,R,,,,Ruines d'Alpha,Ruines d'Alpha,Ruines d'Alpha,Indisponible,Indisponible,Indisponible,Chambres Tanoby,Chambres Tanoby,Ruines Bonville,Ruines Bonville,Ruines Bonville,Ruines d'Alpha,Ruines d'Alpha,Indisponible,Indisponible,Indisponible,Indisponible,Indisponible,Indisponible,Grotte Mirage (Sud du Chenal 107),Grotte Mirage (Sud du Chenal 107),,,,,,,,,,,,,,
0201,Zarbi,S,,,,Ruines d'Alpha,Ruines d'Alpha,Ruines d'Alpha,Indisponible,Indisponible,Indisponible,Chambres Tanoby,Chambres Tanoby,Ruines Bonville,Ruines Bonville,Ruines Bonville,Ruines d'Alpha,Ruines d'Alpha,Indisponible,Indisponible,Indisponible,Indisponible,Indisponible,Indisponible,Grotte Mirage (Sud du Chenal 107),Grotte Mirage (Sud du Chenal 107),,,,,,,,,,,,,,
0201,Zarbi,T,,,,Ruines d'Alpha,Ruines d'Alpha,Ruines d'Alpha,Indisponible,Indisponible,Indisponible,Chambres Tanoby,Chambres Tanoby,Ruines Bonville,Ruines Bonville,Ruines Bonville,Ruines d'Alpha,Ruines d'Alpha,Indisponible,Indisponible,Indisponible,Indisponible,Indisponible,Indisponible,Grotte Mirage (Sud du Chenal 107),Grotte Mirage (Sud du Chenal 107),,,,,,,,,,,,,,
0201,Zarbi,U,,,,Ruines d'Alpha,Ruines d'Alpha,Ruines d'Alpha,Indisponible,Indisponible,Indisponible,Chambres Tanoby,Chambres Tanoby,Ruines Bonville,Ruines Bonville,Ruines Bonville,Ruines d'Alpha,Ruines d'Alpha,Indisponible,Indisponible,Indisponible,Indisponible,Indisponible,Indisponible,Grotte Mirage (Sud du Chenal 107),Grotte Mirage (Sud du Chenal 107),,,,,,,,,,,,,,
0201,Zarbi,V,,,,Ruines d'Alpha,Ruines d'Alpha,Ruines d'Alpha,Indisponible,Indisponible,Indisponible,Chambres Tanoby,Chambres Tanoby,Ruines Bonville,Ruines Bonville,Ruines Bonville,Ruines d'Alpha,Ruines d'Alpha,Indisponible,Indisponible,Indisponible,Indisponible,Indisponible,Indisponible,Grotte Mirage (Sud du Chenal 107),Grotte Mirage (Sud du Chenal 107),,,,,,,,,,,,,,
0201,Zarbi,W,,,,Ruines d'Alpha,Ruines d'Alpha,Ruines d'Alpha,Indisponible,Indisponible,Indisponible,Chambres Tanoby,Chambres Tanoby,Ruines Bonville,Ruines Bonville,Ruines Bonville,Ruines d'Alpha,Ruines d'Alpha,Indisponible,Indisponible,Indisponible,Indisponible,Indisponible,Indisponible,Grotte Mirage (Sud du Chenal 107),Grotte Mirage (Sud du Chenal 107),,,,,,,,,,,,,,
0201,Zarbi,X,,,,Ruines d'Alpha,Ruines d'Alpha,Ruines d'Alpha,Indisponible,Indisponible,Indisponible,Chambres Tanoby,Chambres Tanoby,Ruines Bonville,Ruines Bonville,Ruines Bonville,Ruines d'Alpha,Ruines d'Alpha,Indisponible,Indisponible,Indisponible,Indisponible,Indisponible,Indisponible,Grotte Mirage (Sud du Chenal 107),Grotte Mirage (Sud du Chenal 107),,,,,,,,,,,,,,
0201,Zarbi,Y,,,,Ruines d'Alpha,Ruines d'Alpha,Ruines d'Alpha,Indisponible,Indisponible,Indisponible,Chambres Tanoby,Chambres Tanoby,Ruines Bonville,Ruines Bonville,Ruines Bonville,Ruines d'Alpha,Ruines d'Alpha,Indisponible,Indisponible,Indisponible,Indisponible,Indisponible,Indisponible,Grotte Mirage (Sud du Chenal 107),Grotte Mirage (Sud du Chenal 107),,,,,,,,,,,,,,
0201,Zarbi,Z,,,,Ruines d'Alpha,Ruines d'Alpha,Ruines d'Alpha,Indisponible,Indisponible,Indisponible,Chambres Tanoby,Chambres Tanoby,Ruines Bonville,Ruines Bonville,Ruines Bonville,Ruines d'Alpha,Ruines d'Alpha,Indisponible,Indisponible,Indisponible,Indisponible,Indisponible,Indisponible,Grotte Mirage (Sud du Chenal 107),Grotte Mirage (Sud du Chenal 107),,,,,,,,,,,,,,
0201,Zarbi,!,,,,Ruines d'Alpha,Ruines d'Alpha,Ruines d'Alpha,Indisponible,Indisponible,Indisponible,Chambres Tanoby,Chambres Tanoby,Ruines Bonville,Ruines Bonville,Ruines Bonville,Ruines d'Alpha,Ruines d'Alpha,Indisponible,Indisponible,Indisponible,Indisponible,Indisponible,Indisponible,Grotte Mirage (Sud du Chenal 107),Grotte Mirage (Sud du Chenal 107),,,,,,,,,,,,,,
0201,Zarbi,?,,,,Ruines d'Alpha,Ruines d'Alpha,Ruines d'Alpha,Indisponible,Indisponible,Indisponible,Chambres Tanoby,Chambres Tanoby,Ruines Bonville,Ruines Bonville,Ruines Bonville,Ruines d'Alpha,Ruines d'Alpha,Indisponible,Indisponible,Indisponible,Indisponible,Indisponible,Indisponible,Grotte Mirage (Sud du Chenal 107),Grotte Mirage (Sud du Chenal 107),,,,,,,,,,,,,,
0202,Qulbutoké,Mâle,,,,Antre Noir (Côté Ebenelle),Antre Noir (Côté Ebenelle),"Antre Noir (Côté Ebenelle), Casino de Doublonville (Nuit)",Parc Safari (Entrée),Parc Safari (Entrée),Parc Safari (Entrée),"Vallée Ruine, Caverne Azurée","Vallée Ruine, Caverne Azurée","Lac Vérité, Lac Savoir, Lac Courage (Poké Radar)","Lac Vérité, Lac Savoir, Lac Courage (Poké Radar)","Lac Vérité, Lac Courage (Poké Radar)","Antre Noir, Caverne Azurée, Parc Safari, Pokéwalker (Bois Bruissant)","Antre Noir, Caverne Azurée, Parc Safari, Pokéwalker (Bois Bruissant)",Indisponible,Indisponible,Échange interne avec Brenda/Julien à Méanville,Échange interne avec Brenda/Julien à Méanville,Grotte Miroitante,Grotte Miroitante,"Parc Safari (Zone Sud-ouest, Très Hautes herbes)","Parc Safari (Zone Sud-ouest, Très Hautes herbes)",À transférer via Banque Pokémon,À transférer via Banque Pokémon,À transférer via Banque Pokémon,À transférer via Banque Pokémon,,,"Route 5, Prairie Entre-Ponts, Berges de Motorby, Plateau de Kickenham, Fosse des Sables, Lac Ouragan","Route 5, Prairie Entre-Ponts, Berges de Motorby, Plateau de Kickenham, Fosse des Sables, Lac Ouragan","Lac Vérité (Poké Radar), Lac Savoir (Poké Radar), Lac Courage (Poké Radar), Grotte Éblouissante, Caverne de la Nuit Étoilée","Lac Vérité (Poké Radar), Lac Savoir (Poké Radar), Lac Courage (Poké Radar), Grotte Éblouissante, Caverne de la Nuit Étoilée",Incompatible,,,
0202,Qulbutoké,Femelle,,,,,,,,,,,,"Lac Vérité, Lac Savoir, Lac Courage (Poké Radar)","Lac Vérité, Lac Savoir, Lac Courage (Poké Radar)","Lac Vérité, Lac Courage (Poké Radar)","Antre Noir, Caverne Azurée, Parc Safari, Pokéwalker (Bois Bruissant)","Antre Noir, Caverne Azurée, Parc Safari, Pokéwalker (Bois Bruissant)",Indisponible,Indisponible,Échange interne avec Brenda/Julien à Méanville,Échange interne avec Brenda/Julien à Méanville,Grotte Miroitante,Grotte Miroitante,"Parc Safari (Zone Sud-ouest, Très Hautes herbes)","Parc Safari (Zone Sud-ouest, Très Hautes herbes)",,,,,,,,,,,,,,
0203,Girafarig,Mâle,,,,Route 43,Route 43,Indisponible,Parc Safari (Entrée),Parc Safari (Entrée),Parc Safari (Entrée),Indisponible,Indisponible,"Route 214, Rive Lac Courage","Route 214, Rive Lac Courage","Route 221, Rive Lac Courage","Route 43, Route 48, Parc Safari, Pokéwalker (Sylvania)","Route 43, Route 48, Parc Safari, Pokéwalker (Sylvania)",Indisponible,Indisponible,Réserve Naturelle,Réserve Naturelle,Indisponible,Indisponible,"Parc Safari (Zone Sud-est, Très Hautes herbes), Mont Mirage (Sud du Chenal 131)","Parc Safari (Zone Sud-est, Très Hautes herbes), Mont Mirage (Sud du Chenal 131)",À transférer via Banque Pokémon,À transférer via Banque Pokémon,À transférer via Banque Pokémon,À transférer via Banque Pokémon,,,Incompatible,Incompatible,"Route 214, Rive Lac Courage, Grotte Éblouissante, Caverne de la Nuit Étoilée","Route 214, Rive Lac Courage, Grotte Éblouissante, Caverne de la Nuit Étoilée",Incompatible,-,-,
0203,Girafarig,Femelle,,,,,,,,,,,,"Route 214, Rive Lac Courage","Route 214, Rive Lac Courage","Route 221, Rive Lac Courage","Route 43, Route 48, Parc Safari, Pokéwalker (Sylvania)","Route 43, Route 48, Parc Safari, Pokéwalker (Sylvania)",Indisponible,Indisponible,Réserve Naturelle,Réserve Naturelle,Indisponible,Indisponible,"Parc Safari (Zone Sud-est, Très Hautes herbes), Mont Mirage (Sud du Chenal 131)","Parc Safari (Zone Sud-est, Très Hautes herbes), Mont Mirage (Sud du Chenal 131)",,,,,,,,,,,,-,-,
0204,Pomdepik,,,,,"Coup d'Boule (Écorcia, Bois aux Chênes, Parc Naturel, Lac Colère, Routes 26, 27, 35, 36, 37, 38 et 39)","Coup d'Boule (Écorcia, Bois aux Chênes, Parc Naturel, Lac Colère, Routes 26, 27, 35, 36, 37, 38 et 39)","Coup d'Boule (Bois aux Chênes, Lac Colère, Routes 26, 27, 29, 30, 31, 32, 34, 35, 36, 37, 38, 39 et 43)",Indisponible,Indisponible,Parc Safari (Extension - Nord),Indisponible,Indisponible,"Route 203, Route 204, Route 229, Forêt Vestigion (Insertion Émeraude)","Route 203, Route 204, Route 229, Forêt Vestigion (Insertion Émeraude)","Route 203, Route 204, Route 229, Forêt Vestigion (Insertion Émeraude)",Coup d'Boule sur de nombreuses routes,Coup d'Boule sur de nombreuses routes,Route 16 (Troupeau),Route 16 (Troupeau),Route 16 (Troupeau),Route 16 (Troupeau),Indisponible,Indisponible,Indisponible,Indisponible,Échange,Échange,Route 10 (embuscade depuis les arbres),Route 10 (embuscade depuis les arbres),,,Incompatible,Incompatible,"Grotte de la Prairie, Grotte du Marécage, Caverne Ensoleillée, Caverne du Marais Sans Fond","Grotte de la Prairie, Grotte du Marécage, Caverne Ensoleillée, Caverne du Marais Sans Fond",Incompatible,-,-,
0205,Foretress,,,,,Indisponible,Indisponible,Indisponible,Indisponible,Indisponible,Indisponible,Indisponible,Indisponible,Indisponible,Indisponible,Indisponible,Indisponible,Indisponible,Indisponible,Indisponible,Indisponible,Indisponible,"Safari des Amis Acier, position 2 (1607-8937-8589)","Safari des Amis Acier, position 2 (1607-8937-8589)","Mont Mirage (Ouest de la Route 104, Nord de Nénucrique, Sud du Chenal 131, Nord-ouest de la Grotte Tréfonds)","Mont Mirage (Ouest de la Route 104, Nord de Nénucrique, Sud du Chenal 131, Nord-ouest de la Grotte Tréfonds)",Échange,Échange,Faire évoluer Pomdepik (niveau 31),Faire évoluer Pomdepik (niveau 31),,,Incompatible,Incompatible,Faire évoluer Pomdepik (Niveau 31),Faire évoluer Pomdepik (Niveau 31),Incompatible,-,-,
0206,Insolourdo,,,,,Antre Noir (Côté Mauville),Antre Noir (Côté Mauville),Antre Noir (Côté Mauville),Indisponible,Indisponible,Indisponible,Port Île 3,Port Île 3,Route 208 (Essaim),Route 208 (Essaim),Route 208 (Essaim),Antre Noir (Marche et Éclate-Roc),Antre Noir (Marche et Éclate-Roc),Route 12,Route 12,"Route 1, Route 2, Route 6, Route 12, Route 18, Route 20, Ranch d'Amaillide, Pont du Hameau, Route Victoire, Vestiges du Rêve (Herbes mouvantes), Trouée Cachée (Route 6 et Ranch d'Amaillide)","Route 1, Route 2, Route 6, Route 12, Route 18, Route 20, Ranch d'Amaillide, Pont du Hameau, Route Victoire, Vestiges du Rêve (Herbes mouvantes), Trouée Cachée (Route 6 et Ranch d'Amaillide)","Route 3, Route 22","Route 3, Route 22",Indisponible,Indisponible,Échange,Échange,Route 2 (herbes mouvantes),Route 2 (herbes mouvantes),,,"Lande Boldair, Expédition Dynamax","Lande Boldair, Expédition Dynamax",Route 208 (troupeau),Route 208 (troupeau),Incompatible,-,-,
0207,Scorplane,Mâle,,,,Route 45,Indisponible,Route 45,Indisponible,Indisponible,Parc Safari (Extension - Bas),Indisponible,Indisponible,"Route 206, Route 207, Route 214, Route 215, Route 227, Mont Abrupt (Insertion Émeraude)","Route 206, Route 207, Route 214, Route 215, Route 227, Mont Abrupt (Insertion Émeraude)",Route 206,Route 45,Indisponible,"Route 11, Route 15","Route 11, Route 15","Route 11, Route 15, Route 23, Trouée Cachée (Route 23)","Route 11, Route 15, Route 23, Trouée Cachée (Route 23)",Route 19 (Horde),Route 19 (Horde),Indisponible,Indisponible,À transférer via Banque Pokémon,À transférer via Banque Pokémon,À transférer via Banque Pokémon,À transférer via Banque Pokémon,,,Incompatible,Incompatible,"Grotte des Rochers, Caverne du Piton, Caverne du Marais Sans Fond, Caverne Ensoleillée, Grotte des Rochers, Grotte des Sables Ardents, Grotte du Marécage",Échange,??,-,-,
0207,Scorplane,Femelle,,,,,,,,,,,,"Route 206, Route 207, Route 214, Route 215, Route 227, Mont Abrupt (Insertion Émeraude)","Route 206, Route 207, Route 214, Route 215, Route 227, Mont Abrupt (Insertion Émeraude)",Route 206,Route 45,Indisponible,"Route 11, Route 15","Route 11, Route 15","Route 11, Route 15, Route 23, Trouée Cachée (Route 23)","Route 11, Route 15, Route 23, Trouée Cachée (Route 23)",Route 19 (Horde),Route 19 (Horde),Indisponible,Indisponible,,,,,,,,,,,,-,-,
0208,Steelix,Mâle,,,,Indisponible,Indisponible,Indisponible,Indisponible,Indisponible,Indisponible,Indisponible,Indisponible,"Île de Fer, Route Victoire, Temple Frimapic","Île de Fer, Route Victoire, Temple Frimapic","Île de Fer, Route Victoire","Grotte Falaise, Grotte Argentée, Échange contre n'importe quel Pokémon avec Jasmine","Grotte Falaise, Grotte Argentée, Échange contre n'importe quel Pokémon avec Jasmine",Indisponible,Indisponible,"Route Bardane, Mont Foré (Sol Agité)","Route Bardane, Mont Foré (Sol Agité)",Indisponible,Indisponible,Indisponible,Indisponible,Échange,Échange,Faire évoluer Onix par échange en tenant une Peau Métal,Faire évoluer Onix par échange en tenant une Peau Métal,,,"Miroir du Géant, Siège du Géant","Miroir du Géant, Siège du Géant","Île de Fer, Route Victoire, Temple Frimapic","Île de Fer, Route Victoire, Temple Frimapic",??,,,
0208,Steelix,Femelle,,,,,,,,,,,,"Île de Fer, Route Victoire, Temple Frimapic","Île de Fer, Route Victoire, Temple Frimapic","Île de Fer, Route Victoire","Grotte Falaise, Grotte Argentée, Échange contre n'importe quel Pokémon avec Jasmine","Grotte Falaise, Grotte Argentée, Échange contre n'importe quel Pokémon avec Jasmine",Indisponible,Indisponible,"Route Bardane, Mont Foré (Sol Agité)","Route Bardane, Mont Foré (Sol Agité)",Indisponible,Indisponible,Indisponible,Indisponible,,,,,,,,,,,,,,
0209,Snubbull,,,,,Route 38,Route 38,"Route 5, Route 6, Route 7, Route 8, Route 34, Route 35 (Matin et Jour)",Indisponible,Indisponible,Parc Safari (Extension - Bas),Indisponible,Indisponible,Route 209 (Essaim),Route 209 (Essaim),Route 209 (Essaim),Route 38,Route 38,Indisponible,Indisponible,Indisponible,Indisponible,Route 10,Route 10,Indisponible,Indisponible,Faire reproduire Granbull,Faire reproduire Granbull,Faire reproduire Granbull,Faire reproduire Granbull,,,Incompatible,Incompatible,"Route 209 (troupeau), Grotte Éblouissante, Caverne de la Nuit Étoilée","Route 209 (troupeau), Grotte Éblouissante, Caverne de la Nuit Étoilée",Incompatible,-,-,
0210,Granbull,,,,,Indisponible,Indisponible,Route 6 (Matin et Jour),Indisponible,Indisponible,Indisponible,Indisponible,Indisponible,Indisponible,Indisponible,Indisponible,Indisponible,Indisponible,Indisponible,Indisponible,Trouée Cachée (Route 2*),Trouée Cachée (Route 2*),Indisponible,Indisponible,Indisponible,Indisponible,"Vieille Route, Chemin du Défi, Prairie de Poni, Forêt de Poni","Vieille Route, Chemin du Défi, Prairie de Poni, Forêt de Poni","Vieille Route, Chemin du Défi, Prairie de Poni","Vieille Route, Chemin du Défi, Prairie de Poni",,,Incompatible,Incompatible,Faire évoluer Snubbull (Niveau 23),Faire évoluer Snubbull (Niveau 23),Incompatible,-,-,
0211,Qwilfish,,,,,"Route 12, Route 13, Route 32 (Méga Canne)","Route 12, Route 13, Route 32 (Méga Canne)","Route 12, Route 13, Route 32 (Méga Canne)",Indisponible,Indisponible,Indisponible,"Pré de l'Île 5, Chemin Vert, Mémorial, Île du Lointain, Camp de Vacances, Ruines Tanoby, Tour Dresseurs, Labyrinthe d', Agualcanal (Méga Canne)",Indisponible,Île de Fer (Méga Canne),Île de Fer (Méga Canne),Île de Fer (Méga Canne),"Route 32 (Super Canne), Route 12, Route 13, Route 32 (Méga Canne)","Route 32 (Super Canne), Route 12, Route 13, Route 32 (Méga Canne)","Chenal 17, Route 18, Labo P2 (Pêche tourbillon)","Chenal 17, Route 18, Labo P2 (Pêche tourbillon)","Route 4, Ondes-sur-Mer, Labo P2, Z.I. d'Ondes-sur-Mer (Pêche, Pêche tourbillon)","Route 4, Ondes-sur-Mer, Labo P2, Z.I. d'Ondes-sur-Mer (Pêche, Pêche tourbillon)",Route 8 (Méga Canne),Route 8 (Méga Canne),Indisponible,Indisponible,À transférer via Banque Pokémon,À transférer via Banque Pokémon,À transférer via Banque Pokémon,À transférer via Banque Pokémon,,,"Canne à Pêche :Prairie Entre-Ponts, Fosse des Sables, Lac Ouragan Sur l'eau : Route 9, Prairie Entre-Ponts, Expédition Dynamax","Canne à Pêche :Prairie Entre-Ponts, Fosse des Sables, Lac Ouragan Sur l'eau : Route 9, Prairie Entre-Ponts, Expédition Dynamax","Surf : Grotte des Eaux Souterraines, Grotte du Marécage, Grotte de la Rivière, Caverne du Miroir d'Eau, Caverne du Marais Sans Fond, Méga Canne : Île de Fer","Surf : Grotte des Eaux Souterraines, Grotte du Marécage, Grotte de la Rivière, Caverne du Miroir d'Eau, Caverne du Marais Sans Fond, Méga Canne : Île de Fer",Incompatible,-,-,
0211,Qwilfish,Hisui,,,,,,,,,,,,,,,,,,,,,,,,,,,,,,,,,,,??,-,-,
0212,Cizayox,Mâle,,,,Indisponible,Indisponible,Indisponible,Indisponible,Indisponible,Indisponible,Indisponible,Indisponible,Indisponible,Indisponible,Indisponible,Indisponible,Indisponible,Indisponible,Indisponible,Indisponible,Indisponible,Indisponible,Indisponible,Indisponible,Indisponible,Faire évoluer Insécateur par échange en tenant une Peau Métal,Faire évoluer Insécateur par échange en tenant une Peau Métal,Faire évoluer Insécateur par échange en tenant une Peau Métal,Faire évoluer Insécateur par échange en tenant une Peau Métal,,,Plaine des Efforts,Plaine des Efforts,Faire évoluer Insécateur (Échange en tenant Peau Métal),Faire évoluer Insécateur (Échange en tenant Peau Métal),??,-,-,
0212,Cizayox,Femelle,,,,,,,,,,,,Indisponible,Indisponible,Indisponible,Indisponible,Indisponible,Indisponible,Indisponible,Indisponible,Indisponible,Indisponible,Indisponible,Indisponible,Indisponible,,,,,,,,,,,,-,-,
0213,Caratroc,,,,,"Chenal 40, Antre Noir, Irisia (Éclate-Roc), Donné par un homme à Irisia","Chenal 40, Antre Noir, Irisia (Éclate-Roc), Donné par un homme à Irisia","Chenal 40, Antre Noir, Irisia (Éclate-Roc), Donné par un homme à Irisia",Indisponible,Indisponible,"Parc Safari (Extension - Haut, Éclate-Roc)",Indisponible,Indisponible,Route 224 (Insertion Émeraude),Route 224 (Insertion Émeraude),Route 224 (Insertion Émeraude),"Irisia, Carmin sur Mer, Parc Safari (Éclate-Roc)","Irisia, Carmin sur Mer, Parc Safari (Éclate-Roc)",Route 14,Route 14,Grotte Littorale (Sous-sol),Grotte Littorale (Sous-sol),"Route 18, Grotte Coda, Route Victoire (Éclate-Roc)","Route 18, Grotte Coda, Route Victoire (Éclate-Roc)",Indisponible,Indisponible,À transférer via Banque Pokémon,À transférer via Banque Pokémon,À transférer via Banque Pokémon,À transférer via Banque Pokémon,,,"Mine de Galar n° 2, Plaine Rocheuse, Coiffe du Géant, Tour en ruines, Fosse des Sables","Mine de Galar n° 2, Plaine Rocheuse, Coiffe du Géant, Tour en ruines, Fosse des Sables","Grotte de la Prairie, Grotte des Rochers, Grotte de la Rivière, Caverne du Miroir d'Eau, Caverne Ensoleillée, Caverne du Piton","Grotte de la Prairie, Grotte des Rochers, Grotte de la Rivière, Caverne du Miroir d'Eau, Caverne Ensoleillée, Caverne du Piton",Incompatible,,,
0214,Scarhino,Mâle,,,,"Coup d'Boule (Routes 29, 30, 31, 32, 33, 42, 43, 44, 45 et 46)","Coup d'Boule (Routes 29, 30, 31, 32, 33, 42, 43, 44, 45 et 46)","Coup d'Boule (Routes 33, 42, 44, 45 et 46, Écorcia)",Parc Safari (Zone Vélo Cross),Parc Safari (Zone Vélo Cross),Parc Safari (Zone Vélo Cross),Forbuissons,Forbuissons,Arbres à Miel,Arbres à Miel,Arbres à Miel,"Route 7, Route 11, Route 28, Route 33, Route 42, Route 44, Route 45, Route 46, Route 47, Mont Argenté, Écorcia, Carmin sur Mer, Céladopole (Éclate-Roc)","Route 7, Route 11, Route 28, Route 33, Route 42, Route 44, Route 45, Route 46, Route 47, Mont Argenté, Écorcia, Carmin sur Mer, Céladopole (Éclate-Roc)",Route 12,Route 12,"Route 12, Bois des Illusions, Trouée Cachée (Bois des Illusions)","Route 12, Bois des Illusions, Trouée Cachée (Bois des Illusions)",Indisponible,Route 12,"Parc Safari (Zone Nord-ouest, Très Hautes herbes)","Parc Safari (Zone Nord-ouest, Très Hautes herbes)",Échange,Échange,Forêt de Poni,Forêt de Poni,,,Échange,Plaine des Efforts,Arbres à Miel,Arbres à Miel,??,-,-,
0214,Scarhino,Femelle,,,,,,,,,,,,Arbres à Miel,Arbres à Miel,Arbres à Miel,"Route 7, Route 11, Route 28, Route 33, Route 42, Route 44, Route 45, Route 46, Route 47, Mont Argenté, Écorcia, Carmin sur Mer, Céladopole (Éclate-Roc)","Route 7, Route 11, Route 28, Route 33, Route 42, Route 44, Route 45, Route 46, Route 47, Mont Argenté, Écorcia, Carmin sur Mer, Céladopole (Éclate-Roc)",Route 12,Route 12,"Route 12, Bois des Illusions, Trouée Cachée (Bois des Illusions)","Route 12, Bois des Illusions, Trouée Cachée (Bois des Illusions)",Indisponible,Route 12,"Parc Safari (Zone Nord-ouest, Très Hautes herbes)","Parc Safari (Zone Nord-ouest, Très Hautes herbes)",,,,,,,,,,,,-,-,
0215,Farfuret,Mâle,,,,"Route 28, Mont Argenté (Nuit)","Route 28, Mont Argenté (Nuit)",Route de Glace (Nuit),Indisponible,Indisponible,Indisponible,Grotte de Glace,Grotte de Glace,"Route 216, Route 217, Rive Lac Savoir, Lac Savoir, Temple Frimapic","Route 216, Route 217, Rive Lac Savoir, Lac Savoir, Temple Frimapic","Route 216, Route 217, Rive Lac Savoir, Lac Savoir, Temple Frimapic","Route 28, Mont Argenté, Pokéwalker (Pente Glaciale) (Nuit)","Route 28, Mont Argenté, Pokéwalker (Pente Glaciale) (Nuit)",Grotte Cyclopéenne (Grottes),Grotte Cyclopéenne (Grottes),"Grotte Cyclopéenne (Grottes), Trouée Cachée (Grotte Cyclopéenne)","Grotte Cyclopéenne (Grottes), Trouée Cachée (Grotte Cyclopéenne)",Route 17,Route 17,Indisponible,Indisponible,Mont Lanakila,Mont Lanakila,Mont Lanakila,Mont Lanakila,,,"Route 8, Route 10, Berges de Motorby, Prairie Entre-Ponts, Plaine Rocheuse, Fosse des Sables, Coiffe du Géant, Plateau de Kickenham, Plateau Beau-Gant, Plaine Granfroy, Pente Enneigée, Mer Banquise, Expédition Dynamax","Route 8, Route 10, Berges de Motorby, Prairie Entre-Ponts, Plaine Rocheuse, Fosse des Sables, Coiffe du Géant, Plateau de Kickenham, Plateau Beau-Gant, Plaine Granfroy, Pente Enneigée, Mer Banquise, Expédition Dynamax","Route 216, Route 217, Rive Lac Savoir, Lac Savoir, Temple Frimapic, Grotte du Blizzard, Grotte des Stalactites, Caverne du Glacier","Route 216, Route 217, Rive Lac Savoir, Lac Savoir, Temple Frimapic, Grotte du Blizzard, Grotte des Stalactites, Caverne du Glacier",??,-,-,
0215,Farfuret,Femelle,,,,,,,,,,,,"Route 216, Route 217, Rive Lac Savoir, Lac Savoir, Temple Frimapic","Route 216, Route 217, Rive Lac Savoir, Lac Savoir, Temple Frimapic","Route 216, Route 217, Rive Lac Savoir, Lac Savoir, Temple Frimapic","Route 28, Mont Argenté, Pokéwalker (Pente Glaciale) (Nuit)","Route 28, Mont Argenté, Pokéwalker (Pente Glaciale) (Nuit)",Grotte Cyclopéenne (Grottes),Grotte Cyclopéenne (Grottes),"Grotte Cyclopéenne (Grottes), Trouée Cachée (Grotte Cyclopéenne)","Grotte Cyclopéenne (Grottes), Trouée Cachée (Grotte Cyclopéenne)",Route 17,Route 17,Indisponible,Indisponible,,,,,,,,,,,,-,-,
0215,Farfuret,"Hisui,Mâle",,,,,,,,,,,,,,,,,,,,,,,,,,,,,,,,,,,??,,,
0215,Farfuret,"Hisui,Femelle",,,,,,,,,,,,,,,,,,,,,,,,,,,,,,,,,,,,,,
0216,Teddiursa,,,,,Route 45,Indisponible,Antre Noir (Matin),Indisponible,Indisponible,Parc Safari (Extension - Haut),Indisponible,Indisponible,"Route 211, Rive Lac Savoir","Route 211, Rive Lac Savoir",Lac Savoir (Insertion Émeraude),Indisponible,"Route 45, Grotte Argentée",Indisponible,Indisponible,Échange interne avec Brenda à Méanville (seulement si le joueur est Mélis),Échange interne avec Brenda à Méanville (seulement si le joueur est Mélis),"Safari des Amis Normal, position 1 (4399-5997-7295)","Safari des Amis Normal, position 1 (4399-5997-7295)",Indisponible,Indisponible,À transférer via Banque Pokémon,À transférer via Banque Pokémon,À transférer via Banque Pokémon,À transférer via Banque Pokémon,,,Incompatible,Incompatible,"Grotte Spacieuse, Grotte de la Prairie, Grotte des Rochers, Grotte du Blizzard, Grotte des Stalactites, Caverne Ensoleillée, Caverne du Glacier","Grotte Spacieuse, Grotte de la Prairie, Grotte des Rochers, Grotte du Blizzard, Grotte des Stalactites, Caverne Ensoleillée, Caverne du Glacier",??,-,-,
0217,Ursaring,Mâle,,,,"Route 28, Route Victoire, Mont Argenté, Grotte Argentée",Indisponible,"Antre Noir, Grotte Argentée (Matin et Jour)",Indisponible,Indisponible,Indisponible,Indisponible,Indisponible,"Route 216, Route 217, Lac Savoir","Route 216, Route 217, Lac Savoir","Route 216, Route 217",Indisponible,"Route 28, Route Victoire, Grotte Argentée",Indisponible,Indisponible,Indisponible,Indisponible,Route 21,Route 21,Indisponible,Indisponible,À transférer via Banque Pokémon,À transférer via Banque Pokémon,À transférer via Banque Pokémon,À transférer via Banque Pokémon,,,Incompatible,Incompatible,Faire évoluer Teddiursa (Niveau 30),Faire évoluer Teddiursa (Niveau 30),??,-,-,
0217,Ursaring,Femelle,,,,,,,,,,,,"Route 216, Route 217, Lac Savoir","Route 216, Route 217, Lac Savoir","Route 216, Route 217",Indisponible,"Route 28, Route Victoire, Grotte Argentée",Indisponible,Indisponible,Indisponible,Indisponible,Route 21,Route 21,Indisponible,Indisponible,,,,,,,,,,,,-,-,
0218,Limagma,,,,,"Route 16, Route 17, Route 18","Route 16, Route 17, Route 18","Route 16, Route 17, Route 18 (Jour)",Chemin Ardent,Chemin Ardent,"Route 113, Chemin Ardent",Mont Braise (Sous-Sols),Mont Braise (Sous-Sols),Mont Abrupt,Mont Abrupt,Mont Abrupt,"Route 16, Route 17, Route 18, Pokéwalker (Sente de Volcan), Œuf donné à Mauville par Castor après avoir répondu correctement à sa question","Route 16, Route 17, Route 18, Pokéwalker (Sente de Volcan), Œuf donné à Mauville par Castor après avoir répondu correctement à sa question",Indisponible,Indisponible,Indisponible,Indisponible,Route 13 (Éclate-Roc),Route 13 (Éclate-Roc),Chemin Ardent (Marche et Horde),Chemin Ardent (Marche et Horde),Échange,Échange,Faire reproduire Volcaropod,Faire reproduire Volcaropod,,,Incompatible,Incompatible,"Mont Abrupt, Grotte du Magma, Grotte des Sables Ardents, Caverne Typhlosion","Mont Abrupt, Grotte du Magma, Grotte des Sables Ardents, Caverne Typhlosion",Incompatible,-,-,
0219,Volcaropod,,,,,Indisponible,Indisponible,Indisponible,Indisponible,Indisponible,Indisponible,"Mont Braise (Sous-Sols, Éclate-Roc)","Mont Braise (Sous-Sols, Éclate-Roc)",Mont Abrupt,Mont Abrupt,Mont Abrupt,Indisponible,Indisponible,Indisponible,Indisponible,Indisponible,Indisponible,"Safari des Amis Roche, position 2 (2468-1492-9939)","Safari des Amis Roche, position 2 (2468-1492-9939)",Indisponible,Indisponible,Échange,Échange,"Ultra-Dimension, brèche jaune","Ultra-Dimension, brèche jaune",,,Incompatible,Incompatible,"Mont Abrupt, Grotte du Magma, Grotte des Sables Ardents, Caverne Typhlosion","Mont Abrupt, Grotte du Magma, Grotte des Sables Ardents, Caverne Typhlosion",Incompatible,Indisponible,Indisponible,
0220,Marcacrin,,,,,Route de Glace,Route de Glace,Route de Glace (Matin et Jour),Indisponible,Indisponible,Indisponible,Grotte de Glace,Grotte de Glace,Route 217 (EssaimDP),Route 217 (EssaimDP),Route 217 (EssaimDP),"Route de Glace, Pokéwalker (Pente Glaciale)","Route de Glace, Pokéwalker (Pente Glaciale)",Indisponible,Indisponible,Indisponible,Indisponible,Indisponible,Indisponible,Indisponible,Indisponible,"Scanner des Îles : Lundi, Village Toko","Scanner des Îles : Lundi, Village Toko","Scanner des Îles : Lundi, Village Toko","Scanner des Îles : Lundi, Village Toko",,,"Plaine Verdoyante, Miroir du Géant, Plateau de Kickenham, Siège du Géant, Plateau Beau-Gant","Plaine Verdoyante, Miroir du Géant, Plateau de Kickenham, Siège du Géant, Miroir du Géant, Fosse des Sables, Plateau Beau-Gant","Route 217 (troupeau), Grotte du Marécage, Grotte du Blizzard, Grotte des Stalactites, Caverne du Glacier, Caverne du Marais Sans Fond","Route 217 (troupeau), Grotte du Marécage, Grotte du Blizzard, Grotte des Stalactites, Caverne du Glacier, Caverne du Marais Sans Fond",??,-,-,
0221,Cochignon,Mâle,,,,Indisponible,Indisponible,Indisponible,Indisponible,Indisponible,Indisponible,Indisponible,Indisponible,Indisponible,Indisponible,"Route 217 (Poké Radar), Faire évoluer Marcacrin au N.33",Indisponible,Indisponible,Grotte Cyclopéenne (Grottes),Grotte Cyclopéenne (Grottes),Grotte Cyclopéenne (Grottes),Grotte Cyclopéenne (Grottes),Caverne Gelée,Caverne Gelée,Indisponible,Indisponible,Faire évoluer Marcacrin (niveau 33),Faire évoluer Marcacrin (niveau 33),Faire évoluer Marcacrin (niveau 33),Faire évoluer Marcacrin (niveau 33),,,"Plaine Verdoyante, Lac Coupenotte Est, Fosse des Sables, Plateau Beau-Gant, Cavernes Gronde-Mer, Expédition Dynamax","Plaine Verdoyante, Lac Coupenotte Est, Fosse des Sables, Plateau Beau-Gant, Cavernes Gronde-Mer, Expédition Dynamax",Faire évoluer Marcacrin (Niveau 33),Faire évoluer Marcacrin (Niveau 33),??,-,-,
0221,Cochignon,Femelle,,,,,,,,,,,,Indisponible,Indisponible,"Route 217 (Poké Radar), Faire évoluer Marcacrin au N.33",Indisponible,Indisponible,Grotte Cyclopéenne (Grottes),Grotte Cyclopéenne (Grottes),Grotte Cyclopéenne (Grottes),Grotte Cyclopéenne (Grottes),Caverne Gelée,Caverne Gelée,Indisponible,Indisponible,,,,,,,,,,,,-,-,
0222,Corayon,,,,,"Chenal 19, Route 34, Chenal 40, Chenal 41, Ville Griotte, Oliville, Irisia, Azuria (Super Canne et Méga Canne) (Matin et Jour)","Chenal 19, Route 34, Chenal 40, Chenal 41, Ville Griotte, Oliville, Irisia, Azuria (Super Canne et Méga Canne) (Matin et Jour)","Chenal 19, Route 34, Chenal 40, Chenal 41, Ville Griotte, Oliville, Irisia, Azuria (Super Canne et Méga Canne) (Matin et Jour)","Éternara, Chenal 128 (Méga Canne), Échange contre un Joliflor à Pacifiville","Éternara, Chenal 128 (Méga Canne), Échange contre un Joliflor à Pacifiville","Éternara, Chenal 128 (Méga Canne), Échange contre un Joliflor à Pacifiville",Indisponible,Indisponible,Chenal 230 (Essaim),Chenal 230 (Essaim),Chenal 230 (Essaim),"Chenal 19, Chenal 40, Ville Griotte, Oliville, Irisia, Caves Jumelles (Super Canne et Méga Canne (Matin et Jour))","Chenal 19, Chenal 40, Ville Griotte, Oliville, Irisia, Caves Jumelles (Super Canne et Méga Canne (Matin et Jour))","Route 13, Vaguelone (Surf tourbillon)","Route 13, Vaguelone (Surf tourbillon)","Route 18, Papeloa (Surf tourbillon), Trouée Cachée (Route 18*)","Route 18, Papeloa (Surf tourbillon), Trouée Cachée (Route 18*)",Route 12 (Méga Canne),Route 12 (Méga Canne),"Chenal 128, Éternara (Méga Canne), Fond Marin, Échange interne contre un Joliflor à Pacifiville","Chenal 128, Éternara (Méga Canne), Fond Marin, Échange interne contre un Joliflor à Pacifiville","Route 9, Mer de Mele-Mele (Canne à Pêche*)","Route 9, Mer de Mele-Mele (Canne à Pêche*)","Route 9, Mer de Mele-Mele (Canne à Pêche*)","Route 9, Mer de Mele-Mele (Canne à Pêche*)",,,Échange,Échange contre un corayon de Galar à Régiona,"Chenal 230 (troupeau), Grotte des Eaux Souterraines, Grotte de la Rivière, Caverne du Miroir d'Eau","Chenal 230 (troupeau), Grotte des Eaux Souterraines, Grotte de la Rivière, Caverne du Miroir d'Eau",Incompatible,,,
0222,Corayon,Galar,,,,,,,,,,,,,,,,,,,,,,,,,,,,,,,Échange,Miroir du Géant,Incompatible,Incompatible,Incompatible,,,
0223,Rémoraid,,,,,Route 44 (Méga Canne),Route 44 (Méga Canne),Indisponible,Indisponible,Indisponible,"Parc SafariE (Extension - Bas, Super Canne et Méga Canne)",Indisponible,"Pré de l'Île 5, Chemin Vert, Mémorial, Île du Lointain, Camp de Vacances, Ruines Tanoby, Tour Dresseurs, Labyrinthe d', Agualcanal (Méga Canne)","Ligue Pokémon, Rivamar, Verchamps, Route 213, Route 222, Chenal 223, Route 224, Chenal 230 (Super Canne)","Ligue Pokémon, Rivamar, Verchamps, Route 213, Route 222, Chenal 223, Route 224, Chenal 230 (Super Canne)","Ligue Pokémon, Rivamar, Verchamps, Route 212, Route 213, Route 222, Chenal 223, Route 224, Chenal 230 (Super Canne)","Route 44, Pokéwalker (Lac Brumeux) (Pêche)","Route 44, Pokéwalker (Lac Brumeux) (Pêche)","Vaguelone, Baie Vaguelone (Pêche)","Vaguelone, Baie Vaguelone (Pêche)","Chenal 21, Baie Vaguelone (Surf et Pêche)","Chenal 21, Baie Vaguelone (Surf et Pêche)","Route 12, Yantreizh, Baie Azur (Super Canne)","Route 12, Yantreizh, Baie Azur (Super Canne)",Atoll de Combat (Super Canne et Méga Canne),Atoll de Combat (Super Canne et Méga Canne),Échange,Échange,"Route 8, Mer de Mele-Mele, Baie de Kala'e (Canne à Pêche*)","Route 8, Mer de Mele-Mele, Baie de Kala'e (Canne à Pêche*)",,,"Canne à Pêche : Lac Milobellus Sud, Lac Milobellus Sud, Plaine Salutation, Mer Eau-Hisse Sur l'eau : Route 9","Canne à Pêche : Lac Milobellus Sud, Lac Milobellus Sud, Plaine Salutation, Mer Eau-Hisse Sur l'eau : Route 9","Super Canne : Ligue Pokémon, Rivamar, Verchamps, Route 213, Route 222, Chenal 223, Route 224, Chenal 230","Super Canne : Ligue Pokémon, Rivamar, Verchamps, Route 213, Route 222, Chenal 223, Route 224, Chenal 230",??,,,
0224,Octillery,Mâle,,,,Indisponible,Indisponible,Indisponible,Indisponible,Indisponible,"Parc SafariE (Extension - Bas, Méga Canne)",Indisponible,Indisponible,"Ligue Pokémon, Rivamar, Verchamps, Route 213, Route 222, Chenal 223, Route 224, Chenal 230 (Méga Canne)","Ligue Pokémon, Rivamar, Verchamps, Route 213, Route 222, Chenal 223, Route 224, Chenal 230 (Méga Canne)","Ligue Pokémon, Rivamar, Verchamps, Route 212, Route 213, Route 222, Chenal 223, Route 224, Chenal 230 (Méga Canne)",Indisponible,Indisponible,"Vaguelone, Baie Vaguelone (Pêche tourbillon)","Vaguelone, Baie Vaguelone (Pêche tourbillon)","Chenal 21, Baie Vaguelone (Pêche tourbillon)","Chenal 21, Baie Vaguelone (Pêche tourbillon)","Route 12, Yantreizh, Baie Azur (Méga Canne),","Route 12, Yantreizh, Baie Azur (Méga Canne),",Atoll de Combat (Méga Canne),Atoll de Combat (Méga Canne),Échange,Échange,Intrusion* (Rémoraid*),Intrusion* (Rémoraid*),,,"Canne à Pêche : Route 9, Œil du Lac Sur l'eau : Route 9, Lac Milobellus Sud, Lagune Circulaire, Expédition Dynamax","Canne à Pêche : Route 9, Œil du Lac Sur l'eau : Route 9, Lac Milobellus Sud, Lagune Circulaire, Expédition Dynamax","Grotte des Eaux Souterraines, Grotte de la Rivière, Caverne du Miroir d'Eau Méga Canne : Ligue Pokémon, Rivamar, Verchamps, Route 213, Route 222, Chenal 223, Route 224, Chenal 230","Grotte des Eaux Souterraines, Grotte de la Rivière, Caverne du Miroir d'Eau Méga Canne : Ligue Pokémon, Rivamar, Verchamps, Route 213, Route 222, Chenal 223, Route 224, Chenal 230",??,,,
0224,Octillery,Femelle,,,,,,,,,,,,"Ligue Pokémon, Rivamar, Verchamps, Route 213, Route 222, Chenal 223, Route 224, Chenal 230 (Méga Canne)","Ligue Pokémon, Rivamar, Verchamps, Route 213, Route 222, Chenal 223, Route 224, Chenal 230 (Méga Canne)","Ligue Pokémon, Rivamar, Verchamps, Route 212, Route 213, Route 222, Chenal 223, Route 224, Chenal 230 (Méga Canne)",Indisponible,Indisponible,"Vaguelone, Baie Vaguelone (Pêche tourbillon)","Vaguelone, Baie Vaguelone (Pêche tourbillon)","Chenal 21, Baie Vaguelone (Pêche tourbillon)","Chenal 21, Baie Vaguelone (Pêche tourbillon)","Route 12, Yantreizh, Baie Azur (Méga Canne),","Route 12, Yantreizh, Baie Azur (Méga Canne),",Atoll de Combat (Méga Canne),Atoll de Combat (Méga Canne),,,,,,,,,,,,,,
0225,Cadoizo,,,,,Indisponible,Route de Glace,Route de Glace (Nuit),Indisponible,Indisponible,Indisponible,Grotte de Glace,Grotte de Glace,Route 216,Route 216,Route 217 (Essaim),Indisponible,Route de Glace,"Route 22, Grotte Cyclopéenne (Grottes)","Route 22, Grotte Cyclopéenne (Grottes)",Grotte Cyclopéenne,Grotte Cyclopéenne,Route 17,Route 17,Grotte Tréfonds (Navi-Dex),Grotte Tréfonds (Navi-Dex),Route 3*,Route 3*,Grotte Verlamer (en marchant et sur l'eau),Grotte Verlamer (en marchant et sur l'eau),,,"Route 8, Plaine Verdoyante, Lac Coupenotte Ouest, Bois de Clairjour, Lac Milobellus Nord, Coiffe du Géant, Lac Milobellus Nord, Tour en ruines, Plateau de Kickenham, Miroir du Géant, Siège du Géant, Œil du Lac, Fosse des Sables, Pente Enneigée","Route 8, Plaine Verdoyante, Lac Coupenotte Ouest, Bois de Clairjour, Lac Milobellus Nord, Coiffe du Géant, Lac Milobellus Nord, Tour en ruines, Plateau de Kickenham, Miroir du Géant, Siège du Géant, Œil du Lac, Fosse des Sables, Pente Enneigée","Route 216 (troupeau), Grotte du Blizzard, Grotte des Stalactites, Caverne du Glacier","Route 216 (troupeau), Grotte du Blizzard, Grotte des Stalactites, Caverne du Glacier",Incompatible,-,-,
0226,Démanta,,,,,Chenal 41 (Surf),Indisponible,Chenal 41 (Surf),Indisponible,Indisponible,Indisponible,Indisponible,"Tour Dresseurs, Ruines Tanoby",Indisponible,Indisponible,Indisponible,Chenal 41 (Surf),Indisponible,"Vaguelone, Baie Vaguelone (Surf tourbillon)","Vaguelone, Baie Vaguelone (Surf tourbillon)","Chenal 21 (Pas hiver), Baie Vaguelone (Surf tourbillon)","Chenal 21 (Pas hiver), Baie Vaguelone (Surf tourbillon)",Indisponible,Indisponible,Atoll de Combat (Surf),Atoll de Combat (Surf),Échange,Échange,Faire évoluer Babimanta (gagner un niveau avec un Rémoraid dans l'équipe),Faire évoluer Babimanta (gagner un niveau avec un Rémoraid dans l'équipe),,,"Route 9, Lac Ouragan, Expédition Dynamax","Route 9, Lac Ouragan, Expédition Dynamax",Faire évoluer Babimanta (Gain de niveau avec Rémoraid dans l'équipe),Faire évoluer Babimanta (Gain de niveau avec Rémoraid dans l'équipe),??,,,
0227,Airmure,,,,,Indisponible,Route 45,Route 45 (Matin et Jour),Route 113,Route 113,Route 113,Canyon Sesor,Indisponible,"Route 227, Mont Abrupt","Route 227, Mont Abrupt","Route 227, Mont Abrupt",Indisponible,Route 45,Indisponible,Indisponible,Mont Renenvers (extérieur),Mont Renenvers (extérieur),"Route Victoire (Embuscades, chutant du ciel)","Route Victoire (Embuscades, chutant du ciel)",Route 113,Route 113,"Route 10*, Route 17*, Mont Hokulani, Grand Canyon de Poni*","Route 10*, Route 17*, Mont Hokulani, Grand Canyon de Poni*","Route 10*, Route 17*, Mont Hokulani, Grand Canyon de Poni*","Route 10*, Route 17*, Mont Hokulani, Grand Canyon de Poni*",,,"Route de l'Épreuve, Expédition Dynamax","Route de l'Épreuve, Expédition Dynamax","Route 227, Mont Abrupt","Route 227, Mont Abrupt",Incompatible,-,-,
0228,Malosse,,,,,Route 7 (Nuit),Route 7 (Nuit),Route 7 (Nuit),Indisponible,Indisponible,Parc Safari (Extension - Haut),Indisponible,Indisponible,Indisponible,Indisponible,"Route 214, Rive Lac Courage","Route 7, Parc Safari, Pokéwalker (Sente de Volcan)","Route 7, Parc Safari, Pokéwalker (Sente de Volcan)",Route 9 (Troupeau),Indisponible,Indisponible,Indisponible,"Route 10 (Hautes herbes, Fleurs et Horde)",Indisponible,Indisponible,Indisponible,Échange,Échange,Faire reproduire Démolosse,Faire reproduire Démolosse,,,Incompatible,Incompatible,Faire reproduire Démolosse,Faire reproduire Démolosse,Incompatible,-,-,
0229,Démolosse,Mâle,,,,Indisponible,Indisponible,Indisponible,Indisponible,Indisponible,Indisponible,Indisponible,Indisponible,Indisponible,"Route 214, Route 215 (Poké Radar), Faire évoluer Malosse au N.24",Indisponible,Indisponible,Indisponible,Indisponible,Indisponible,Indisponible,Indisponible,Indisponible,Indisponible,Indisponible,Indisponible,Échange,Échange,Route 12,,,,Incompatible,Incompatible,"Grotte Spacieuse, Grotte du Magma, Grotte Éblouissante, Grotte des Sables Ardents, Caverne de la Nuit Étoilée, Caverne Typhlosion","Route 214 (Poké Radar), Route 215 (Poké Radar), Grotte Spacieuse, Grotte du Magma, Grotte Éblouissante, Grotte des Sables Ardents, Caverne de la Nuit Étoilée, Caverne Typhlosion",Incompatible,-,-,
0229,Démolosse,Femelle,,,,,,,,,,,,Indisponible,"Route 214, Route 215 (Poké Radar), Faire évoluer Malosse au N.24",Indisponible,Indisponible,Indisponible,Indisponible,Indisponible,Indisponible,Indisponible,Indisponible,Indisponible,Indisponible,Indisponible,,,,,,,,,,,,-,-,
0230,Hyporoi,,,,,Indisponible,Indisponible,Indisponible,Indisponible,Indisponible,Indisponible,Indisponible,Indisponible,Indisponible,Indisponible,Indisponible,Indisponible,Indisponible,"Chenal 17, Route 18, Labo P2 (Pêche tourbillon)","Chenal 17, Route 18, Labo P2 (Pêche tourbillon)","Chenal 17, Route 18, Labo P2 (Pêche tourbillon)","Chenal 17, Route 18, Labo P2 (Pêche tourbillon)",Indisponible,Indisponible,Indisponible,Indisponible,Faire évoluer Hypocéan par échange en tenant une Écaille Draco,Faire évoluer Hypocéan par échange en tenant une Écaille Draco,Faire évoluer Hypocéan par échange en tenant une Écaille Draco,Faire évoluer Hypocéan par échange en tenant une Écaille Draco,,,Mer Calméole,Mer Calméole,Faire évoluer Hypocéan (Échange en tenant l'objet Écaille Draco),Faire évoluer Hypocéan (Échange en tenant l'objet Écaille Draco),Incompatible,Indisponible,Indisponible,
0231,Phanpy,,,,,Indisponible,Route 45,"Route 45, Route 46 (Matin)",Parc Safari (Zone Vélo Cross),Parc Safari (Zone Vélo Cross),Parc Safari (Zone Vélo Cross),"Entrée Canyon, Canyon Sesor","Entrée Canyon, Canyon Sesor",Route 207 (Essaim),Route 207 (Essaim),Route 207 (Essaim),"Route 45, Grotte Argentée",Indisponible,Indisponible,Indisponible,Échange interne avec Julien à Méanville (seulement si le joueur est Écho),Échange interne avec Julien à Méanville (seulement si le joueur est Écho),"Safari des Amis Sol, position 1 (5345-7833-7636)","Safari des Amis Sol, position 1 (5345-7833-7636)",Indisponible,Indisponible,À transférer via Banque Pokémon,À transférer via Banque Pokémon,À transférer via Banque Pokémon,À transférer via Banque Pokémon,,,Incompatible,Incompatible,"Route 207 (troupeau), Grotte des Rochers, Caverne du Piton","Route 207 (troupeau), Grotte des Rochers, Caverne du Piton",Incompatible,-,-,
0232,Donphan,Mâle,,,,Indisponible,"Route 28, Route Victoire, Mont Argenté, Grotte Argentée",Route 45 (Matin et Jour),Indisponible,Indisponible,Indisponible,Indisponible,Indisponible,Indisponible,Indisponible,Indisponible,"Route 28, Route Victoire, Grotte Argentée",Indisponible,Indisponible,Indisponible,Indisponible,Indisponible,Indisponible,Indisponible,"Parc Safari (Zone Nord-est, Hautes herbes), Mont Mirage (Nord-ouest de la Grotte Tréfonds, Sud du Chenal 131, Nord de Nénucrique, Ouest de la Route 104)","Parc Safari (Zone Nord-est, Hautes herbes), Mont Mirage (Nord-ouest de la Grotte Tréfonds, Sud du Chenal 131, Nord de Nénucrique, Ouest de la Route 104)",À transférer via Banque Pokémon,À transférer via Banque Pokémon,À transférer via Banque Pokémon,À transférer via Banque Pokémon,,,Incompatible,Incompatible,Faire évoluer Phanpy (Niveau 25),Faire évoluer Phanpy (Niveau 25),Incompatible,-,-,
0232,Donphan,Femelle,,,,,,,,,,,,Indisponible,Indisponible,Indisponible,"Route 28, Route Victoire, Grotte Argentée",Indisponible,Indisponible,Indisponible,Indisponible,Indisponible,Indisponible,Indisponible,,,,,,,,,,,,,,-,-,
0233,Porygon2,,,,,Indisponible,Indisponible,Indisponible,Indisponible,Indisponible,Indisponible,Indisponible,Indisponible,Indisponible,Indisponible,Indisponible,Indisponible,Indisponible,Indisponible,Indisponible,Indisponible,Indisponible,Indisponible,Indisponible,Indisponible,Indisponible,Faire évoluer Porygon par échange en tenant un Améliorator,Faire évoluer Porygon par échange en tenant un Améliorator,Faire évoluer Porygon par échange en tenant un Améliorator,Faire évoluer Porygon par échange en tenant un Améliorator,,,Faire évoluer Porygon (Échange en tenant Améliorator),Faire évoluer Porygon (Échange en tenant Améliorator),Faire évoluer Porygon (Échange en tenant Améliorator),Faire évoluer Porygon (Échange en tenant Améliorator),??,Indisponible,Indisponible,
0234,Cerfrousse,,,,,"Route 36, Route 37","Route 36, Route 37",Route 37 (Nuit),Indisponible,Indisponible,Parc Safari (Extension - Bas),Indisponible,Indisponible,Indisponible,Route 207 (Poké Radar),Indisponible,"Route 36, Route 37, Parc Safari, Pokéwalker (Sylvania)","Route 36, Route 37, Parc Safari, Pokéwalker (Sylvania)",Autel Abondance,Autel Abondance,Indisponible,Indisponible,Indisponible,Indisponible,Mont Mirage (Ouest de la Route 104),Mont Mirage (Ouest de la Route 104),À transférer via Banque Pokémon,À transférer via Banque Pokémon,À transférer via Banque Pokémon,À transférer via Banque Pokémon,,,Incompatible,Incompatible,Échange,Route 207 (Poké Radar),??,-,-,
0235,Queulorior,,,,,Ruines d'Alpha (entrée depuis les Caves Jumelles),Ruines d'Alpha (entrée depuis les Caves Jumelles),"Ruines d'Alpha (entrée depuis les Caves Jumelles, Matin et Jour)",Grotte Atelier,Grotte Atelier,Grotte Atelier,Indisponible,Indisponible,Route 212 (Poké Radar),Route 212 (Poké Radar),"Route 208, Route 212 (Poké Radar)",Ruines d'Alpha,Ruines d'Alpha,Route 5 (Troupeau),Route 5 (Troupeau),Indisponible,Indisponible,Route 7,Route 7,Indisponible,Indisponible,Route 2,Route 2,Route 2,Route 2,,,Incompatible,Incompatible,Route 212 (Poké Radar),Route 212 (Poké Radar),Incompatible,-,-,
0236,Debugant,,,,,Donné par le Maître du Dojo de Safrania au Mont Creuset,Donné par le Maître du Dojo de Safrania au Mont Creuset,Donné par le Maître du Dojo de Safrania au Mont Creuset,Indisponible,Indisponible,Indisponible,Indisponible,Indisponible,"Route 208, Route 211 (Poké Radar)","Route 208, Route 211 (Poké Radar)",Route 211 (Poké Radar),Donné par le Maître du Dojo de Safrania au Mont Creuset,Donné par le Maître du Dojo de Safrania au Mont Creuset,Route 10 (Troupeau),Route 10 (Troupeau),Indisponible,Indisponible,Indisponible,Indisponible,"Route 112, Sentier Sinuroc, Chemin Ardent (Navi-Dex)","Route 112, Sentier Sinuroc, Chemin Ardent (Navi-Dex)",À transférer via Banque Pokémon,À transférer via Banque Pokémon,À transférer via Banque Pokémon,À transférer via Banque Pokémon,,,"Route 3, Plaine Verdoyante, Bois de Clairjour, Lac Coupenotte Ouest, Lac Milobellus Sud, Siège du Géant, Plaine Rocheuse","Route 3, Plaine Verdoyante, Bois de Clairjour, Lac Coupenotte Ouest, Lac Milobellus Sud, Siège du Géant, Plaine Rocheuse","Route 208 (Poké Radar), Route 211 (Poké Radar), Grotte Spacieuse, Grotte de la Prairie, Grotte du Blizzard, Grotte de la Rivière, Caverne du Miroir d'Eau, Caverne Ensoleillée","Route 208 (Poké Radar), Route 211 (Poké Radar), Grotte Spacieuse, Grotte de la Prairie, Grotte du Blizzard, Grotte de la Rivière, Caverne du Miroir d'Eau, Caverne Ensoleillée",Incompatible,-,-,
0237,Kapoera,,,,,Indisponible,Indisponible,Indisponible,Indisponible,Indisponible,Indisponible,Indisponible,Indisponible,Indisponible,Indisponible,Indisponible,Indisponible,Indisponible,Indisponible,Indisponible,Indisponible,Indisponible,Indisponible,Indisponible,Indisponible,Indisponible,À transférer via Banque Pokémon,À transférer via Banque Pokémon,À transférer via Banque Pokémon,À transférer via Banque Pokémon,,,"Lac Ouragan, Expédition Dynamax","Lac Ouragan, Expédition Dynamax","Faire évoluer Debugant (Niveau 20, si attaque=défense)","Faire évoluer Debugant (Niveau 20, si attaque=défense)",Incompatible,-,-,
0238,Lippouti,,,,,Indisponible,Indisponible,Indisponible,Indisponible,Indisponible,Indisponible,Indisponible,Indisponible,Lac Savoir,Lac Savoir,Temple Frimapic (EssaimDP),Pokéwalker (Caverne Sombre),Pokéwalker (Caverne Sombre),Indisponible,Indisponible,Indisponible,Indisponible,Caverne Gelée (Horde),Caverne Gelée (Horde),Indisponible,Indisponible,Échange,Échange,Grotte Verlamer,Grotte Verlamer,,,"Plateau Beau-Gant, Plaine Granfroy","Plateau Beau-Gant, Plaine Granfroy","Lac Savoir (troupeau), Grotte Éblouissante, Grotte des Stalactites, Caverne de la Nuit Étoilée, Caverne du Glacier","Lac Savoir (troupeau), Grotte Éblouissante, Grotte des Stalactites, Caverne de la Nuit Étoilée, Caverne du Glacier",Incompatible,,,
0239,Élekid,,,,,Indisponible,Indisponible,Indisponible,Indisponible,Indisponible,Indisponible,Indisponible,Indisponible,"Route 205, Les Éoliennes (Insertion Rouge Feu)","Route 205, Les Éoliennes (Insertion Rouge Feu)",Indisponible,Pokéwalker (Coin Résidentiel),Pokéwalker (Coin Résidentiel),Indisponible,Forêt Blanche (avec Kamel dans la forêt),Indisponible,Z.I. d'Ondes-sur-Mer,Indisponible,Indisponible,Mont Mirage (Sud du Chenal 129),Mont Mirage (Sud du Chenal 129),"Route 12, Mont Ardent","Route 12, Mont Ardent","Route 12, Mont Ardent","Route 12, Mont Ardent",,,"Repos du Géant, Cimetière Ancien, Mer Banquise, Empreinte du Géant, Croisée Trois-Voies, Lac Poké Ball","Repos du Géant, Cimetière Ancien, Mer Banquise, Empreinte du Géant, Croisée Trois-Voies, Lac Poké Ball","Grotte Éblouissante, Grotte du Blizzard, Caverne de la Nuit Étoilée",Échange,??,-,-,
0240,Magby,,,,,Indisponible,Indisponible,Indisponible,Indisponible,Indisponible,Indisponible,Indisponible,Indisponible,"Route 227, Mont Abrupt (Insertion Vert Feuille)","Route 227, Mont Abrupt (Insertion Vert Feuille)",Indisponible,Pokéwalker (Chemin Pierreux),Pokéwalker (Chemin Pierreux),Indisponible,Forêt Blanche (avec Calvin dans la forêt),Z.I. d'Ondes-sur-Mer,Indisponible,Indisponible,Indisponible,Mont Mirage (Est d'Algatia),Mont Mirage (Est d'Algatia),Parc Volcanique,Parc Volcanique,Parc Volcanique,Parc Volcanique,,,"Plaine Granfroy, Plateau Beau-Gant, Repos du Géant, Cimetière Ancien, Pente Enneigée, Empreinte du Géant, Croisée Trois-Voies, Lac Poké Ball","Plaine Granfroy, Plateau Beau-Gant, Repos du Géant, Cimetière Ancien, Pente Enneigée, Empreinte du Géant, Croisée Trois-Voies, Lac Poké Ball",Échange,"Grotte du Magma, Grotte des Sables Ardents, Caverne Typhlosion",??,-,-,
0241,Écrémeuh,,,,,"Route 38, Route 39","Route 38, Route 39","Route 38, Route 39 (Matin et Jour)",Indisponible,Indisponible,Parc Safari (Extension - Haut),Indisponible,Indisponible,"Route 209, Route 210 (Poké Radar)","Route 209, Route 210 (Poké Radar)",Route 210 (Poké Radar),"Route 38, Route 39, Route 47","Route 38, Route 39, Route 47",Indisponible,Indisponible,Indisponible,Indisponible,"Route 12 (Hautes herbes*, Fleurs* et Horde*)","Route 12 (Hautes herbes*, Fleurs* et Horde*)",Indisponible,Indisponible,"Ranch Ohana, Plaine de Poni, Intrusion* (Tauros*)","Ranch Ohana, Plaine de Poni, Intrusion* (Tauros*)","Ranch Ohana, Plaine de Poni, Intrusion* (Tauros*)","Ranch Ohana, Plaine de Poni, Intrusion* (Tauros*)",,,"Plaine des Efforts, Expédition Dynamax","Plaine des Efforts, Expédition Dynamax","Route 209 (Poké Radar), Route 210 (Partie Sud) (Poké Radar), Grotte Spacieuse, Grotte de la Prairie, Caverne Ensoleillée","Route 209 (Poké Radar), Route 210 (Partie Sud) (Poké Radar), Grotte Spacieuse, Grotte de la Prairie, Caverne Ensoleillée",Incompatible,,,
0242,Leuphorie,,,,,Indisponible,Indisponible,Indisponible,Indisponible,Indisponible,Indisponible,Indisponible,Indisponible,Indisponible,Indisponible,Indisponible,Indisponible,Indisponible,Indisponible,Indisponible,Indisponible,Indisponible,Indisponible,Indisponible,Faire évoluer Leveinard au bonheur,Faire évoluer Leveinard au bonheur,Faire évoluer Leveinard (bonheur),Faire évoluer Leveinard (bonheur),Intrusion* (Leveinard*),Intrusion* (Leveinard*),,,"Plaine Salutation, Grotte du Pugilat, Plage de l'Épreuve, Route de l'Épreuve, Caverne Pugnacité, Forêt Flexion, Îlot Calméole, Mer Isol'Îlots, Lagune Circulaire, Sables de Kudsac, Lande Boldair, Mer Align'Îlots, Plaine des Efforts, Voie des Étirements, Mer Eau-Hisse","Plaine Salutation, Grotte du Pugilat, Plage de l'Épreuve, Route de l'Épreuve, Caverne Pugnacité, Forêt Flexion, Îlot Calméole, Mer Isol'Îlots, Lagune Circulaire, Sables de Kudsac, Lande Boldair, Mer Align'Îlots, Plaine des Efforts, Voie des Étirements, Mer Eau-Hisse",Faire évoluer Leveinard (Bonheur),Faire évoluer Leveinard (Bonheur),??,-,-,
0243,Raikou,,,,,Pokémon mouvant de Johto après l'avoir rencontré à la Tour Cendrée,Pokémon mouvant de Johto après l'avoir rencontré à la Tour Cendrée,Pokémon mouvant de Johto après l'avoir rencontré à la Tour Ferraille,Indisponible,Indisponible,Indisponible,"Pokémon mouvant, si le joueur a pris Carapuce comme Pokémon de départ, fini l'intrigue des Îles Sevii et obtenu le Pokédex National","Pokémon mouvant, si le joueur a pris Carapuce comme Pokémon de départ, fini l'intrigue des Îles Sevii et obtenu le Pokédex National",Indisponible,Indisponible,Indisponible,Pokémon mouvant de Johto après l'avoir rencontré à la Tour Cendrée,Pokémon mouvant de Johto après l'avoir rencontré à la Tour Cendrée,Indisponible,Indisponible,Indisponible,Indisponible,Indisponible,Indisponible,Forêt Impénétrable avec Ho-Oh ou Lugia dans l'équipe (minutes 1-20 de l'heure),Forêt Impénétrable avec Ho-Oh ou Lugia dans l'équipe (minutes 1-20 de l'heure),Échange,Échange,"Ultra-Dimension, brèche verte",Ultra-Dimension,,,Expédition Dynamax,Expédition Dynamax,Salle de Johto dans le Parc Rosa Rugosa (nécessite une Tablette Johto),"Salle de Johto dans le Parc Rosa Rugosa (nécessite une Tablette Johto), Échange",Incompatible,-,-,
0244,Entei,,,,,Pokémon mouvant de Johto après l'avoir rencontré à la Tour Cendrée,Pokémon mouvant de Johto après l'avoir rencontré à la Tour Cendrée,Pokémon mouvant de Johto après l'avoir rencontré à la Tour Ferraille,Indisponible,Indisponible,Indisponible,"Pokémon mouvant, si le joueur a pris Bulbizarre comme Pokémon de départ, fini l'intrigue des Îles Sevii et obtenu le Pokédex National","Pokémon mouvant, si le joueur a pris Bulbizarre comme Pokémon de départ, fini l'intrigue des Îles Sevii et obtenu le Pokédex National",Indisponible,Indisponible,Indisponible,Pokémon mouvant de Johto après l'avoir rencontré à la Tour Cendrée,Pokémon mouvant de Johto après l'avoir rencontré à la Tour Cendrée,Indisponible,Indisponible,Indisponible,Indisponible,Indisponible,Indisponible,Forêt Impénétrable avec Ho-Oh ou Lugia dans l'équipe (minutes 21-40 de l'heure),Forêt Impénétrable avec Ho-Oh ou Lugia dans l'équipe (minutes 21-40 de l'heure),Échange,Échange,Ultra-Dimension,"Ultra-Dimension, brèche verte",,,Expédition Dynamax,Expédition Dynamax,Salle de Johto dans le Parc Rosa Rugosa (nécessite une Tablette Johto),"Salle de Johto dans le Parc Rosa Rugosa (nécessite une Tablette Johto), Échange",Incompatible,-,-,
0245,Suicune,,,,,Pokémon mouvant de Johto après l'avoir rencontré à la Tour Cendrée,Pokémon mouvant de Johto après l'avoir rencontré à la Tour Cendrée,Entrée de la Tour Ferraille si le joueur possède le Glas Transparent,Indisponible,Indisponible,Indisponible,"Pokémon mouvant, si le joueur a pris Salamèche comme Pokémon de départ, fini l'intrigue des Îles Sevii et obtenu le Pokédex National","Pokémon mouvant, si le joueur a pris Salamèche comme Pokémon de départ, fini l'intrigue des Îles Sevii et obtenu le Pokédex National",Indisponible,Indisponible,Indisponible,"Route 25, après l'avoir rencontré partout ailleurs où l'on est censé le rencontrer","Route 25, après l'avoir rencontré partout ailleurs où l'on est censé le rencontrer",Indisponible,Indisponible,Indisponible,Indisponible,Indisponible,Indisponible,Forêt Impénétrable avec Ho-Oh ou Lugia dans l'équipe (minutes 41-60 de l'heure),Forêt Impénétrable avec Ho-Oh ou Lugia dans l'équipe (minutes 41-60 de l'heure),Échange,Échange,"Ultra-Dimension, brèche verte, nécessite Entei et Raikou dans l'équipe","Ultra-Dimension, brèche verte, nécessite Entei et Raikou dans l'équipe",,,Expédition Dynamax,Expédition Dynamax,Salle de Johto dans le Parc Rosa Rugosa (nécessite une Tablette Johto),"Salle de Johto dans le Parc Rosa Rugosa (nécessite une Tablette Johto), Échange",Incompatible,-,-,
0246,Embrylex,,,,,Grotte Argentée,Grotte Argentée,"Grotte Argentée (Matin et Jour), Casino de Céladopole",Indisponible,Indisponible,Indisponible,Canyon Sesor,Canyon Sesor,Indisponible,Route 207 (Poké Radar),Route 206 (Essaim),"Grotte Argentée, Parc Safari","Grotte Argentée, Parc Safari",Indisponible,Indisponible,Indisponible,Indisponible,Indisponible,Grotte Coda (Horde),Indisponible,Indisponible,Échange,Échange,Tunnel Taupiqueur,Tunnel Taupiqueur,,,Échange,"Lac Ouragan, Cavernes Gronde-Mer","Route 207 (Poké Radar), Grotte des Rochers, Caverne du Piton",Échange,Incompatible,-,Indisponible,
0247,Ymphect,,,,,Indisponible,Indisponible,Indisponible,Indisponible,Indisponible,Indisponible,Indisponible,Indisponible,Indisponible,Indisponible,Indisponible,Grotte Argentée (salle de la Ceinture Pro),Grotte Argentée (salle de la Ceinture Pro),Route 15,Route 15,Route 15,Route 15,"Safari des Amis Roche, position 2 (2639-9405-5091)","Route 18, Grotte Coda",Indisponible,Indisponible,Échange,Échange,Faire évoluer Embrylex (niveau 30),Faire évoluer Embrylex (niveau 30),,,Échange,Lac Ouragan,"Grotte des Rochers, Caverne du Piton",Échange,Incompatible,-,Indisponible,
0248,Tyranocif,,,,,Indisponible,Indisponible,Indisponible,Indisponible,Indisponible,Indisponible,Indisponible,Indisponible,Indisponible,Indisponible,Indisponible,Indisponible,Indisponible,Route 15 (Herbes mouvantes),Route 15 (Herbes mouvantes),Route 15 (Herbes mouvantes),Route 15 (Herbes mouvantes),Indisponible,Indisponible,Indisponible,Indisponible,Échange,Échange,Faire évoluer Ymphect (niveau 55),Faire évoluer Ymphect (niveau 55),,,Échange,"Fosse des Sables, Cavernes Gronde-Mer",Faire évoluer Ymphect (Niveau 55),Échange,Incompatible,-,Indisponible,
0249,Lugia,,,,,Fin Fond des Tourb'Îles si le joueur possède l'Argent'Aile,Fin Fond des Tourb'Îles si le joueur possède l'Argent'Aile,Fin Fond des Tourb'Îles si le joueur possède l'Argent'Aile,"Roc Nombri de Pokémon Rouge Feu, Vert Feuille et Émeraude","Roc Nombri de Pokémon Rouge Feu, Vert Feuille et Émeraude","Roc Nombri de Pokémon Rouge Feu, Vert Feuille et Émeraude","Roc Nombri de Pokémon Rouge Feu, Vert Feuille et Émeraude","Roc Nombri de Pokémon Rouge Feu, Vert Feuille et Émeraude",Indisponible,Indisponible,Indisponible,Fin fond des Tourb'Îles (pendant l'aventure),Fin fond des Tourb'Îles (pendant l'aventure),Indisponible,Indisponible,Indisponible,Indisponible,Indisponible,Indisponible,Indisponible,Salle des machines du Lavandia Sea (en possession du Glas Tempête),Échange,Échange,Ultra-Dimension,"Ultra-Dimension, brèche bleue",,,Expédition Dynamax,Expédition Dynamax,"Salle de la Tempête dans le Parc Rosa Rugosa (nécessite une Tablette Tempête), Échange",Salle de la Tempête dans le Parc Rosa Rugosa (nécessite une Tablette Tempête),Incompatible,-,-,
0250,Ho-Oh,,,,,Sommet de la Tour Ferraille si le joueur possède l'Arcenci'Aile,Sommet de la Tour Ferraille si le joueur possède l'Arcenci'Aile,Sommet de la Tour Ferraille si le joueur a capturé les Trois Bêtes légendaires,"Roc Nombri de Pokémon Rouge Feu, Vert Feuille et Émeraude","Roc Nombri de Pokémon Rouge Feu, Vert Feuille et Émeraude","Roc Nombri de Pokémon Rouge Feu, Vert Feuille et Émeraude","Roc Nombri de Pokémon Rouge Feu, Vert Feuille et Émeraude","Roc Nombri de Pokémon Rouge Feu, Vert Feuille et Émeraude",Indisponible,Indisponible,Indisponible,Sommet de la Tour Carillon (pendant l'aventure),Sommet de la Tour Carillon (pendant l'aventure),Indisponible,Indisponible,Indisponible,Indisponible,Indisponible,Indisponible,Proue du Lavandia Sea (en possession du Glas Transparent),Indisponible,Échange,Échange,"Ultra-Dimension, brèche rouge",Ultra-Dimension,,,Expédition Dynamax,Expédition Dynamax,Salle de l'Arc-en-ciel dans le Parc Rosa Rugosa (nécessite une Tablette Arc-en-ciel),"Salle de l'Arc-en-ciel dans le Parc Rosa Rugosa (nécessite une Tablette Arc-en-ciel), Échange",Incompatible,-,-,
0251,Celebi,,,,,Indisponible,Indisponible,Indisponible,Indisponible,Indisponible,Indisponible,Indisponible,Indisponible,Indisponible,Indisponible,Indisponible,Indisponible,Indisponible,Indisponible,Indisponible,Indisponible,Indisponible,Indisponible,Indisponible,Indisponible,Indisponible,Échange,Échange,,,,,Événement Nintendo,Événement Nintendo,Événement Nintendo,Événement Nintendo,Incompatible,,,
0252,Arcko,,,,,,,,Pokémon de départ sur la Route 101,Pokémon de départ sur la Route 101,Pokémon de départ sur la Route 101,Indisponible,Indisponible,Indisponible,Indisponible,Indisponible,"Donné par Pierre Rochard à la Sylphe SARL (choix entre lui, Poussifeu et Gobou)","Donné par Pierre Rochard à la Sylphe SARL (choix entre lui, Poussifeu et Gobou)",Indisponible,Indisponible,Indisponible,Indisponible,Indisponible,Indisponible,Pokémon de départ à Bourg-en-Vol,Pokémon de départ à Bourg-en-Vol,Échange,Échange,Faire reproduire Massko,Faire reproduire Massko,,,Faire reproduire Massko ou Jungko,Faire reproduire Massko ou Jungko,"Grotte de la Prairie, Grotte de la Rivière, Caverne du Miroir d'Eau, Caverne Ensoleillée","Grotte de la Prairie, Grotte de la Rivière, Caverne du Miroir d'Eau, Caverne Ensoleillée",Incompatible,-,,
0253,Massko,,,,,,,,Indisponible,Indisponible,Indisponible,Indisponible,Indisponible,Indisponible,Indisponible,Indisponible,Indisponible,Indisponible,Indisponible,Indisponible,Indisponible,Indisponible,Indisponible,Indisponible,Indisponible,Indisponible,Échange,Échange,"Scanner des Îles : Vendredi, Route 5","Scanner des Îles : Vendredi, Route 5",,,Expédition Dynamax,Expédition Dynamax,Faire évoluer Arcko (Niveau 16),Faire évoluer Arcko (Niveau 16),Incompatible,Indisponible,,
0254,Jungko,,,,,,,,Indisponible,Indisponible,Indisponible,Indisponible,Indisponible,Indisponible,Indisponible,Indisponible,Indisponible,Indisponible,Indisponible,Indisponible,Indisponible,Indisponible,Indisponible,Indisponible,Indisponible,Indisponible,Échange,Échange,Faire évoluer Massko (niveau 36),Faire évoluer Massko (niveau 36),,,Expédition Dynamax,Expédition Dynamax,Faire évoluer Massko (Niveau 36),Faire évoluer Massko (Niveau 36),Incompatible,Indisponible,,
0255,Poussifeu,Mâle,,,,,,,Pokémon de départ sur la Route 101,Pokémon de départ sur la Route 101,Pokémon de départ sur la Route 101,Indisponible,Indisponible,Indisponible,Indisponible,Indisponible,"Donné par Pierre Rochard à la Sylphe SARL (choix entre lui, Arcko et Gobou)","Donné par Pierre Rochard à la Sylphe SARL (choix entre lui, Arcko et Gobou)",Indisponible,Indisponible,Indisponible,Indisponible,Indisponible,Indisponible,Pokémon de départ à Bourg-en-Vol,Pokémon de départ à Bourg-en-Vol,Échange,Échange,Faire reproduire Galifeu,Faire reproduire Galifeu,,,Faire reproduire Galifeu ou Braségali,Faire reproduire Galifeu ou Braségali,"Grotte du Magma, Grotte des Sables Ardents, Caverne Typhlosion","Grotte du Magma, Grotte des Sables Ardents, Caverne Typhlosion",Incompatible,-,,
0255,Poussifeu,Femelle,,,,,,,,,,,,Indisponible,Indisponible,Indisponible,Indisponible,Indisponible,Indisponible,Indisponible,Indisponible,Indisponible,Indisponible,Indisponible,Pokémon de départ à Bourg-en-Vol,Pokémon de départ à Bourg-en-Vol,,,,,,,,,,,,-,,
0256,Galifeu,Mâle,,,,,,,Indisponible,Indisponible,Indisponible,Indisponible,Indisponible,Indisponible,Indisponible,Indisponible,Indisponible,Indisponible,Indisponible,Indisponible,Indisponible,Indisponible,Indisponible,Indisponible,Indisponible,Indisponible,Échange,Échange,"Scanner des Îles : Mardi, Route 8","Scanner des Îles : Mardi, Route 8",,,Expédition Dynamax,Expédition Dynamax,Faire évoluer Poussifeu (Niveau 16),Faire évoluer Poussifeu (Niveau 16),Incompatible,Indisponible,,
0256,Galifeu,Femelle,,,,,,,,,,,,Indisponible,Indisponible,Indisponible,Indisponible,Indisponible,Indisponible,Indisponible,Indisponible,Indisponible,Indisponible,Indisponible,Indisponible,Indisponible,,,,,,,,,,,,Indisponible,,
0257,Braségali,Mâle,,,,,,,Indisponible,Indisponible,Indisponible,Indisponible,Indisponible,Indisponible,Indisponible,Indisponible,Indisponible,Indisponible,Indisponible,Indisponible,Indisponible,Indisponible,Indisponible,Indisponible,Indisponible,Indisponible,Échange,Échange,Faire évoluer Massko (niveau 36),Faire évoluer Massko (niveau 36),,,Expédition Dynamax,Expédition Dynamax,Faire évoluer Galifeu (Niveau 36),Faire évoluer Galifeu (Niveau 36),Incompatible,Indisponible,,
0257,Braségali,Femelle,,,,,,,,,,,,Indisponible,Indisponible,Indisponible,Indisponible,Indisponible,Indisponible,Indisponible,Indisponible,Indisponible,Indisponible,Indisponible,Indisponible,Indisponible,,,,,,,,,,,,Indisponible,,
0258,Gobou,,,,,,,,Pokémon de départ sur la Route 101,Pokémon de départ sur la Route 101,Pokémon de départ sur la Route 101,Indisponible,Indisponible,Indisponible,Indisponible,Indisponible,"Donné par Pierre Rochard à la Sylphe SARL (choix entre lui, Arcko et Poussifeu)","Donné par Pierre Rochard à la Sylphe SARL (choix entre lui, Arcko et Poussifeu)",Indisponible,Indisponible,Indisponible,Indisponible,Indisponible,Indisponible,Pokémon de départ à Bourg-en-Vol,Pokémon de départ à Bourg-en-Vol,Échange,Échange,Faire reproduire Flobio,Faire reproduire Flobio,,,Faire reproduire Flobio ou Laggron,Faire reproduire Flobio ou Laggron,"Grotte des Eaux Souterraines, Grotte de la Rivière, Caverne du Miroir d'Eau","Grotte des Eaux Souterraines, Grotte de la Rivière, Caverne du Miroir d'Eau",Incompatible,-,,
0259,Flobio,,,,,,,,Indisponible,Indisponible,Indisponible,Indisponible,Indisponible,Indisponible,Indisponible,Indisponible,Indisponible,Indisponible,Indisponible,Indisponible,Indisponible,Indisponible,Indisponible,Indisponible,Indisponible,Indisponible,Échange,Échange,"Scanner des Îles : Samedi, Colline Clapotis","Scanner des Îles : Samedi, Colline Clapotis",,,Expédition Dynamax,Expédition Dynamax,Faire évoluer Gobou (Niveau 16),Faire évoluer Gobou (Niveau 16),Incompatible,Indisponible,,
0260,Laggron,,,,,,,,Indisponible,Indisponible,Indisponible,Indisponible,Indisponible,Indisponible,Indisponible,Indisponible,Indisponible,Indisponible,Indisponible,Indisponible,Indisponible,Indisponible,Indisponible,Indisponible,Indisponible,Indisponible,Échange,Échange,Faire évoluer Flobio (niveau 36),Faire évoluer Flobio (niveau 36),,,Expédition Dynamax,Expédition Dynamax,Faire évoluer Flobio (Niveau 36),Faire évoluer Flobio (Niveau 36),Incompatible,Indisponible,,
0261,Medhyèna,,,,,,,,"Route 101, Route 102, Route 103","Route 101, Route 102, Route 103","Route 101, Route 102, Route 103, Bois Clémenti, Route 104, Route 110, Route 116, Route 117, Route 120, Route 121, Route 123",Indisponible,Indisponible,Indisponible,Indisponible,Route 214 (Poké Radar),Route 1 (Essaim),Route 1 (Essaim),Indisponible,Route 9 (Troupeau),Indisponible,Indisponible,Indisponible,Indisponible,"Route 101, Route 102, Route 103, Route 101, Route 103 (Horde)","Route 101, Route 102, Route 103, Route 101, Route 103 (Horde)",À transférer via Banque Pokémon,À transférer via Banque Pokémon,À transférer via Banque Pokémon,À transférer via Banque Pokémon,,,Incompatible,Incompatible,"Grotte Spacieuse, Grotte Éblouissante, Grotte des Stalactites, Caverne de la Nuit Étoilée, Caverne du Glacier","Grotte Spacieuse, Grotte Éblouissante, Grotte des Stalactites, Caverne de la Nuit Étoilée, Caverne du Glacier",Incompatible,-,,
0262,Grahyèna,,,,,,,,Indisponible,Indisponible,"Route 120, Route 121, Route 123",Indisponible,Indisponible,"Route 214, Route 215 (Poké Radar)",Indisponible,Indisponible,Indisponible,Indisponible,Indisponible,Indisponible,Indisponible,Indisponible,Route 15,Route 15,Indisponible,Indisponible,À transférer via Banque Pokémon,À transférer via Banque Pokémon,À transférer via Banque Pokémon,À transférer via Banque Pokémon,,,Incompatible,Incompatible,"Route 214 (Poké Radar), Route 215 (Poké Radar), Grotte Spacieuse, Grotte Éblouissante, Grotte des Stalactites, Caverne de la Nuit Étoilée, Caverne du Glacier","Grotte Spacieuse, Grotte Éblouissante, Grotte des Stalactites, Caverne de la Nuit Étoilée, Caverne du Glacier",Incompatible,-,,
0263,Zigzaton,,,,,,,,"Route 101, Route 102, Route 103, Bois Clémenti, Route 104, Route 110, Route 116, Route 117, Route 118, Route 119, Route 120, Route 121, Route 123","Route 101, Route 102, Route 103, Bois Clémenti, Route 104, Route 110, Route 116, Route 117, Route 118, Route 119, Route 120, Route 121, Route 123","Route 101, Route 102, Route 103, Route 118, Route 119",Indisponible,Indisponible,Route 202 (Essaim),Route 202 (Essaim),Route 202 (Essaim),"Tour Carillon, Tour Cendrée, Tour Chétiflor, Pokéwalker (Plaine de Hoenn) (Son Hoenn, le Mercredi)","Tour Carillon, Tour Cendrée, Tour Chétiflor, Pokéwalker (Plaine de Hoenn) (Son Hoenn, le Mercredi)",Indisponible,Indisponible,Indisponible,Indisponible,Route 2,Route 2,"Route 101, Route 102, Route 103, Route 104, Route 116, Route 117, Bois Clémenti (Hautes herbes et Horde), Route 110 (Hautes Herbes)","Route 101, Route 102, Route 103, Route 104, Route 116, Route 117, Bois Clémenti (Hautes herbes et Horde), Route 110 (Hautes Herbes)",À transférer via Banque Pokémon,À transférer via Banque Pokémon,À transférer via Banque Pokémon,À transférer via Banque Pokémon,,,Échange contre un Zigzaton de Galar à Régiona,Échange contre un Zigzaton de Galar à Régiona,"Route 202 (troupeau), Grotte Spacieuse, Grotte des Rochers, Caverne du Piton","Route 202 (troupeau), Grotte Spacieuse, Grotte des Rochers, Caverne du Piton",Incompatible,,,
0263,Zigzaton,Galar,,,,,,,,,,,,,,,,,,,,,,,,,,,,,,,"Route 2, Route 3, Prairie Entre-Ponts, Coiffe du Géant, Plaine Rocheuse","Route 2, Route 3, Prairie Entre-Ponts, Coiffe du Géant, Plaine Rocheuse",Incompatible,Incompatible,Incompatible,,,
0264,Linéon,,,,,,,,"Route 118, Route 119, Route 120, Route 121, Route 123","Route 118, Route 119, Route 120, Route 121, Route 123","Route 118, Route 119",Indisponible,Indisponible,Indisponible,Indisponible,Indisponible,"Route 4, Route 6, Route 9, Route 10, Route 13, Chenal 21, Route 22, Route 24, Route 25, Route 28, Route 30, Route 31, Route 32, Route 34, Route 35, Route 42, Route 43, Route 44, Route 45, Route 47, Ruines d'Alpha, Mont Argenté, Pokéwalker (Plaine de Hoenn) (Son Hoenn, le Mercredi)","Route 4, Route 6, Route 9, Route 10, Route 13, Chenal 21, Route 22, Route 24, Route 25, Route 28, Route 30, Route 31, Route 32, Route 34, Route 35, Route 42, Route 43, Route 44, Route 45, Route 47, Ruines d'Alpha, Mont Argenté, Pokéwalker (Plaine de Hoenn) (Son Hoenn, le Mercredi)",Indisponible,Indisponible,Indisponible,Indisponible,Indisponible,Indisponible,"Route 118, Route 119, Route 120, Route 121, Route 123","Route 118, Route 119, Route 120, Route 121, Route 123",À transférer via Banque Pokémon,À transférer via Banque Pokémon,À transférer via Banque Pokémon,À transférer via Banque Pokémon,,,Expédition Dynamax,Expédition Dynamax,Faire évoluer Zigzaton (Niveau 20),Faire évoluer Zigzaton (Niveau 20),Incompatible,,,
0264,Linéon,Galar,,,,,,,,,,,,,,,,,,,,,,,,,,,,,,,"Coiffe du Géant, Prairie Entre-Ponts, Repos du Géant, Lac Poké Ball, Expédition Dynamax","Coiffe du Géant, Prairie Entre-Ponts, Repos du Géant, Lac Poké Ball, Expédition Dynamax",Incompatible,Incompatible,Incompatible,,,
0265,Chenipotte,,,,,,,,"Route 101, Route 102, Route 104, Bois Clémenti","Route 101, Route 102, Route 104, Bois Clémenti","Route 101, Route 102, Route 104, Bois Clémenti",Indisponible,Indisponible,"Forêt Vestigion (Tout le temps, Matin et JourPt), Arbres à Miel","Forêt Vestigion (Tout le temps, Matin et JourPt), Arbres à Miel","Route 204, Route 205, Matin et JourPt), Arbres à Miel","Concours de Capture d'insecte (Pokédex National Jeudi et Samedi), Coup d'Boule (Route 1, 2, 3, 4, 12, 13, 14, 15, 18, 21, 22), Pokéwalker (Plaine de Hoenn)","Concours de Capture d'insecte (Pokédex National Jeudi et Samedi), Coup d'Boule (Route 1, 2, 3, 4, 12, 13, 14, 15, 18, 21, 22), Pokéwalker (Plaine de Hoenn)",Indisponible,Forêt Blanche (avec Cerise dans la forêt),Indisponible,Indisponible,Indisponible,Indisponible,"Route 101, Route 102, Route 104, Bois Clémenti, Bois Clémenti (Horde)","Route 101, Route 102, Route 104, Bois Clémenti, Bois Clémenti (Horde)",À transférer via Banque Pokémon,À transférer via Banque Pokémon,À transférer via Banque Pokémon,À transférer via Banque Pokémon,,,Incompatible,Incompatible,"Forêt de Vestigion, Arbres à Miel, Grotte de la Prairie, Grotte de la Rivière, Caverne du Miroir d'Eau, Caverne Ensoleillée","Forêt de Vestigion, Arbres à Miel, Grotte de la Prairie, Grotte de la Rivière, Caverne du Miroir d'Eau, Caverne Ensoleillée",??,,,
0266,Armulys,,,,,,,,Bois Clémenti,Bois Clémenti,Bois Clémenti,Indisponible,Indisponible,"Arbres à Miel, Forêt Vestigion",Indisponible,"Route 205, Forêt Vestigion",Concours de Capture d'insecte (Pokédex National Jeudi),Concours de Capture d'insecte (Pokédex National Jeudi),Indisponible,Indisponible,Indisponible,Indisponible,Indisponible,Indisponible,Bois Clémenti,Bois Clémenti,À transférer via Banque Pokémon,À transférer via Banque Pokémon,À transférer via Banque Pokémon,À transférer via Banque Pokémon,,,Incompatible,Incompatible,"Forêt de Vestigion, Arbres à Miel, Grotte de la Prairie, Grotte de la Rivière, Caverne du Miroir d'Eau, Caverne Ensoleillée, Faire évoluer Chenipotte (Niveau 7","Faire évoluer Chenipotte (Niveau 7, selon valeur interne personnelle)",??,,,
0267,Charmillon,Mâle,,,,,,,Indisponible,Indisponible,Indisponible,Indisponible,Indisponible,"Forêt Vestigion, Route 224, Chenal 230",Indisponible,"Route 205, Forêt Vestigion, Route 224",Concours de Capture d'insecte (Pokédex National Samedi),Concours de Capture d'insecte (Pokédex National Samedi),Indisponible,Indisponible,Indisponible,Indisponible,"Safari des Amis Insecte, position 2 (1993-6860-1096)","Safari des Amis Insecte, position 2 (1993-6860-1096)",Indisponible,Indisponible,À transférer via Banque Pokémon,À transférer via Banque Pokémon,À transférer via Banque Pokémon,À transférer via Banque Pokémon,,,Incompatible,Incompatible,"Route 224, Forêt Vestigion, Chenal 230",Route 224,??,,,
0267,Charmillon,Femelle,,,,,,,,,,,,"Forêt Vestigion, Route 224, Chenal 230",Indisponible,"Route 205, Forêt Vestigion, Route 224",Concours de Capture d'insecte (Pokédex National Samedi),Concours de Capture d'insecte (Pokédex National Samedi),Indisponible,Indisponible,Indisponible,Indisponible,"Safari des Amis Insecte, position 2 (1993-6860-1096)","Safari des Amis Insecte, position 2 (1993-6860-1096)",Indisponible,Indisponible,,,,,,,,,,,,,,
0268,Blindalys,,,,,,,,Bois Clémenti,Bois Clémenti,Bois Clémenti,Indisponible,Indisponible,Indisponible,"Arbres à Miel, Forêt Vestigion","Route 205, Forêt Vestigion",Concours de Capture d'insecte (Pokédex National Samedi),Concours de Capture d'insecte (Pokédex National Samedi),Indisponible,Indisponible,Indisponible,Indisponible,"Safari des Amis Poison, position 1 (0920-7279-7609)","Safari des Amis Poison, position 1 (0920-7279-7609)",Bois Clémenti,Bois Clémenti,À transférer via Banque Pokémon,À transférer via Banque Pokémon,À transférer via Banque Pokémon,À transférer via Banque Pokémon,,,Incompatible,Incompatible,"Faire évoluer Chenipotte (Niveau 7, selon valeur interne personnelle)","Forêt de Vestigion, Arbres à Miel, Grotte de la Prairie, Grotte de la Rivière, Caverne du Miroir d'Eau, Caverne Ensoleillée, Faire évoluer Chenipotte (Niveau 7",??,,,
0269,Papinox,Mâle,,,,,,,Indisponible,Indisponible,Indisponible,Indisponible,Indisponible,Indisponible,"Forêt Vestigion, Route 224, Chenal 230","Route 205, Forêt Vestigion, Route 224",Concours de Capture d'insecte (Pokédex National Jeudi),Concours de Capture d'insecte (Pokédex National Jeudi),Indisponible,Indisponible,Indisponible,Indisponible,Indisponible,Indisponible,Indisponible,Indisponible,À transférer via Banque Pokémon,À transférer via Banque Pokémon,À transférer via Banque Pokémon,À transférer via Banque Pokémon,,,Incompatible,Incompatible,Faire évoluer Blindalys (Niveau 10),"Forêt Vestigion, Chenal 230",??,,,
0269,Papinox,Femelle,,,,,,,,,,,,Indisponible,"Forêt Vestigion, Route 224, Chenal 230","Route 205, Forêt Vestigion, Route 224",Concours de Capture d'insecte (Pokédex National Jeudi),Concours de Capture d'insecte (Pokédex National Jeudi),Indisponible,Indisponible,Indisponible,Indisponible,Indisponible,Indisponible,Indisponible,Indisponible,,,,,,,,,,,,,,
0270,Nénupiot,,,,,,,,Indisponible,"Route 102, Route 114","Route 102, Route 114",Indisponible,Indisponible,"Route 203, Route 204, Route 205, Route 212 (Insertion Saphir)","Route 203, Route 204, Route 205, Route 212 (Insertion Saphir)","Route 203, Route 204, Route 205, Route 212 (Insertion Saphir)","Parc Safari (Zone Prairie, avec 12 blocs aquatiques, immédiatement)","Parc Safari (Zone Prairie, avec 12 blocs aquatiques, immédiatement)",Indisponible,Forêt Blanche (avec Quentin dans la forêt),Indisponible,Indisponible,Indisponible,Indisponible,"Route 102 (Hautes herbes et Horde), Route 114 (Horde)","Route 102 (Hautes herbes et Horde), Route 114 (Horde)",Échange,Échange,Faire reproduire Lombre,Faire reproduire Lombre,,,Échange,"Route 2, Bois de Clairjour, Lac Coupenotte Ouest",Échange,"Grotte de la Prairie, Grotte des Eaux Souterraines, Grotte de la Rivière, Caverne du Miroir d'Eau, Caverne Ensoleillée",Incompatible,-,,
0271,Lombre,,,,,,,,Indisponible,Route 114,Route 114,Indisponible,Indisponible,"Route 212, Route 229 (Insertion Saphir)","Route 212, Route 229 (Insertion Saphir)","Route 212, Route 229 (Insertion Saphir)","Parc Safari (Zone Tere Humide, avec 14 blocs aquatiques, immédiatement)","Parc Safari (Zone Tere Humide, avec 14 blocs aquatiques, immédiatement)",Indisponible,Indisponible,Trouée Cachée (Route 3),Trouée Cachée (Route 3),Monts de Kalos (Surf),Monts de Kalos (Surf),Route 114,Route 114,Échange,Échange,"Ultra-Dimension, brèche bleue","Ultra-Dimension, brèche bleue",,,Échange,"Route 5, Bois de Clairjour, Coiffe du Géant, Siège du Géant, Plaine Verdoyante",Échange,"Grotte de la Prairie, Grotte des Eaux Souterraines, Grotte de la Rivière, Caverne du Miroir d'Eau, Caverne Ensoleillée",Incompatible,-,,
0272,Ludicolo,Mâle,,,,,,,Indisponible,Indisponible,Indisponible,Indisponible,Indisponible,Indisponible,Indisponible,Indisponible,Indisponible,Indisponible,Indisponible,Indisponible,Indisponible,Indisponible,Indisponible,Indisponible,Indisponible,Indisponible,Échange,Échange,Faire évoluer Lombre avec une Pierre Eau,Faire évoluer Lombre avec une Pierre Eau,,,Échange,Bois de Clairjour,"Faire évoluer Lombre (Avec une Pierre Eau), Échange",Faire évoluer Lombre (Avec une Pierre Eau),Incompatible,,,
0272,Ludicolo,Femelle,,,,,,,,,,,,Indisponible,Indisponible,Indisponible,Indisponible,Indisponible,Indisponible,Indisponible,Indisponible,Indisponible,Indisponible,Indisponible,Indisponible,Indisponible,,,,,,,,,,,,,,
0273,Grainipiot,,,,,,,,"Route 102, Route 114",Indisponible,"Route 102, Route 117, Route 120, Échange contre un Tarsal à Mérouville",Indisponible,Indisponible,"Route 203, Route 204, Route 205, Route 212, Forêt Vestigion (Insertion Rubis)","Route 203, Route 204, Route 205, Route 212, Forêt Vestigion (Insertion Rubis)","Route 203, Route 204, Route 205, Route 212, Forêt Vestigion (Insertion Rubis)","Forêt de Jade, Parc Safari (Coup d'Boule, arbre rare)","Forêt de Jade, Parc Safari (Coup d'Boule, arbre rare)",Indisponible,Forêt Blanche (avec Dorothée dans la forêt),Indisponible,Indisponible,Indisponible,Indisponible,"Route 102 (Hautes herbes et Horde), Route 114 (Horde)","Route 102 (Hautes herbes et Horde), Route 114 (Horde)",Échange,Échange,Faire reproduire Pifeuil,Faire reproduire Pifeuil,,,"Route 2, Bois de Clairjour, Lac Coupenotte Ouest",Échange,"Grotte de la Prairie, Grotte de la Rivière, Caverne du Miroir d'Eau, Caverne Ensoleillée",Échange,Incompatible,-,,
0274,Pifeuil,Mâle,,,,,,,Route 114,Indisponible,Route 114,Indisponible,Indisponible,"Route 212, Route 229 (Insertion Rubis)","Route 212, Route 229 (Insertion Rubis)","Route 212, Route 229 (Insertion Rubis)","Parc Safari (Zone Champ de Fleurs, avec 18 blocs sylvestres, après 20 jours)","Parc Safari (Zone Champ de Fleurs, avec 18 blocs sylvestres, après 20 jours)",Indisponible,Indisponible,Réserve Naturelle,Réserve Naturelle,"Safari des Amis Ténèbres, position 1 (2896-1716-0788)","Safari des Amis Ténèbres, position 1 (2896-1716-0788)",Route 114,Route 114,Échange,Échange,"Ultra-Dimension, brèche verte","Ultra-Dimension, brèche verte",,,"Route 5, Bois de Clairjour, Coiffe du Géant, Siège du Géant, Plaine Verdoyante",Échange,"Grotte de la Prairie, Grotte de la Rivière, Caverne du Miroir d'Eau, Caverne Ensoleillée",Échange,Incompatible,-,,
0274,Pifeuil,Femelle,,,,,,,,,,,,"Route 212, Route 229 (Insertion Rubis)","Route 212, Route 229 (Insertion Rubis)","Route 212, Route 229 (Insertion Rubis)","Parc Safari (Zone Champ de Fleurs, avec 18 blocs sylvestres, après 20 jours)","Parc Safari (Zone Champ de Fleurs, avec 18 blocs sylvestres, après 20 jours)",Indisponible,Indisponible,Réserve Naturelle,Réserve Naturelle,"Safari des Amis Ténèbres, position 1 (2896-1716-0788)","Safari des Amis Ténèbres, position 1 (2896-1716-0788)",,,,,,,,,,,,,,-,,
0275,Tengalice,Mâle,,,,,,,Indisponible,Indisponible,Indisponible,Indisponible,Indisponible,Indisponible,Indisponible,Indisponible,Indisponible,Indisponible,Indisponible,Indisponible,Réserve Naturelle (Herbes mouvantes),Réserve Naturelle (Herbes mouvantes),Indisponible,Indisponible,Indisponible,Indisponible,Échange,Échange,Faire évoluer Pifeuil avec une Pierre Plante,Faire évoluer Pifeuil avec une Pierre Plante,,,Bois de Clairjour,Échange,Faire évoluer Pifeuil (Avec une Pierre Plante),"Faire évoluer Pifeuil (Avec une Pierre Plante), Échange",Incompatible,,,
0275,Tengalice,Femelle,,,,,,,,,,,,Indisponible,Indisponible,Indisponible,Indisponible,Indisponible,Indisponible,Indisponible,Réserve Naturelle (Herbes mouvantes),Réserve Naturelle (Herbes mouvantes),Indisponible,Indisponible,Indisponible,Indisponible,,,,,,,,,,,,,,
0276,Nirondelle,,,,,,,,"Bois Clémenti, Route 104, Route 115, Route 116","Bois Clémenti, Route 104, Route 115, Route 116","Bois Clémenti, Route 104, Route 115, Route 116",Indisponible,Indisponible,Indisponible,Indisponible,Indisponible,"Ville Griotte (Coup d'Boule, arbre rare)","Ville Griotte (Coup d'Boule, arbre rare)",Indisponible,Indisponible,Indisponible,Indisponible,Route 8 (Horde),Route 8 (Horde),"Route 104, Route 115, Route 116, Bois Clémenti, Grand Envol, Route 104 (Partie Nord) (Horde)","Route 104, Route 115, Route 116, Bois Clémenti, Grand Envol, Route 104 (Partie Nord) (Horde)",Échange,Échange,Faire reproduire Hélédelle,Faire reproduire Hélédelle,,,Incompatible,Incompatible,Faire reproduire Hélédelle,Faire reproduire Hélédelle,Incompatible,,,
0277,Hélédelle,,,,,,,,Route 115,Route 115,Route 115,Indisponible,Indisponible,Route 213 (Poké Radar),Route 213 (Poké Radar),Route 213 (Poké Radar),Indisponible,Indisponible,"Route 13, Grotte Cyclopéenne (Entrée)","Route 13, Grotte Cyclopéenne (Entrée)",Route 13 (Troupeau),Route 13 (Troupeau),Indisponible,Indisponible,Indisponible,Indisponible,Échange,Échange,"Ultra-Dimension, brèche rouge","Ultra-Dimension, brèche rouge",,,Incompatible,Incompatible,Route 213 (Poké Radar),Route 213 (Poké Radar),Incompatible,,,
0278,Goélise,,,,,,,,"Route 103, Route 104, Route 110, Route 115, Route 118 (Hautes herbes), Route 103, Route 104, Chenal 105, Chenal 106, Chenal 107, Chenal 108, Chenal 109, Route 110, Route 115, Route 118 (Surf)","Route 103, Route 104, Route 110, Route 115, Route 118 (Hautes herbes), Route 103, Route 104, Chenal 105, Chenal 106, Chenal 107, Chenal 108, Chenal 109, Route 110, Route 115, Route 118 (Surf)","Route 103, Route 104, Route 110, Route 115, Route 118 (Hautes herbes), Route 103, Route 104, Chenal 105, Chenal 106, Chenal 107, Chenal 108, Chenal 109, Route 110, Route 115, Route 118 (Surf)",Indisponible,Indisponible,"Forge Fuego, Joliberges, Verchamps, Route 205, Route 213, Route 218, Route 219, Chenal 220, Route 221, Route 222, Route 229, Les Éoliennes, Île de Fer (Surf et parfois Hautes herbes)","Forge Fuego, Joliberges, Verchamps, Route 205, Route 213, Route 218, Route 219, Chenal 220, Route 221, Route 222, Route 229, Les Éoliennes, Île de Fer (Surf et parfois Hautes herbes)","Rivamar, Ligue Pokémon, Route 213, Route 219, Chenal 220, Route 221, Route 222, Chenal 226, Île de Fer (Surf et parfois Hautes herbes), Chenal 230 (Hautes herbes)","Carmin sur Mer (Surf, Essaim)","Carmin sur Mer (Surf, Essaim)","Route 13, Vaguelone, Baie Vaguelone (Surf)","Route 13, Vaguelone, Baie Vaguelone (Surf)",Indisponible,Indisponible,"Route 8, Route 12, Baie Azur (Horde)","Route 8, Route 12, Baie Azur (Horde)","Grand nombre de routes, villes et lieux (Hautes herbes, Horde et Surf)","Grand nombre de routes, villes et lieux (Hautes herbes, Horde et Surf)","Hautes herbes : Route 1, Côte Reculée d'Akala, Sur l'eau : Route 7 et 8, Mer de Mele-Mele, Plage Hano-Hano, Sur l'eau et dans les hautes herbes : Abords d'Ekaeka, Baie de Kala'e, Colline Clapotis*","Hautes herbes : Route 1, Côte Reculée d'Akala, Sur l'eau : Route 7 et 8, Mer de Mele-Mele, Plage Hano-Hano, Sur l'eau et dans les hautes herbes : Abords d'Ekaeka, Baie de Kala'e, Colline Clapotis*","Hautes herbes : Route 1, Côte Reculée d'Akala, Sur l'eau : Route 7 et 8, Mer de Mele-Mele, Plage Hano-Hano, Sur l'eau et dans les hautes herbes : Abords d'Ekaeka, Baie de Kala'e, Colline Clapotis*","Hautes herbes : Route 1, Côte Reculée d'Akala, Sur l'eau : Route 7 et 8, Mer de Mele-Mele, Plage Hano-Hano, Sur l'eau et dans les hautes herbes : Abords d'Ekaeka, Baie de Kala'e, Colline Clapotis*",,,"Plaine Verdoyante, Lac Coupenotte Ouest, Tour en ruines, Lac Milobellus Sud, Lac Coupenotte Est, Lac Milobellus Nord, Plaine Salutation, Plage de l'Épreuve, Mer Eau-Hisse, Lagune Circulaire, Mer Align'Îlots, Mer Isol'Îlots, Îlot Calméole, Mer Calméole","Plaine Verdoyante, Lac Coupenotte Ouest, Tour en ruines, Lac Milobellus Sud, Lac Coupenotte Est, Lac Milobellus Nord, Plaine Salutation, Plage de l'Épreuve, Mer Eau-Hisse, Lagune Circulaire, Mer Align'Îlots, Mer Isol'Îlots, Îlot Calméole, Mer Calméole","Forge Fuego, Route 213, Route 221, Route 222, Grotte Spacieuse, Grotte des Eaux Souterraines, Grotte de la Rivière, Caverne du Miroir d'Eau Surf : Forge Fuego, Joliberges, Verchamps, Route 205 (Partie Nord), Route 213, Route 218, Route 219, Chenal 220, Route 221, Route 222, Route 229, Parc Éolien, Île de Fer","Forge Fuego, Route 213, Route 221, Route 222, Grotte Spacieuse, Grotte des Eaux Souterraines, Grotte de la Rivière, Caverne du Miroir d'Eau Surf : Forge Fuego, Joliberges, Verchamps, Route 205 (Partie Nord), Route 213, Route 218, Route 219, Chenal 220, Route 221, Route 222, Route 229, Parc Éolien, Île de Fer",Incompatible,-,,
0279,Bekipan,,,,,,,,"Route 103, Route 104, Chenal 105, Chenal 106, Chenal 107, Chenal 108, Chenal 109, Route 110, Route 115, Route 118 (Surf)","Route 103, Route 104, Chenal 105, Chenal 106, Chenal 107, Chenal 108, Chenal 109, Route 110, Route 115, Route 118 (Surf)","Route 103, Route 104, Chenal 105, Chenal 106, Chenal 107, Chenal 108, Chenal 109, Route 110, Route 115, Route 118 (Surf)",Indisponible,Indisponible,"Route 205, Route 213, Route 218, Route 219, Chenal 220, Route 221, Route 222, Chenal 223, Route 224, Route 226, Route 229, Chenal 230, Forge Fuego, Île de Fer, Joliberges, Rivamar, Verchamps, Ligue Pokémon, Les Éoliennes (Surf)","Route 205, Route 213, Route 218, Route 219, Chenal 220, Route 221, Route 222, Chenal 223, Route 224, Route 226, Route 229, Chenal 230, Forge Fuego, Île de Fer, Joliberges, Rivamar, Verchamps, Ligue Pokémon, Les Éoliennes (Surf)","Route 219, Chenal 220, Route 221, Route 222, Chenal 223, Route 224, Route 226, Chenal 230, Île de Fer, Rivamar, Ligue Pokémon",Indisponible,Indisponible,"Route 13, Vaguelone, Baie Vaguelone (Surf)","Route 13, Vaguelone, Baie Vaguelone (Surf)","Route 13, Route 22, Grotte Cyclopéenne (Entrée) (Hautes herbes), Trouée Cachée (Route 22)","Route 13, Route 22, Grotte Cyclopéenne (Entrée) (Hautes herbes), Trouée Cachée (Route 22)",Indisponible,Indisponible,"Grand nombre de routes, villes et lieux (Surf)","Grand nombre de routes, villes et lieux (Surf)","Hautes herbes : Route 16, Vieille Route, Île Noadkoko, Plaine de Poni, Chemin du Défi, Prairie de Poni, Village Toko, Sur l'eau : Route 14, Côte Sauvage, Sur l'eau et dans les hautes herbes : Route 15","Hautes herbes : Route 16, Vieille Route, Île Noadkoko, Plaine de Poni, Chemin du Défi, Prairie de Poni, Village Toko, Sur l'eau : Route 14, Côte Sauvage, Sur l'eau et dans les hautes herbes : Route 15","Hautes herbes : Route 16, Vieille Route, Île Noadkoko, Plaine de Poni, Chemin du Défi, Prairie de Poni, Village Toko, Sur l'eau : Route 14, Récif de Poni, Sur l'eau et dans les hautes herbes : Route 15","Hautes herbes : Route 16, Vieille Route, Île Noadkoko, Plaine de Poni, Chemin du Défi, Prairie de Poni, Village Toko, Sur l'eau : Route 14, Récif de Poni, Sur l'eau et dans les hautes herbes : Route 15",,,"Route 9, Œil du Lac, Prairie Entre-Ponts, Fosse des Sables, Lac Ouragan, Lac Milobellus Nord, Lac Milobellus Nord, Plateau de Kickenham, Plaine Salutation, Plage de l'Épreuve, Mer Eau-Hisse, Lagune Circulaire, Mer Align'Îlots, Mer Isol'Îlots, Îlot Calméole, Mer Calméole, Plaine des Efforts, Expédition Dynamax","Route 9, Œil du Lac, Prairie Entre-Ponts, Fosse des Sables, Lac Ouragan, Lac Milobellus Nord, Lac Milobellus Nord, Plateau de Kickenham, Plaine Salutation, Plage de l'Épreuve, Mer Eau-Hisse, Lagune Circulaire, Mer Align'Îlots, Mer Isol'Îlots, Îlot Calméole, Mer Calméole, Plaine des Efforts, Expédition Dynamax","Grotte Spacieuse, Grotte des Eaux Souterraines, Grotte de la Rivière, Caverne du Miroir d'Eau Surf : Route 205, Route 213, Route 218, Route 219, Chenal 220, Route 221, Route 222, Chenal 223, Route 224, Route 226, Route 229, Chenal 230, Forge Fuego, Île de Fer, Joliberges, Rivamar, Verchamps, Ligue Pokémon, Parc Éolien","Grotte Spacieuse, Grotte des Eaux Souterraines, Grotte de la Rivière, Caverne du Miroir d'Eau Surf : Route 205, Route 213, Route 218, Route 219, Chenal 220, Route 221, Route 222, Chenal 223, Route 224, Route 226, Route 229, Chenal 230, Forge Fuego, Île de Fer, Joliberges, Rivamar, Verchamps, Ligue Pokémon, Parc Éolien",Incompatible,-,,
0280,Tarsal,,,,,,,,Route 102,Route 102,Route 102,Indisponible,Indisponible,"Route 203, Route 204(Poké Radar)","Route 203, Route 204(Poké Radar)","Route 208 (Poké Radar), Route 209 (Hautes herbes)",Route 34 (Essaim),Route 34 (Essaim),Indisponible,Forêt Blanche (avec Rena dans la forêt),Échange interne avec Brenda/Julien à Méanville,Échange interne avec Brenda/Julien à Méanville,"Route 4, Échange interne, tenant une Gardevoirite, par Dianthéa au Café Soleil après avoir vaincu la Ligue Pokémon","Route 4, Échange interne, tenant une Gardevoirite, par Dianthéa au Café Soleil après avoir vaincu la Ligue Pokémon",Route 102 (Hautes herbes et Horde),Route 102 (Hautes herbes et Horde),Échange,Échange,"Scanner des Îles : Dimanche, Route 6","Scanner des Îles : Dimanche, Route 6",,,"Bois de Clairjour, Lac Milobellus Nord, Plaine Verdoyante, Lac Milobellus Sud, Tour en ruines, Lac Coupenotte Ouest, Plaine Salutation","Bois de Clairjour, Lac Milobellus Nord, Plaine Verdoyante, Lac Milobellus Sud, Tour en ruines, Lac Coupenotte Ouest, Plaine Salutation","Route 203 (Poké Radar), Route 204 (Partie Sud) (Poké Radar), Grotte des Eaux Souterraines, Grotte Éblouissante, Caverne de la Nuit Étoilée","Route 203 (Poké Radar), Route 204 (Partie Sud) (Poké Radar), Grotte des Eaux Souterraines, Grotte Éblouissante, Caverne de la Nuit Étoilée",??,-,,
0281,Kirlia,,,,,,,,Indisponible,Indisponible,Indisponible,Indisponible,Indisponible,"Route 203, Route 204(Poké Radar)","Route 203, Route 204(Poké Radar)","Route 209 (Poké Radar), Route 212 (Hautes Herbes)",Indisponible,Indisponible,Indisponible,Indisponible,Indisponible,Indisponible,"Safari des Amis Fée, position 1 (4313-7297-4017)","Safari des Amis Fée, position 1 (4313-7297-4017)",Indisponible,Indisponible,Échange,Échange,Faire évoluer Tarsal (niveau 20),Faire évoluer Tarsal (niveau 20),,,Plaine Verdoyante,Plaine Verdoyante,"Route 203 (Poké Radar), Route 204 (Partie Sud) (Poké Radar), Grotte Éblouissante, Caverne de la Nuit Étoilée","Route 203 (Poké Radar), Route 204 (Partie Sud) (Poké Radar), Grotte Éblouissante, Caverne de la Nuit Étoilée",??,-,,
0282,Gardevoir,,,,,,,,Indisponible,Indisponible,Indisponible,Indisponible,Indisponible,Indisponible,Indisponible,Indisponible,Indisponible,Indisponible,Indisponible,Indisponible,Indisponible,Indisponible,Indisponible,Indisponible,Indisponible,Indisponible,Échange,Échange,Faire évoluer Kirlia (niveau 30),Faire évoluer Kirlia (niveau 30),,,"Fosse des Sables, Lac Ouragan, Plaine des Efforts","Fosse des Sables, Lac Ouragan, Plaine des Efforts",Faire évoluer Kirlia (Niveau 30),Faire évoluer Kirlia (Niveau 30),??,-,,
0283,Arakdo,,,,,,,,"Route 102, Route 111, Route 114, Route 117, Route 120","Route 102, Route 111, Route 114, Route 117, Route 120",Indisponible,Indisponible,Indisponible,Lac Vérité (Essaim),Lac Vérité (Essaim),Route 229 (Surf),"Parc Safari (Zone Terre Humide, avec 6 blocs herbeux, immédiatement)","Parc Safari (Zone Terre Humide, avec 6 blocs herbeux, immédiatement)",Indisponible,"Forêt Blanche (avec Nestor, Cerise ou Loïc dans la forêt, Surf)",Indisponible,Indisponible,Indisponible,Indisponible,"Route 102, Route 111, Route 114, Route 117, Route 120, Route 123, Clémenti-Ville (Surf)","Route 102, Route 111, Route 114, Route 117, Route 120, Route 123, Clémenti-Ville (Surf)",La nuit : Colline Clapotis (sur l'eau et dans les hautes herbes),La nuit : Colline Clapotis (sur l'eau et dans les hautes herbes),La nuit : Colline Clapotis (sur l'eau et dans les hautes herbes),La nuit : Colline Clapotis (sur l'eau et dans les hautes herbes),,,Incompatible,Incompatible,"Lac Vérité (troupeau) Surf : Grotte des Eaux Souterraines, Grotte de la Rivière, Caverne du Miroir d'Eau","Lac Vérité (troupeau) Surf : Grotte des Eaux Souterraines, Grotte de la Rivière, Caverne du Miroir d'Eau",Incompatible,-,,
0284,Maskadra,,,,,,,,Indisponible,Indisponible,Indisponible,Indisponible,Indisponible,Indisponible,Indisponible,"Route 229 (Surf), Faire évoluer Arakdo au N.22","Parc Safari (Zone Champ de Fleurs, avec 10 blocs aquatiques, immédiatement)","Parc Safari (Zone Champ de Fleurs, avec 10 blocs aquatiques, immédiatement)",Indisponible,Indisponible,Route 11 (Troupeau),Route 11 (Troupeau),Route 3 (Surf),Route 3 (Surf),"Route 102, Route 111, Route 114, Route 117, Route 120, Route 123, Clémenti-Ville (Surf)","Route 102, Route 111, Route 114, Route 117, Route 120, Route 123, Clémenti-Ville (Surf)",La nuit : Parc de Malié,La nuit : Parc de Malié,La nuit : Parc de Malié,La nuit : Parc de Malié,,,Incompatible,Incompatible,Faire évoluer Arakdo (Niveau 22),Faire évoluer Arakdo (Niveau 22),Incompatible,-,,
0285,Balignon,,,,,,,,Bois Clémenti,Bois Clémenti,Bois Clémenti,Indisponible,Indisponible,Grand Marais (occasionnel),Grand Marais (occasionnel),Grand Marais (occasionnel),"Forêt de Jade, Parc Safari (Coup d'Boule)","Forêt de Jade, Parc Safari (Coup d'Boule)",Route 11 (Troupeau),Indisponible,Indisponible,Indisponible,Indisponible,Indisponible,Bois Clémenti (Hautes herbes et Horde),Bois Clémenti (Hautes herbes et Horde),À transférer via Banque Pokémon,À transférer via Banque Pokémon,À transférer via Banque Pokémon,À transférer via Banque Pokémon,,,Incompatible,Incompatible,Grand Marais (après obtention du Pokédex National),Grand Marais (après obtention du Pokédex National),Incompatible,,,
0286,Chapignon,,,,,,,,Indisponible,Indisponible,Indisponible,Indisponible,Indisponible,Indisponible,Indisponible,Indisponible,"Parc Safari (Zone Terre Aride, avec 21 blocs sylvestres, après 20 jours)","Parc Safari (Zone Terre Aride, avec 21 blocs sylvestres, après 20 jours)",Indisponible,Indisponible,Trouée Cachée (Forêt d'Empoigne),Trouée Cachée (Forêt d'Empoigne),Indisponible,Indisponible,Indisponible,Indisponible,À transférer via Banque Pokémon,À transférer via Banque Pokémon,À transférer via Banque Pokémon,À transférer via Banque Pokémon,,,Incompatible,Incompatible,Faire évoluer Balignon (Niveau 23),Faire évoluer Balignon (Niveau 23),Incompatible,,,
0287,Parecool,,,,,,,,Bois Clémenti,Bois Clémenti,Bois Clémenti,Indisponible,Indisponible,Forêt Vestigion (Essaim),Forêt Vestigion (Essaim),Forêt Vestigion (Essaim),Route 25 (Coup d'Boule),Route 25 (Coup d'Boule),Indisponible,Forêt Blanche (avec Karine dans la forêt),Indisponible,Indisponible,Indisponible,Indisponible,Bois Clémenti,Bois Clémenti,Faire reproduire Vigoroth,Faire reproduire Vigoroth,Échange,Échange,,,Incompatible,Incompatible,Forêt de Vestigion (troupeau),Forêt de Vestigion (troupeau),Incompatible,-,,
0288,Vigoroth,,,,,,,,Indisponible,Indisponible,Indisponible,Indisponible,Indisponible,Indisponible,Indisponible,Indisponible,"Parc Safari (Zone Rochers, avec 10 blocs herbeux et 19 blocs sylvestres, après 60 jours)","Parc Safari (Zone Rochers, avec 10 blocs herbeux et 19 blocs sylvestres, après 60 jours)",Indisponible,Indisponible,Forêt d'Empoigne (Intérieur),Forêt d'Empoigne (Intérieur),Indisponible,Indisponible,Indisponible,Indisponible,"Scanner des Îles : Vendredi, Route 11","Scanner des Îles : Vendredi, Route 11",Échange,Échange,,,Incompatible,Incompatible,Faire évoluer Parecool (Niveau 18),Faire évoluer Parecool (Niveau 18),Incompatible,-,,
0289,Monaflèmit,,,,,,,,Indisponible,Indisponible,Indisponible,Indisponible,Indisponible,Indisponible,Indisponible,Indisponible,Indisponible,Indisponible,Indisponible,Indisponible,Forêt d'Empoigne (Intérieur) (Herbes mouvantes),Forêt d'Empoigne (Intérieur) (Herbes mouvantes),Indisponible,Indisponible,Indisponible,Indisponible,Faire évoluer Vigoroth (niveau 36),Faire évoluer Vigoroth (niveau 36),Échange,Échange,,,Incompatible,Incompatible,Faire évoluer Vigoroth (Niveau 36),Faire évoluer Vigoroth (Niveau 36),Incompatible,-,,
0290,Ningale,,,,,,,,Route 116,Route 116,Route 116,Indisponible,Indisponible,Forêt Vestigion (Poké Radar),Forêt Vestigion (Poké Radar),Forêt Vestigion (Poké Radar),Concours de Capture d'insecte (Pokédex National Jeudi et Samedi),Concours de Capture d'insecte (Pokédex National Jeudi et Samedi),Indisponible,Indisponible,Indisponible,Indisponible,Route 6,Route 6,Route 116,Route 116,À transférer via Banque Pokémon,À transférer via Banque Pokémon,À transférer via Banque Pokémon,À transférer via Banque Pokémon,,,"Route 9, Lac Coupenotte Ouest, Lac Milobellus Sud","Route 9, Lac Coupenotte Ouest, Lac Milobellus Sud","Forêt de Vestigion (Poké Radar), Grotte de la Prairie, Grotte de la Rivière, Caverne du Miroir d'Eau, Caverne Ensoleillée","Forêt de Vestigion (Poké Radar), Grotte de la Prairie, Grotte de la Rivière, Caverne du Miroir d'Eau, Caverne Ensoleillée",Incompatible,,,
0291,Ninjask,,,,,,,,Indisponible,Indisponible,Indisponible,Indisponible,Indisponible,Indisponible,Indisponible,Indisponible,Indisponible,Indisponible,Indisponible,Indisponible,Indisponible,Indisponible,Indisponible,Indisponible,Indisponible,Indisponible,À transférer via Banque Pokémon,À transférer via Banque Pokémon,À transférer via Banque Pokémon,À transférer via Banque Pokémon,,,"Plaine Verdoyante, Plaine Rocheuse, Expédition Dynamax","Plaine Verdoyante, Plaine Rocheuse, Expédition Dynamax",Faire évoluer Ningale (Niveau 20),Faire évoluer Ningale (Niveau 20),Incompatible,,,
0292,Munja,,,,,,,,Indisponible,Indisponible,Indisponible,Indisponible,Indisponible,Indisponible,Indisponible,Indisponible,Indisponible,Indisponible,Indisponible,Indisponible,Indisponible,Indisponible,Indisponible,Indisponible,Indisponible,Indisponible,À transférer via Banque Pokémon,À transférer via Banque Pokémon,À transférer via Banque Pokémon,À transférer via Banque Pokémon,,,"Faire évoluer Ningale (Niveau 20, emplacement libre et, Poké Ball dans l'inventaire)","Faire évoluer Ningale (Niveau 20, emplacement libre et, Poké Ball dans l'inventaire)","Faire évoluer Ningale (Niveau 20, emplacement libre et, Poké Ball dans l'inventaire)","Faire évoluer Ningale (Niveau 20, emplacement libre et, Poké Ball dans l'inventaire)",Incompatible,,,
0293,Chuchmur,,,,,,,,"Route 116, Tunnel Mérazon, Route Victoire","Route 116, Tunnel Mérazon, Route Victoire","Route 116, Tunnel Mérazon, Route Victoire, Voie du Désert",Indisponible,Indisponible,Indisponible,Indisponible,Indisponible,"Route 4, Route 6, Route 9, Route 10, Route 13, Chenal 21, Route 22, Route 24, Route 25, Route 28, Route 30, Route 31, Route 32, Route 34, Route 35, Route 42, Route 43, Route 44, Route 45, Route 47, Ruines d'Alpha, Mont Argenté (Son Hoenn, le Mercredi)","Route 4, Route 6, Route 9, Route 10, Route 13, Chenal 21, Route 22, Route 24, Route 25, Route 28, Route 30, Route 31, Route 32, Route 34, Route 35, Route 42, Route 43, Route 44, Route 45, Route 47, Ruines d'Alpha, Mont Argenté (Son Hoenn, le Mercredi)",Indisponible,Forêt Blanche (avec Rosa dans la forêt),Indisponible,Indisponible,Cave Connecterre (Marche et Horde),Cave Connecterre (Marche et Horde),"Tunnel Mérazon (Marche et Hordes), Route 116","Tunnel Mérazon (Marche et Hordes), Route 116",À transférer via Banque Pokémon,À transférer via Banque Pokémon,À transférer via Banque Pokémon,À transférer via Banque Pokémon,,,Grotte du Pugilat,Grotte du Pugilat,Faire reproduire Ramboum ou Brouhabam,Faire reproduire Ramboum ou Brouhabam,Incompatible,,,
0294,Ramboum,,,,,,,,Route Victoire,Route Victoire,"Voie du Désert, Route Victoire",Indisponible,Indisponible,"Mont Couronné (Extérieur, Poké Radar)","Mont Couronné (Extérieur, Poké Radar)","Mont Couronné (Extérieur, Poké Radar)",Indisponible,Indisponible,Indisponible,Indisponible,Indisponible,Indisponible,"Safari des Amis Normal, position 2 (3755-4058-9239)","Safari des Amis Normal, position 2 (3755-4058-9239)",Route Victoire (Marche et Horde),Route Victoire (Marche et Horde),À transférer via Banque Pokémon,À transférer via Banque Pokémon,À transférer via Banque Pokémon,À transférer via Banque Pokémon,,,Faire évoluer Chuchmur (Niveau 20),Faire évoluer Chuchmur (Niveau 20),Mont Couronné (Partie Extérieure) (Poké Radar),Mont Couronné (Partie Extérieure) (Poké Radar),Incompatible,,,
0295,Brouhabam,,,,,,,,Indisponible,Indisponible,Indisponible,Indisponible,Indisponible,Indisponible,Indisponible,Indisponible,Indisponible,Indisponible,Indisponible,Indisponible,Indisponible,Indisponible,Indisponible,Indisponible,Indisponible,Indisponible,À transférer via Banque Pokémon,À transférer via Banque Pokémon,À transférer via Banque Pokémon,À transférer via Banque Pokémon,,,"Raid Dynamax, Expédition Dynamax","Raid Dynamax, Expédition Dynamax",Faire évoluer Ramboum (Niveau 40),Faire évoluer Ramboum (Niveau 40),Incompatible,,,
0296,Makuhita,,,,,,,,"Grotte Granite, Route Victoire","Grotte Granite, Route Victoire","Grotte Granite, Route Victoire",Indisponible,Indisponible,Route 225 (Essaim),Route 225 (Essaim),Route 225 (Essaim),"Puits Ramoloss, Caves Jumelles, Grotte Argentée, Antre Noir, Tourb'Îles, Route de Glace, Grotte Falaise, Cave Taupiqueur, Mont Sélénite, Caverne Azurée, Grotte, Îles Écume, Route Victoire, Chutes Tohjo (Son Hoenn, le Mercredi)","Puits Ramoloss, Caves Jumelles, Grotte Argentée, Antre Noir, Tourb'Îles, Route de Glace, Grotte Falaise, Cave Taupiqueur, Mont Sélénite, Caverne Azurée, Grotte, Îles Écume, Route Victoire, Chutes Tohjo (Son Hoenn, le Mercredi)",Indisponible,Indisponible,Indisponible,Indisponible,Indisponible,Indisponible,"Grotte Granite (Rez-de-Chaussée Marche et Hordes, Sous-Sol 1), Échange interne contre un Parecool à Mérouville","Grotte Granite (Rez-de-Chaussée Marche et Hordes, Sous-Sol 1), Échange interne contre un Parecool à Mérouville",Route 2,Route 2,Route 2,Route 2,,,Incompatible,Incompatible,Route 225 (troupeau),Route 225 (troupeau),Incompatible,,,
0297,Hariyama,,,,,,,,Route Victoire,Route Victoire,Route Victoire,Indisponible,Indisponible,Indisponible,Indisponible,Indisponible,Indisponible,Indisponible,Indisponible,Indisponible,Trouée Cachée (Forêt d'Empoigne),Trouée Cachée (Forêt d'Empoigne),Route 11,Route 11,Route Victoire,Route Victoire,Plaine de Poni,Plaine de Poni,Plaine de Poni,Plaine de Poni,,,Incompatible,Incompatible,Faire évoluer Makuhita (Niveau 24),Faire évoluer Makuhita (Niveau 24),Incompatible,,,
0298,Azurill,,,,,,,,Indisponible,Indisponible,Indisponible,Indisponible,Indisponible,"Grand Marais (tout le temps), Manoir Pokémon (occasionnel)","Grand Marais (tout le temps), Manoir Pokémon (occasionnel)",Manoir Pokémon (occasionnel),"Parc Safari (Zone Savane, avec 5 blocs aquatiques, immédiatement), Pokéwalker (Plage Brûlante)","Parc Safari (Zone Savane, avec 5 blocs aquatiques, immédiatement), Pokéwalker (Plage Brûlante)",Indisponible,Forêt Blanche (avec Aurélia dans la forêt),"Ranch d'Amaillide, Route 20 (Surf), Ranch d'Amaillide (Hautes herbes)","Ranch d'Amaillide, Route 20 (Surf), Ranch d'Amaillide (Hautes herbes)","Route 22 (Hautes Herbes), Route 3","Route 22 (Hautes Herbes), Route 3",Indisponible,Indisponible,Faire reproduire Marill ou Azumarill en lui faisant tenir un Encens Mer,Faire reproduire Marill ou Azumarill en lui faisant tenir un Encens Mer,Échange,Échange,,,Grotte du Pugilat,Grotte du Pugilat,"Grand Marais, Jardin Trophée (Après obtention du Pokédex National)","Grand Marais, Jardin Trophée (Après obtention du Pokédex National)",Incompatible,,,
0299,Tarinor,,,,,,,,"Grotte Granite (Dernier sous-sol, Éclate-Roc)","Grotte Granite (Dernier sous-sol, Éclate-Roc)","Grotte Granite (Dernier sous-sol, Éclate-Roc)",Indisponible,Indisponible,Route 206 (Essaim),Route 206 (Essaim),Mont Couronné,"Parc Safari (Zone Savane, avec 18 blocs rocheux, après 30 jours)","Parc Safari (Zone Savane, avec 18 blocs rocheux, après 30 jours)",Indisponible,Indisponible,"Grotte Électrolithe, Route Bardane, Ruines Enfouies, Trouée Cachée (Route 6)","Grotte Électrolithe, Route Bardane, Ruines Enfouies, Trouée Cachée (Route 6)",Route 10 (Horde),Route 10 (Horde),"Grotte Granite (Sous-Sol 2, Éclate-Roc)","Grotte Granite (Sous-Sol 2, Éclate-Roc)",Côte Reculée d'Akala,Côte Reculée d'Akala,Côte Reculée d'Akala,Côte Reculée d'Akala,,,Incompatible,Incompatible,Route 206 (troupeau),Route 206 (troupeau),??,-,,
0300,Skitty,,,,,,,,Route 116,Route 116,Route 116,Indisponible,Indisponible,Route 222 (Essaim),Route 222 (Essaim),Route 222 (Essaim),Pokéwalker (Plaine de Hoenn),Pokéwalker (Plaine de Hoenn),Indisponible,Indisponible,Indisponible,Volucité,Route 4,Route 4,"Route 116 (Hautes herbes et Horde), Échange interne contre un Spinda à Cimetronelle","Route 116 (Hautes herbes et Horde), Échange interne contre un Spinda à Cimetronelle",À transférer via Banque Pokémon,À transférer via Banque Pokémon,À transférer via Banque Pokémon,À transférer via Banque Pokémon,,,Incompatible,Incompatible,"Route 222 (troupeau), Grotte Spacieuse","Route 222 (troupeau), Grotte Spacieuse",Incompatible,,,
0301,Delcatty,,,,,,,,Indisponible,Indisponible,Indisponible,Indisponible,Indisponible,Indisponible,Indisponible,Indisponible,Indisponible,Indisponible,Indisponible,Indisponible,Indisponible,Volucité (Herbes mouvantes),Indisponible,Indisponible,Indisponible,Indisponible,À transférer via Banque Pokémon,À transférer via Banque Pokémon,À transférer via Banque Pokémon,À transférer via Banque Pokémon,,,Incompatible,Incompatible,Faire évoluer Skitty (Avec une Pierre Lune),Faire évoluer Skitty (Avec une Pierre Lune),Incompatible,,,
0302,Ténéfix,,,,,,,,Indisponible,"Grotte Granite, Grotte Origine, Pilier Céleste, Route Victoire","Grotte Granite, Grotte Origine, Pilier Céleste, Route Victoire",Indisponible,Indisponible,Île de Fer (Insertion Saphir),Île de Fer (Insertion Saphir),Île de Fer (Insertion Saphir),Route 9 (Essaim),Concours de Capture d'insecte (Pokédex National Jeudi et Samedi),Antre d'Entraînement,Antre d'Entraînement,Échange interne avec Julien à Méanville (seulement si le joueur est Écho),Échange interne avec Julien à Méanville (seulement si le joueur est Écho),Grotte Miroitante,Grotte Miroitante,Indisponible,"Grotte Granite (Sous-Sol 2), Grotte Origine, Route Victoire, Pilier Céleste",Intrusion* (Strassie*),Intrusion* (Strassie*),Intrusion* (Strassie*),Intrusion* (Strassie*),,,Échange,"Fosse des Sables, Grotte du Lac",Échange,"Grotte Éblouissante, Caverne de la Nuit Étoilée",Incompatible,,,
0303,Mysdibule,,,,,,,,"Grotte Granite, Grotte Origine, Pilier Céleste, Route Victoire",Indisponible,Route Victoire,Indisponible,Indisponible,Île de Fer (Insertion Rubis),Île de Fer (Insertion Rubis),Île de Fer (Insertion Rubis),Concours de Capture d'insecte (Pokédex National Jeudi et Samedi),Route 9 (Essaim),Antre d'Entraînement,Antre d'Entraînement,Échange interne avec Brenda à Méanville (seulement si le joueur est Mélis),Échange interne avec Brenda à Méanville (seulement si le joueur est Mélis),Grotte Étincelante,Grotte Étincelante,"Grotte Granite (Sous-Sol 2), Grotte Origine, Route Victoire, Pilier Céleste",Indisponible,Échange,Échange,Colline Dicarat,Colline Dicarat,,,"Fosse des Sables, Prairie Entre-Ponts, Grotte du Lac",Échange,"Grotte Éblouissante, Caverne de la Nuit Étoilée",Échange,Incompatible,,,
0304,Galekid,,,,,,,,"Grotte Granite, Route Victoire","Grotte Granite, Route Victoire","Grotte Granite, Route Victoire",Indisponible,Indisponible,Forge Fuego (Poké Radar),Indisponible,Forge Fuego (Poké Radar),"Parc Safari (Zone Rocs et Lac, avec 24 blocs rocheux, immédiatement)","Parc Safari (Zone Rocs et Lac, avec 24 blocs rocheux, immédiatement)",Indisponible,Forêt Blanche (avec Kévin dans la forêt),Grotte Parsemille,Grotte Parsemille,Grotte Coda (Horde),Indisponible,"Grotte Granite (Sous-Sol 1 et 2 Marche et Horde), Route Victoire (Horde)","Grotte Granite (Sous-Sol 1 et 2 Marche et Horde), Route Victoire (Horde)",Échange,Échange,Faire reproduire Galeking,Faire reproduire Galeking,,,"Grotte du Lac, Lac Poké Ball","Grotte du Lac, Lac Poké Ball","Forge Fuego (Poké Radar), Grotte des Rochers, Grotte du Blizzard, Grotte des Stalactites, Caverne du Piton, Caverne du Glacier","Grotte des Rochers, Grotte du Blizzard, Grotte des Stalactites, Caverne du Piton, Caverne du Glacier",Incompatible,,,
0305,Galegon,,,,,,,,Route Victoire,Route Victoire,Route Victoire,Indisponible,Indisponible,Indisponible,Indisponible,Indisponible,"Parc Safari (Zone Rochers, avec 24 blocs rocheux, immédiatement)","Parc Safari (Zone Rochers, avec 24 blocs rocheux, immédiatement)",Indisponible,Indisponible,Route Bardane,Route Bardane,"Route 18, Grotte Coda",Indisponible,Route Victoire,Route Victoire,Échange,Échange,Faire reproduire Galeking,Faire reproduire Galeking,,,"Grotte du Lac, Expédition Dynamax","Grotte du Lac, Expédition Dynamax","Grotte des Rochers, Grotte du Blizzard, Grotte des Stalactites, Caverne du Piton, Caverne du Glacier","Grotte des Rochers, Grotte du Blizzard, Grotte des Stalactites, Caverne du Piton, Caverne du Glacier",Incompatible,,,
0306,Galeking,,,,,,,,Indisponible,Indisponible,Indisponible,Indisponible,Indisponible,Indisponible,Indisponible,Indisponible,Indisponible,Indisponible,Indisponible,Indisponible,Indisponible,Indisponible,Indisponible,Indisponible,Indisponible,Indisponible,Échange,Échange,"Scanner des Îles : Lundi, Plaine de Poni","Scanner des Îles : Lundi, Plaine de Poni",,,Grotte du Lac,Grotte du Lac,Faire évoluer Galegon (Niveau 42),Faire évoluer Galegon (Niveau 42),Incompatible,,,
0307,Méditikka,Mâle,,,,,,,"Mont Mémoria (Extérieur, Sommet Sud), Route Victoire (Sous-Sol 1)","Mont Mémoria (Extérieur, Sommet Sud), Route Victoire (Sous-Sol 1)",Indisponible,Indisponible,Indisponible,"Mont Couronné, Rive Lac Savoir, Route 208, Route 210, Route 211, Route 216, Route 217","Mont Couronné, Rive Lac Savoir, Route 208, Route 210, Route 211, Route 216, Route 217","Mont Couronné, Route 210, Route 211, Route 216","Tour Carillon, Tour Cendrée, Tour Chétiflor, Parc Safari, Pokéwalker (Sente du Volcan) (Son Sinnoh, le Jeudi)","Tour Carillon, Tour Cendrée, Tour Chétiflor, Parc Safari, Pokéwalker (Sente du Volcan) (Son Sinnoh, le Jeudi)",Indisponible,Indisponible,Indisponible,Indisponible,Cave Connecterre,Cave Connecterre,"Mont Mémoria (Extérieur, Hautes herbes et Horde)","Mont Mémoria (Extérieur, Hautes herbes et Horde)",Échange,Échange,Faire reproduire Charmina,Faire reproduire Charmina,,,Incompatible,Incompatible,"Mont Couronné, Rive Lac Savoir, Route 208, Route 210, Route 211, Route 216, Route 217, Grotte Éblouissante, Grotte du Blizzard, Caverne de la Nuit Étoilée","Mont Couronné, Rive Lac Savoir, Route 208, Route 210, Route 211, Route 216, Route 217, Grotte Éblouissante, Grotte du Blizzard, Caverne de la Nuit Étoilée",Incompatible,,,
0307,Méditikka,Femelle,,,,,,,,,,,,"Mont Couronné, Rive Lac Savoir, Route 208, Route 210, Route 211, Route 216, Route 217","Mont Couronné, Rive Lac Savoir, Route 208, Route 210, Route 211, Route 216, Route 217","Mont Couronné, Route 210, Route 211, Route 216","Tour Carillon, Tour Cendrée, Tour Chétiflor, Parc Safari, Pokéwalker (Sente du Volcan) (Son Sinnoh, le Jeudi)","Tour Carillon, Tour Cendrée, Tour Chétiflor, Parc Safari, Pokéwalker (Sente du Volcan) (Son Sinnoh, le Jeudi)",Indisponible,Indisponible,Indisponible,Indisponible,Cave Connecterre,Cave Connecterre,"Mont Mémoria (Extérieur, Hautes herbes et Horde)","Mont Mémoria (Extérieur, Hautes herbes et Horde)",,,,,,,,,,,,,,
0308,Charmina,Mâle,,,,,,,Route Victoire,Route Victoire,Indisponible,Indisponible,Indisponible,"Mont Couronné, Rive Lac Savoir, Route 217, Route Victoire","Mont Couronné, Rive Lac Savoir, Route 217, Route Victoire",Mont Couronné,"Parc Safari (Zone Terre Aride, avec 18 blocs sylvestres, après 20 jours)","Parc Safari (Zone Terre Aride, avec 18 blocs sylvestres, après 20 jours)",Indisponible,Indisponible,Trouée Cachée (Forêt d'Empoigne),Trouée Cachée (Forêt d'Empoigne),Indisponible,Indisponible,Route Victoire,Route Victoire,Échange,Échange,"Ultra-Dimension, brèche jaune","Ultra-Dimension, brèche jaune",,,Incompatible,Incompatible,"Mont Couronné, Rive Lac Savoir, Route 217, Route Victoire","Mont Couronné, Rive Lac Savoir, Route 217, Route Victoire",Incompatible,,,
0308,Charmina,Femelle,,,,,,,,,,,,"Mont Couronné, Rive Lac Savoir, Route 217, Route Victoire","Mont Couronné, Rive Lac Savoir, Route 217, Route Victoire",Mont Couronné,"Parc Safari (Zone Terre Aride, avec 18 blocs sylvestres, après 20 jours)","Parc Safari (Zone Terre Aride, avec 18 blocs sylvestres, après 20 jours)",Indisponible,Indisponible,Trouée Cachée (Forêt d'Empoigne),Trouée Cachée (Forêt d'Empoigne),Indisponible,Indisponible,Route Victoire,Route Victoire,,,,,,,,,,,,,,
0309,Dynavolt,,,,,,,,"Route 110, Route 118","Route 110, Route 118","Route 110, Route 118",Indisponible,Indisponible,Les Éoliennes (Essaim),Les Éoliennes (Essaim),Les Éoliennes (Essaim),"Parc Safari (Zone Rocs et Lac, avec 10 blocs sylvestres, immédiatement)","Parc Safari (Zone Rocs et Lac, avec 10 blocs sylvestres, immédiatement)",Indisponible,Indisponible,Indisponible,Indisponible,Indisponible,Route 10 (Hautes herbes et Horde),"Route 110, Route 118 (Hautes herbes et Horde)","Route 110, Route 118 (Hautes herbes et Horde)",Échange,Échange,Faire reproduire Élecsprint,Faire reproduire Élecsprint,,,"Route 4, Plaine Verdoyante, Bois de Clairjour, Lac Coupenotte Ouest, Lac Coupenotte Est, Tour en ruines, Lac Milobellus Sud, Siège du Géant, Fosse des Sables","Route 4, Plaine Verdoyante, Bois de Clairjour, Lac Coupenotte Ouest, Lac Coupenotte Est, Tour en ruines, Lac Milobellus Sud, Siège du Géant, Fosse des Sables",Parc Éolien (troupeau),Parc Éolien (troupeau),Incompatible,,,
0310,Élecsprint,,,,,,,,Route 118,Route 118,Route 118,Indisponible,Indisponible,Indisponible,Indisponible,Indisponible,"Parc Safari (Zone Prairie, avec 15 blocs herbeux, immédiatement)","Parc Safari (Zone Prairie, avec 15 blocs herbeux, immédiatement)",Indisponible,Indisponible,Trouée Cachée (Route 3),Trouée Cachée (Route 3),Indisponible,Indisponible,Indisponible,Indisponible,Échange,Échange,,Route 12,,,"Œil du Lac, Siège du Géant, Coiffe du Géant, Plaine Verdoyante, Expédition Dynamax","Œil du Lac, Siège du Géant, Coiffe du Géant, Plaine Verdoyante, Expédition Dynamax",Faire évoluer Dynavolt (Niveau 26),Faire évoluer Dynavolt (Niveau 26),Incompatible,,,
0311,Posipi,,,,,,,,Route 110,Route 110,Route 110,Indisponible,Indisponible,Manoir Pokémon (occasionnel),Manoir Pokémon (occasionnel),Manoir Pokémon (occasionnel),"Route 1, Route 2, Route 3, Route 5, Route 7, Route 8, Route 11, Route 14, Route 15, Route 16, Route 17, Route 18, Route 29, Route 33, Route 36, Route 37, Route 38, Route 39, Route 46, Route 48, Parc Naturel (Son Hoenn, le Mercredi)","Route 1, Route 2, Route 3, Route 5, Route 7, Route 8, Route 11, Route 14, Route 15, Route 16, Route 17, Route 18, Route 29, Route 33, Route 36, Route 37, Route 38, Route 39, Route 46, Route 48, Parc Naturel (Son Hoenn, le Mercredi)",Route 6 (Troupeau),Indisponible,Route 6 (Troupeau),Indisponible,Route 5 (Hautes herbes et Horde),Route 5 (Horde),Route 110 (Horde),Route 110 (Hautes herbes et Horde),À transférer via Banque Pokémon,À transférer via Banque Pokémon,À transférer via Banque Pokémon,À transférer via Banque Pokémon,,,Incompatible,Incompatible,Jardin Trophée (Après obtention du Pokédex National),Jardin Trophée (Après obtention du Pokédex National),Incompatible,-,,
0312,Négapi,,,,,,,,Route 110,Route 110,Route 110,Indisponible,Indisponible,Manoir Pokémon (occasionnel),Manoir Pokémon (occasionnel),Manoir Pokémon (occasionnel),"Route 1, Route 2, Route 3, Route 5, Route 7, Route 8, Route 11, Route 14, Route 15, Route 16, Route 17, Route 18, Route 29, Route 33, Route 36, Route 37, Route 38, Route 39, Route 46, Route 48, Parc Naturel (Son Hoenn, le Mercredi)","Route 1, Route 2, Route 3, Route 5, Route 7, Route 8, Route 11, Route 14, Route 15, Route 16, Route 17, Route 18, Route 29, Route 33, Route 36, Route 37, Route 38, Route 39, Route 46, Route 48, Parc Naturel (Son Hoenn, le Mercredi)",Indisponible,Route 6 (Troupeau),Indisponible,Route 6 (Troupeau),Route 5 (Horde),Route 5 (Hautes herbes et Horde),Route 110 (Hautes herbes et Horde),Route 110 (Horde),À transférer via Banque Pokémon,À transférer via Banque Pokémon,À transférer via Banque Pokémon,À transférer via Banque Pokémon,,,Incompatible,Incompatible,Jardin Trophée (Après obtention du Pokédex National),Jardin Trophée (Après obtention du Pokédex National),Incompatible,-,,
0313,Muciole,,,,,,,,Route 117,Route 117,Route 117,Indisponible,Indisponible,Route 229,Route 229,Route 229,"Concours de Capture d'insecte (Pokédex National Jeudi), Parc Safari, Pokéwalker (Plaine de Hoenn)","Concours de Capture d'insecte (Pokédex National Jeudi), Parc Safari, Pokéwalker (Plaine de Hoenn)",Route 3 (Troupeau),Indisponible,Route 3 (Troupeau),Indisponible,"Route 7, Champ de Baies (Baies Bleues)","Route 7, Champ de Baies (Baies Bleues)",Route 117,Route 117,À transférer via Banque Pokémon,À transférer via Banque Pokémon,À transférer via Banque Pokémon,À transférer via Banque Pokémon,,,Incompatible,Incompatible,"Route 229, Grotte de la Prairie, Grotte Éblouissante, Caverne Ensoleillée, Caverne de la Nuit Étoilée","Route 229, Grotte de la Prairie, Grotte Éblouissante, Caverne Ensoleillée, Caverne de la Nuit Étoilée",Incompatible,-,,
0314,Lumivole,,,,,,,,Route 117,Route 117,Route 117,Indisponible,Indisponible,Route 229,Route 229,Route 229,"Concours de Capture d'insecte (Pokédex National Samedi), Parc Safari, Pokéwalker (Plaine de Hoenn)","Concours de Capture d'insecte (Pokédex National Samedi), Parc Safari, Pokéwalker (Plaine de Hoenn)",Indisponible,Route 3 (Troupeau),Indisponible,Route 3 (Troupeau),"Route 7, Champ de Baies (Baies Violettes)","Route 7, Champ de Baies (Baies Violettes)",Route 117,Route 117,À transférer via Banque Pokémon,À transférer via Banque Pokémon,À transférer via Banque Pokémon,À transférer via Banque Pokémon,,,Incompatible,Incompatible,"Route 229, Grotte de la Prairie, Grotte Éblouissante, Caverne Ensoleillée, Caverne de la Nuit Étoilée","Route 229, Grotte de la Prairie, Grotte Éblouissante, Caverne Ensoleillée, Caverne de la Nuit Étoilée",Incompatible,-,,
0315,Rosélia,Mâle,,,,,,,Route 117,Route 117,Indisponible,Indisponible,Indisponible,"Route 212, Route 221, Route 224, Route 229, Grand Marais, Manoir Pokémon","Route 212, Route 221, Route 224, Route 225, Grand Marais, Manoir Pokémon","Route 208, Route 209, Route 210, Route 212, Route 221, Route 224, Route 229, Chenal 230, Manoir Pokémon","Parc Safari (Zone Marais, avec 25 blocs sylvestres, après 20 jours)","Parc Safari (Zone Marais, avec 25 blocs sylvestres, après 20 jours)",Indisponible,Indisponible,"Route 12, Route Victoire, Bois des Illusions","Route 12, Route Victoire, Bois des Illusions",Route 7 (Hautes herbes et Horde),Route 7 (Hautes herbes et Horde),Route 117 (Hautes herbes et Horde),Route 117 (Hautes herbes et Horde),"Scanner des Îles : Mercredi, Jardin d'Ula-Ula","Scanner des Îles : Mercredi, Jardin d'Ula-Ula",Échange,Échange,,,"Œil du Lac, Lac Milobellus Sud, Miroir du Géant, Fosse des Sables, Plaine Verdoyante, Expédition Dynamax","Œil du Lac, Lac Milobellus Sud, Miroir du Géant, Fosse des Sables, Plaine Verdoyante, Expédition Dynamax","Jardin Trophée, Grand Marais, Route 212, Route 221, Route 224, Route 225, Route 229, Grotte de la Prairie, Grotte du Marécage, Caverne Ensoleillée, Caverne du Marais Sans Fond","Jardin Trophée, Grand Marais, Route 212, Route 221, Route 224, Route 225, Grotte de la Prairie, Grotte du Marécage, Caverne Ensoleillée, Caverne du Marais Sans Fond",??,,,
0315,Rosélia,Femelle,,,,,,,,,,,,"Route 212, Route 221, Route 224, Route 229, Grand Marais, Manoir Pokémon","Route 212, Route 221, Route 224, Route 225, Grand Marais, Manoir Pokémon","Route 208, Route 209, Route 210, Route 212, Route 221, Route 224, Route 229, Chenal 230, Manoir Pokémon","Parc Safari (Zone Marais, avec 25 blocs sylvestres, après 20 jours)","Parc Safari (Zone Marais, avec 25 blocs sylvestres, après 20 jours)",Indisponible,Indisponible,"Route 12, Route Victoire, Bois des Illusions","Route 12, Route Victoire, Bois des Illusions",Route 7 (Hautes herbes et Horde),Route 7 (Hautes herbes et Horde),Route 117 (Hautes herbes et Horde),Route 117 (Hautes herbes et Horde),,,,,,,,,,,,,,
0316,Gloupti,Mâle,,,,,,,Route 110,Route 110,Route 110,Indisponible,Indisponible,Grand Marais (occasionnel),Grand Marais (occasionnel),Grand Marais (occasionnel),Indisponible,Route 3 (Essaim),Indisponible,Indisponible,Indisponible,Indisponible,Route 5 (Hautes herbes et Horde),Route 5 (Hautes herbes et Horde),Route 110,Route 110,À transférer via Banque Pokémon,À transférer via Banque Pokémon,À transférer via Banque Pokémon,À transférer via Banque Pokémon,,,Incompatible,Incompatible,Grand Marais (après obtention du Pokédex National),Grand Marais (après obtention du Pokédex National),Incompatible,,,
0316,Gloupti,Femelle,,,,,,,,,,,,Grand Marais (occasionnel),Grand Marais (occasionnel),Grand Marais (occasionnel),Indisponible,Route 3 (Essaim),Indisponible,Indisponible,Indisponible,Indisponible,Route 5 (Hautes herbes et Horde),Route 5 (Hautes herbes et Horde),Route 110,Route 110,,,,,,,,,,,,,,
0317,Avaltout,Mâle,,,,,,,Indisponible,Indisponible,Indisponible,Indisponible,Indisponible,Indisponible,Indisponible,Indisponible,Indisponible,Indisponible,Indisponible,Indisponible,Route 9 (Troupeau),Route 9 (Troupeau),"Safari des Amis Poison, position 2 (3196-2964-2073)","Safari des Amis Poison, position 2 (3196-2964-2073)",Indisponible,Indisponible,À transférer via Banque Pokémon,À transférer via Banque Pokémon,À transférer via Banque Pokémon,À transférer via Banque Pokémon,,,Incompatible,Incompatible,Faire évoluer Gloupti (Niveau 26),Faire évoluer Gloupti (Niveau 26),Incompatible,,,
0317,Avaltout,Femelle,,,,,,,,,,,,Indisponible,Indisponible,Indisponible,Indisponible,Indisponible,Indisponible,Indisponible,Route 9 (Troupeau),Route 9 (Troupeau),"Safari des Amis Poison, position 2 (3196-2964-2073)","Safari des Amis Poison, position 2 (3196-2964-2073)",Indisponible,Indisponible,,,,,,,,,,,,,,
0318,Carvanha,,,,,,,,"Route 118, Route 119 (Super Canne et Méga Canne)","Route 118, Route 119 (Super Canne et Méga Canne)","Route 118, Route 119 (Super Canne et Méga Canne)",Indisponible,Indisponible,Grand Marais (Méga Canne),Grand Marais (Méga Canne),Grand Marais (Méga Canne),Pokéwalker (Plage Brûlante),Pokéwalker (Plage Brûlante),Pont du Hameau (Pêche),Pont du Hameau (Pêche),Pont du Hameau (Pêche),Pont du Hameau (Pêche),Route 22 (Super Canne),Route 22 (Super Canne),"Route 118, Route 119 (Super Canne et Méga Canne)","Route 118, Route 119 (Super Canne et Méga Canne)",Faire reproduire Sharpedo,Faire reproduire Sharpedo,Récif de Poni (Canne à Pêche*),Récif de Poni (Canne à Pêche*),,,Canne à Pêche : Plaine des Efforts,Canne à Pêche : Plaine des Efforts,"Surf : Grotte des Eaux Souterraines, Grotte de la Rivière, Caverne du Miroir d'Eau, Méga Canne : Grand Marais","Surf : Grotte des Eaux Souterraines, Grotte de la Rivière, Caverne du Miroir d'Eau, Méga Canne : Grand Marais",Incompatible,,,
0319,Sharpedo,,,,,,,,"Route 103, Route 118 (Méga Canne)","Route 103, Route 118 (Méga Canne)","Route 103, Route 118 (Méga Canne)",Indisponible,Indisponible,"Route 213, Route 222 (Méga Canne), Faire évoluer Carvanha au N.30","Route 213, Route 222 (Méga Canne), Faire évoluer Carvanha au N.30",Indisponible,Indisponible,Indisponible,Pont du Hameau (Pêche tourbillon),Pont du Hameau (Pêche tourbillon),Pont du Hameau (Pêche tourbillon),Pont du Hameau (Pêche tourbillon),Route 22 (Méga Canne),Route 22 (Méga Canne),"Route 118, Route 119 (Méga Canne), Donné à l'Atoll de Combat par un Sbire Aqua","Route 118, Route 119 (Méga Canne), Donné à l'Atoll de Combat par un Sbire Aqua",Récif de Poni (Canne à Pêche*),Récif de Poni (Canne à Pêche*),Récif de Poni (Canne à Pêche*),Récif de Poni (Canne à Pêche*),,,"Mer Eau-Hisse, Mer Calméole, Mer Isol'Îlots, Mer Align'Îlots, Plaine des Efforts Canne à Pêche : Plaine des Efforts, Expédition Dynamax","Mer Eau-Hisse, Mer Calméole, Mer Isol'Îlots, Mer Align'Îlots, Plaine des Efforts Canne à Pêche : Plaine des Efforts, Expédition Dynamax","Méga Canne : Route 213, Route 222","Méga Canne : Route 213, Route 222",Incompatible,,,
0320,Wailmer,,,,,,,,"Route 103, Chenal 105, Chenal 106, Chenal 107, Chenal 108, Chenal 109, Route 110, Route 115 (Super Canne et Méga Canne)","Route 103, Chenal 105, Chenal 106, Chenal 107, Chenal 108, Chenal 109, Route 110, Route 115 (Super Canne et Méga Canne)","Route 103, Chenal 105, Chenal 106, Chenal 107, Chenal 108, Chenal 109, Route 110, Route 115 (Super Canne et Méga Canne)",Indisponible,Indisponible,"Chenal 223, Chenal 230 (Méga Canne)","Chenal 223, Chenal 230 (Méga Canne)","Chenal 223, Chenal 230 (Méga Canne)",Pokéwalker (Plage Brûlante),Pokéwalker (Plage Brûlante),"Vaguelone, Baie Vaguelone (Surf tourbillon)","Vaguelone, Baie Vaguelone (Surf tourbillon)",Baie Vaguelone (Surf tourbillon),Baie Vaguelone (Surf tourbillon),"Route 8, Roche-sur-Gliffe, Relifac-le-Haut (Surf)","Route 8, Roche-sur-Gliffe, Relifac-le-Haut (Surf)","Grand nombre de routes, villes et lieux (Super Canne et Méga Canne)","Grand nombre de routes, villes et lieux (Super Canne et Méga Canne)","Village Flottant, Prairie de Poni (Canne à Pêche*), Prairie de Poni (embuscade jets d'eau)","Village Flottant, Prairie de Poni (Canne à Pêche*), Prairie de Poni (embuscade jets d'eau)","Village Flottant (Canne à Pêche*), Récif de Poni (embuscade jets d'eau)","Village Flottant (Canne à Pêche*), Récif de Poni (embuscade jets d'eau)",,,"Route 9, Berges de Motorby, Îlot Calméole, Mer Calméole, Mer Banquise Canne à Pêche : Route 9, Expédition Dynamax","Route 9, Berges de Motorby, Îlot Calméole, Mer Calméole, Mer Banquise Canne à Pêche : Route 9, Expédition Dynamax","Méga Canne : Chenal 223, Chenal 230","Méga Canne : Chenal 223, Chenal 230",Incompatible,,,
0321,Wailord,,,,,,,,Chenal 129 (Surf),Chenal 129 (Surf),Chenal 129 (Surf),Indisponible,Indisponible,"Chenal 223, Chenal 230 (Méga Canne)","Chenal 223, Chenal 230 (Méga Canne)","Chenal 223, Chenal 230 (Méga Canne)",Indisponible,Indisponible,Baie Vaguelone (Surf tourbillon),Baie Vaguelone (Surf tourbillon),Baie Vaguelone (Surf tourbillon),Baie Vaguelone (Surf tourbillon),Indisponible,Indisponible,Indisponible,Indisponible,Prairie de Poni (embuscade jets d'eau),Prairie de Poni (embuscade jets d'eau),Récif de Poni (embuscade jets d'eau),Récif de Poni (embuscade jets d'eau),,,Mer Eau-Hisse Canne à Pêche : Route 9,Mer Eau-Hisse Canne à Pêche : Route 9,"Méga Canne : Chenal 223, Chenal 230","Méga Canne : Chenal 223, Chenal 230",Incompatible,,,
0322,Chamallot,Mâle,,,,,,,"Route 112, Chemin Ardent, Sentier Sinuroc","Route 112, Chemin Ardent, Sentier Sinuroc","Route 112, Chemin Ardent, Sentier Sinuroc",Indisponible,Indisponible,"Route 227, Mont Abrupt","Route 227, Mont Abrupt","Route 227, Mont Abrupt","Bois aux Chênes, Forêt de Jade (Son Hoenn, le Mercredi)","Bois aux Chênes, Forêt de Jade (Son Hoenn, le Mercredi)",Indisponible,Indisponible,Indisponible,Mont Renenvers,Indisponible,Indisponible,"Sentier Sinuroc (Hautes herbes), Route 112, Chemin Ardent (Hautes herbes et Horde)","Sentier Sinuroc (Hautes herbes), Route 112, Chemin Ardent (Hautes herbes et Horde)",À transférer via Banque Pokémon,À transférer via Banque Pokémon,À transférer via Banque Pokémon,À transférer via Banque Pokémon,,,Incompatible,Incompatible,"Route 227, Mont Abrupt, Grotte des Rochers, Grotte du Magma, Grotte des Sables Ardents, Caverne du Piton, Caverne Typhlosion","Route 227, Mont Abrupt, Grotte des Rochers, Grotte du Magma, Grotte des Sables Ardents, Caverne du Piton, Caverne Typhlosion",Incompatible,-,,
0322,Chamallot,Femelle,,,,,,,,,,,,"Route 227, Mont Abrupt","Route 227, Mont Abrupt","Route 227, Mont Abrupt","Bois aux Chênes, Forêt de Jade (Son Hoenn, le Mercredi)","Bois aux Chênes, Forêt de Jade (Son Hoenn, le Mercredi)",Indisponible,Indisponible,Indisponible,Mont Renenvers,Indisponible,Indisponible,"Sentier Sinuroc (Hautes herbes), Route 112, Chemin Ardent (Hautes herbes et Horde)","Sentier Sinuroc (Hautes herbes), Route 112, Chemin Ardent (Hautes herbes et Horde)",,,,,,,,,,,,-,,
0323,Camérupt,Mâle,,,,,,,Indisponible,Indisponible,Indisponible,Indisponible,Indisponible,"Route 227, Mont Abrupt","Route 227, Mont Abrupt","Route 227, Mont Abrupt",Indisponible,Indisponible,Indisponible,Indisponible,Indisponible,Mont Renenvers,"Safari des Amis Sol, position 2 (5000-6624-4550)","Safari des Amis Sol, position 2 (5000-6624-4550)",Indisponible,Indisponible,À transférer via Banque Pokémon,À transférer via Banque Pokémon,À transférer via Banque Pokémon,À transférer via Banque Pokémon,,,Incompatible,Incompatible,"Route 227, Mont Abrupt, Grotte des Rochers, Grotte du Magma, Grotte des Sables Ardents, Caverne du Piton, Caverne Typhlosion","Route 227, Mont Abrupt, Grotte des Rochers, Grotte du Magma, Grotte des Sables Ardents, Caverne du Piton, Caverne Typhlosion",Incompatible,-,,
0323,Camérupt,Femelle,,,,,,,,,,,,"Route 227, Mont Abrupt","Route 227, Mont Abrupt","Route 227, Mont Abrupt",Indisponible,Indisponible,Indisponible,Indisponible,Indisponible,Mont Renenvers,"Safari des Amis Sol, position 2 (5000-6624-4550)","Safari des Amis Sol, position 2 (5000-6624-4550)",Indisponible,Indisponible,,,,,,,,,,,,-,,
0324,Chartor,,,,,,,,Chemin Ardent,Chemin Ardent,"Planque Magma, Chemin Ardent",Indisponible,Indisponible,"Route 227, Mont Abrupt (Poké Radar)","Route 227, Mont Abrupt (Poké Radar)","Route 227, Mont Abrupt (Poké Radar)","Parc Safari (Zone Savane, avec 18 blocs rocheux, après 30 jours)","Parc Safari (Zone Savane, avec 18 blocs rocheux, après 30 jours)",Indisponible,Indisponible,Indisponible,Indisponible,Route 18,Route 18,Chemin Ardent,Chemin Ardent,"Route 12, Mont Ardent","Route 12, Mont Ardent","Route 12, Mont Ardent","Route 12, Mont Ardent",,,"Route 6, Berges de Motorby, Coiffe du Géant, Miroir du Géant, Sables de Kudsac,Voie des Étirements, Expédition Dynamax","Route 6, Berges de Motorby, Coiffe du Géant, Miroir du Géant, Sables de Kudsac,Voie des Étirements, Expédition Dynamax","Route 227, Mont Abrupt, Grotte du Magma, Grotte des Sables Ardents, Caverne du Piton, Caverne Typhlosion","Route 227, Mont Abrupt, Grotte du Magma, Grotte des Sables Ardents, Caverne du Piton, Caverne Typhlosion",Incompatible,-,,
0325,Spoink,,,,,,,,Sentier Sinuroc,Sentier Sinuroc,Sentier Sinuroc,Indisponible,Indisponible,Route 214 (Essaim),Route 214 (Essaim),Route 214 (Essaim),"Bois aux Chênes, Forêt de Jade (Son Hoenn, le Mercredi)","Bois aux Chênes, Forêt de Jade (Son Hoenn, le Mercredi)",Indisponible,Indisponible,Mont Renenvers,Indisponible,Route 8,Route 8,Sentier Sinuroc (Hautes herbes et Horde),Sentier Sinuroc (Hautes herbes et Horde),Échange,Échange,Faire reproduire Groret,Faire reproduire Groret,,,Incompatible,Incompatible,Route 214 (troupeau),Route 214 (troupeau),Incompatible,-,,
0326,Groret,,,,,,,,Indisponible,Indisponible,Indisponible,Indisponible,Indisponible,Indisponible,Indisponible,Indisponible,Indisponible,Indisponible,Indisponible,Indisponible,Mont Renenvers,Indisponible,"Safari des Amis Psy, position 1 (5086-8568-3266)","Safari des Amis Psy, position 1 (5086-8568-3266)",Indisponible,Indisponible,Échange,Échange,"Ultra-Dimension, brèche verte","Ultra-Dimension, brèche verte",,,Incompatible,Incompatible,Faire évoluer Spoink (Niveau 32),Faire évoluer Spoink (Niveau 32),Incompatible,,,
0327,Spinda,,,,,,,,Route 113,Route 113,Route 113,Indisponible,Indisponible,Route 227 (Essaim),Route 227 (Essaim),Route 227 (Essaim),"Tour Carillon, Tour Cendrée, Tour Chétiflor, Parc Safari (Son Hoenn, le Mercredi)","Tour Carillon, Tour Cendrée, Tour Chétiflor, Parc Safari (Son Hoenn, le Mercredi)",Indisponible,Indisponible,Échange interne avec Brenda/Julien à Méanville,Échange interne avec Brenda/Julien à Méanville,Route 21 (Hautes herbes et Horde),Route 21 (Hautes herbes et Horde),Route 113 (Hautes herbes et Horde),Route 113 (Hautes herbes et Horde),Colline Dicarat*,Colline Dicarat*,Colline Dicarat*,Colline Dicarat*,,,Incompatible,Incompatible,Route 227 (troupeau),Route 227 (troupeau),Incompatible,,,
0328,Kraknoix,,,,,,,,Route 111,Route 111,"Route 111, Tour Mirage",Indisponible,Indisponible,Route 228 (Poké Radar),Route 228 (Poké Radar),Indisponible,"Parc Safari (Zone Désert, avec 25 blocs rocheux, après 30 jours)","Parc Safari (Zone Désert, avec 25 blocs rocheux, après 30 jours)",Indisponible,Forêt Blanche (avec Solange dans la forêt),"Désert Délassant, Mont Renenvers","Désert Délassant, Mont Renenvers",Route 13,Route 13,Route 111 (Désert),Route 111 (Désert),Désert Haina*,Désert Haina*,Désert Haina*,Désert Haina*,,,Route 6,"Route 6, Plateau de Kickenham","Route 228 (Poké Radar), Grotte des Rochers, Grotte des Sables Ardents, Caverne du Piton","Route 228 (Poké Radar), Grotte des Rochers, Grotte des Sables Ardents, Caverne du Piton",Incompatible,-,,
0329,Vibraninf,,,,,,,,Indisponible,Indisponible,Indisponible,Indisponible,Indisponible,Route 228 (Poké Radar),Route 228 (Poké Radar),Indisponible,"Parc Safari (Zone Désert, avec 25 blocs sylvestres, après 20 jours)","Parc Safari (Zone Désert, avec 25 blocs sylvestres, après 20 jours)",Indisponible,Indisponible,Mont Renenvers (Herbes sombres),Mont Renenvers (Herbes sombres),Indisponible,Indisponible,Indisponible,Indisponible,Faire évoluer Kraknoix (niveau 35),Faire évoluer Kraknoix (niveau 35),Faire évoluer Kraknoix (niveau 35),Faire évoluer Kraknoix (niveau 35),,,Raid Dynamax,Raid Dynamax,"Route 228 (Poké Radar), Grotte de la Prairie, Grotte des Rochers, Caverne Ensoleillée, Caverne du Piton","Route 228 (Poké Radar), Grotte de la Prairie, Grotte des Rochers, Caverne Ensoleillée, Caverne du Piton",Incompatible,-,,
0330,Libégon,,,,,,,,Indisponible,Indisponible,Indisponible,Indisponible,Indisponible,Indisponible,Indisponible,Indisponible,Indisponible,Indisponible,Indisponible,Indisponible,Indisponible,Indisponible,Indisponible,Indisponible,Indisponible,Indisponible,Faire évoluer Vibraninf (niveau 45),Faire évoluer Vibraninf (niveau 45),Faire évoluer Vibraninf (niveau 45),Faire évoluer Vibraninf (niveau 45),,,"Lac Ouragan, Fosse des Sables, Expédition Dynamax","Lac Ouragan, Fosse des Sables, Expédition Dynamax",Faire évoluer Vibraninf (Niveau 45),Faire évoluer Vibraninf (Niveau 45),Incompatible,-,,
0331,Cacnea,,,,,,,,Route 111,Route 111,Route 111,Indisponible,Indisponible,Route 228,Route 228,Route 228,"Parc Safari (Zone Désert, avec 18 blocs sylvestres, après 20 jours)","Parc Safari (Zone Désert, avec 18 blocs sylvestres, après 20 jours)",Indisponible,Indisponible,Indisponible,Indisponible,Indisponible,Indisponible,Route 111 (Désert),Route 111 (Désert),À transférer via Banque Pokémon,À transférer via Banque Pokémon,À transférer via Banque Pokémon,À transférer via Banque Pokémon,,,Incompatible,Incompatible,"Route 228, Grotte de la Prairie, Grotte des Rochers, Grotte du Marécage, Caverne Ensoleillée, Caverne du Piton, Caverne du Marais Sans Fond","Route 228, Grotte de la Prairie, Grotte des Rochers, Grotte du Marécage, Caverne Ensoleillée, Caverne du Piton, Caverne du Marais Sans Fond",Incompatible,,,
0332,Cacturne,Mâle,,,,,,,Indisponible,Indisponible,Indisponible,Indisponible,Indisponible,Route 228,Route 228,Route 228,"Parc Safari (Zone Désert, avec 21 blocs aquatiques, après 40 jours)","Parc Safari (Zone Désert, avec 21 blocs aquatiques, après 40 jours)",Indisponible,Indisponible,Mont Renenvers (Troupeau),Mont Renenvers (Troupeau),"Safari des Amis Ténèbres, position 2 (2896-1716-0788)","Safari des Amis Ténèbres, position 2 (2896-1716-0788)",Indisponible,Indisponible,À transférer via Banque Pokémon,À transférer via Banque Pokémon,À transférer via Banque Pokémon,À transférer via Banque Pokémon,,,Incompatible,Incompatible,"Route 228, Grotte de la Prairie, Grotte des Rochers, Grotte du Marécage, Caverne Ensoleillée, Caverne du Piton, Caverne du Marais Sans Fond","Route 228, Grotte de la Prairie, Grotte des Rochers, Grotte du Marécage, Caverne Ensoleillée, Caverne du Piton, Caverne du Marais Sans Fond",Incompatible,,,
0332,Cacturne,Femelle,,,,,,,,,,,,Route 228,Route 228,Route 228,"Parc Safari (Zone Désert, avec 21 blocs aquatiques, après 40 jours)","Parc Safari (Zone Désert, avec 21 blocs aquatiques, après 40 jours)",Indisponible,Indisponible,Mont Renenvers (Troupeau),Mont Renenvers (Troupeau),"Safari des Amis Ténèbres, position 2 (2896-1716-0788)","Safari des Amis Ténèbres, position 2 (2896-1716-0788)",Indisponible,Indisponible,,,,,,,,,,,,,,
0333,Tylton,,,,,,,,"Route 114, Route 115","Route 114, Route 115","Route 114, Route 115",Indisponible,Indisponible,Route 211 (Poké RadarDP),Route 211 (Poké RadarDP),Route 210,Route 45 (Essaim),Route 45 (Essaim),Indisponible,Indisponible,"Route 14, Autel Abondance, Trouée Cachée (Autel Abondance)","Route 14, Autel Abondance, Trouée Cachée (Autel Abondance)",Route 21 (Horde),Route 21 (Horde),"Route 110, Route 115, Grand Envol (Hautes herbes et Horde), Pilier Céleste (Horde)","Route 110, Route 115, Grand Envol (Hautes herbes et Horde), Pilier Céleste (Horde)",Échange,Échange,Faire reproduire Altaria,Faire reproduire Altaria,,,"Plateau Beau-Gant, Plaine Granfroy, Repos du Géant, Sentier Blanche-Cime, Empreinte du Géant, Mer Banquise, Croisée Trois-Voies, Lac Poké Ball","Plateau Beau-Gant, Plaine Granfroy, Repos du Géant, Sentier Blanche-Cime, Empreinte du Géant, Mer Banquise, Croisée Trois-Voies, Lac Poké Ball","Route 211 (Partie Est) (Poké Radar), Grotte Spacieuse, Grotte des Eaux Souterraines, Grotte du Blizzard, Grotte des Stalactites, Caverne du Glacier","Route 211 (Partie Est) (Poké Radar), Grotte Spacieuse, Grotte des Eaux Souterraines, Grotte du Blizzard, Grotte des Stalactites, Caverne du Glacier",Incompatible,-,,
0334,Altaria,,,,,,,,Pilier Céleste (5ème étage),Pilier Céleste (5ème étage),Pilier Céleste (5ème étage),Indisponible,Indisponible,Indisponible,Indisponible,Indisponible,Indisponible,Indisponible,Route 14,Route 14,"Route 14, Autel Abondance, Route Victoire, Réserve Naturelle","Route 14, Autel Abondance, Route Victoire, Réserve Naturelle",Route 21,Route 21,Indisponible,Indisponible,Échange,Échange,"Ultra-Dimension, brèche rouge","Ultra-Dimension, brèche rouge",,,"Repos du Géant, Sentier Blanche-Cime, Empreinte du Géant, Mer Banquise, Lac Poké Ball, Expédition Dynamax","Repos du Géant, Sentier Blanche-Cime, Empreinte du Géant, Mer Banquise, Lac Poké Ball, Expédition Dynamax",Faire évoluer Tylton (Niveau 35),Faire évoluer Tylton (Niveau 35),Incompatible,-,,
0335,Mangriff,,,,,,,,Route 114,Indisponible,Indisponible,Indisponible,Indisponible,"Route 208, Route 210 (Insertion Rubis)","Route 208, Route 210 (Insertion Rubis)","Route 208, Route 210 (Insertion Rubis)","Parc Safari (Zone Rochers, avec 12 blocs herbeux, immédiatement*)","Parc Safari (Zone Rochers, avec 12 blocs herbeux, immédiatement*)","Route 11, Pont du Hameau","Route 11, Pont du Hameau","Route 7, Route 11, Pont du Hameau, Trouée Cachée (Routes 7 et 23)","Route 7, Route 11, Pont du Hameau, Trouée Cachée (Routes 7 et 23)",Route 8 (Hautes herbes et Horde),Route 8 (Horde),Route 114,Route 114,À transférer via Banque Pokémon,À transférer via Banque Pokémon,À transférer via Banque Pokémon,À transférer via Banque Pokémon,,,Incompatible,Incompatible,"Grotte de la Prairie, Grotte du Marécage, Grotte Éblouissante, Caverne Ensoleillée, Caverne de la Nuit ÉtoiléeDE,Caverne du Marais Sans Fond",Échange,Incompatible,-,,
0336,Séviper,,,,,,,,Indisponible,Route 114,Route 114,Indisponible,Indisponible,"Route 208, Route 210 (Insertion Saphir)","Route 208, Route 210 (Insertion Saphir)","Route 208, Route 210 (Insertion Saphir)","Parc Safari (Zone Marais, avec 18 blocs herbeux, après 10 jours)","Parc Safari (Zone Marais, avec 18 blocs herbeux, après 10 jours)","Route 11, Pont du Hameau","Route 11, Pont du Hameau","Route 7, Route 11, Pont du Hameau, Trouée Cachée (Routes 7 et 23)","Route 7, Route 11, Pont du Hameau, Trouée Cachée (Routes 7 et 23)",Route 8 (Horde),Route 8 (Hautes herbes et Horde),Route 114,Route 114,À transférer via Banque Pokémon,À transférer via Banque Pokémon,À transférer via Banque Pokémon,À transférer via Banque Pokémon,,,Incompatible,Incompatible,Échange,"Grotte de la Prairie, Grotte du Marécage, Grotte Éblouissante, Caverne Ensoleillée, Caverne de la Nuit ÉtoiléePS,Caverne du Marais Sans Fond",Incompatible,-,,
0337,Séléroc,,,,,,,,Indisponible,Site Météore (Grotte),Indisponible,Indisponible,Indisponible,"Lac Courage, Lac Savoir, Lac Vérité, Mont Couronné, Source Adieu, Grotte Retour (Insertion Saphir)","Lac Courage, Lac Savoir, Lac Vérité, Mont Couronné, Source Adieu, Grotte Retour (Insertion Saphir)","Lac Courage, Lac Savoir, Lac Vérité, Mont Couronné, Source Adieu, Grotte Retour (Insertion Saphir)","Parc Safari (Zone Montagne, avec 15 blocs rocheux, immédiatement)","Parc Safari (Zone Montagne, avec 15 blocs rocheux, immédiatement)","Route 13, Grotte Cyclopéenne","Route 13, Grotte Cyclopéenne","Route 13, Route 22, Grotte Cyclopéenne","Route 13, Route 22, Grotte Cyclopéenne",Grotte Étincelante,Grotte Étincelante,Indisponible,Site Météore (Marche et Surf),À transférer via Banque Pokémon,À transférer via Banque Pokémon,À transférer via Banque Pokémon,À transférer via Banque Pokémon,,,Échange,"Route 8, Coiffe du Géant",Échange,"Grotte Éblouissante, Grotte de la Rivière, Caverne du Miroir d'Eau, Caverne de la Nuit Étoilée",Incompatible,,,
0338,Solaroc,,,,,,,,Site Météore (Grotte),Indisponible,Site Météore (Grotte),Indisponible,Indisponible,"Lac Courage, Lac Savoir, Lac Vérité, Mont Couronné, Source Adieu, Grotte Retour (Insertion Rubis)","Lac Courage, Lac Savoir, Lac Vérité, Mont Couronné, Source Adieu, Grotte Retour (Insertion Rubis)","Lac Courage, Lac Savoir, Lac Vérité, Mont Couronné, Source Adieu, Grotte Retour (Insertion Rubis)","Parc Safari (Zone Terre Aride, avec 21 blocs rocheux, après 30 jours)","Parc Safari (Zone Terre Aride, avec 21 blocs rocheux, après 30 jours)","Route 13, Grotte Cyclopéenne","Route 13, Grotte Cyclopéenne","Route 13, Route 22, Grotte Cyclopéenne","Route 13, Route 22, Grotte Cyclopéenne",Grotte Étincelante,Grotte Étincelante,Site Météore (Marche et Surf),Indisponible,À transférer via Banque Pokémon,À transférer via Banque Pokémon,À transférer via Banque Pokémon,À transférer via Banque Pokémon,,,"Route 8, Coiffe du Géant",Échange,"Grotte Éblouissante, Grotte de la Rivière, Caverne du Miroir d'Eau, Caverne de la Nuit Étoilée",Échange,Incompatible,,,
0339,Barloche,,,,,,,,"Route 111, Route 114, Route 120, Site Météore, Route Victoire (Super Canne et Méga Canne)","Route 111, Route 114, Route 120, Site Météore, Route Victoire (Super Canne et Méga Canne)","Route 111, Route 114, Route 120, Site Météore, Route Victoire (Super Canne et Méga Canne)",Indisponible,Indisponible,"Route 205, Route 208, Route 210, Route 212, Route 227, Route 228, Célestia, Chemin Rocheux, Entrée Charbourg, Grand Marais, Mont Couronné, Vestigion (Super Canne)","Route 205, Route 208, Route 210, Route 212, Route 227, Route 228, Célestia, Chemin Rocheux, Entrée Charbourg, Grand Marais, Mont Couronné, Vestigion (Super Canne)","Route 205, Route 210, Route 225, Route 227, Route 228, Chemin Rocheux, Entrée Charbourg, Grand Marais, Mont Couronné, Vestigion (Super Canne)","Parc Safari (Zone Marais, avec 4 blocs aquatiques, immédiatement, Méga Canne)","Parc Safari (Zone Marais, avec 4 blocs aquatiques, immédiatement, Méga Canne)","Route 8, Flocombe, Tourbière Flocombe (Pêche)","Route 8, Flocombe, Tourbière Flocombe (Pêche)","Route 8, Flocombe, Tourbière Flocombe (Pêche)","Route 8, Flocombe, Tourbière Flocombe (Pêche)","Route 14, Route 19 (Super Canne)","Route 14, Route 19 (Super Canne)","Route 111, Route 114, Route 120, Site Météore, Grotte Zénith, Route Victoire (Premier étage) (Super Canne et Méga Canne)","Route 111, Route 114, Route 120, Site Météore, Grotte Zénith, Route Victoire (Premier étage) (Super Canne et Méga Canne)","Grotte Verlamer, Ohana, Jardin de Poni, Chemin du Défi Grand Canyon de Poni, (Canne à Pêche)","Grotte Verlamer, Ohana, Jardin de Poni, Chemin du Défi Grand Canyon de Poni, (Canne à Pêche)","Grotte Verlamer, Ohana, Jardin de Poni, Chemin du Défi Grand Canyon de Poni, (Canne à Pêche)","Grotte Verlamer, Ohana, Jardin de Poni, Chemin du Défi Grand Canyon de Poni, (Canne à Pêche)",,,"Plaine Rocheuse, Lac Milobellus Nord, Lac Milobellus Sud, Plaine Rocheuse, Grotte du Pugilat, Cavernes Gronde-Mer, Repos du Géant, Empreinte du Géant Canne à Pêche : Motorby, Mine de Galar n° 2, Forêt de Sleepwood, Lac Milobellus Nord, Lac Milobellus Sud, Lande Boldair, Repos du Géant, Empreinte du Géant, Lac Poké Ball","Plaine Rocheuse, Lac Milobellus Nord, Lac Milobellus Sud, Plaine Rocheuse, Grotte du Pugilat, Cavernes Gronde-Mer, Repos du Géant, Empreinte du Géant Canne à Pêche : Motorby, Mine de Galar n° 2, Forêt de Sleepwood, Lac Milobellus Nord, Lac Milobellus Sud, Lande Boldair, Repos du Géant, Empreinte du Géant, Lac Poké Ball","Surf : Grotte des Eaux Souterraines, Grotte du Marécage, Grotte de la Rivière, Caverne du Miroir d'Eau, Caverne du Marais Sans Fond, Super Canne : Route 205, Route 208, Route 210, Route 212, Route 227, Route 228, Célestia, Chemin Rocheux, Entrée Charbourg, Grand Marais, Mont Couronné, Vestigion","Surf : Grotte des Eaux Souterraines, Grotte du Marécage, Grotte de la Rivière, Caverne du Miroir d'Eau, Caverne du Marais Sans Fond, Super Canne : Route 205, Route 208, Route 210, Route 212, Route 227, Route 228, Célestia, Chemin Rocheux, Entrée Charbourg, Grand Marais, Mont Couronné, Vestigion",??,-,,
0340,Barbicha,,,,,,,,"Site Météore, Route Victoire (Méga Canne)","Site Météore, Route Victoire (Méga Canne)","Site Météore, Route Victoire (Méga Canne)",Indisponible,Indisponible,"Route 205, Route 208, Route 210, Route 212, Route 227, Route 228, Célestia, Chemin Rocheux, Entrée Charbourg, Grand Marais, Mont Couronné, Vestigion (Méga Canne et parfois Super Canne)","Route 205, Route 208, Route 210, Route 212, Route 227, Route 228, Célestia, Chemin Rocheux, Entrée Charbourg, Grand Marais, Mont Couronné, Vestigion (Méga Canne et parfois Super Canne)","Route 205, Route 210, Route 225, Route 227, Route 228, Chemin Rocheux, Entrée Charbourg, Grand Marais, Mont Couronné, Vestigion (Méga Canne et parfois Super Canne)","Mauville (Pêche, Essaim)","Mauville (Pêche, Essaim)","Route 8, Flocombe, Tourbière Flocombe (Pêche tourbillon)","Route 8, Flocombe, Tourbière Flocombe (Pêche tourbillon)","Route 8, Flocombe, Tourbière Flocombe (Pêche tourbillon)","Route 8, Flocombe, Tourbière Flocombe (Pêche tourbillon)","Route 14, Route 19 (Méga Canne)","Route 14, Route 19 (Méga Canne)","Site Météore (Fond du Rez-de-Chaussée, Sous-Sol 1 et Chambre interne, Méga Canne)","Site Météore (Fond du Rez-de-Chaussée, Sous-Sol 1 et Chambre interne, Méga Canne)",Intrusion* (Barloche*),Intrusion* (Barloche*),Intrusion* (Barloche*),Intrusion* (Barloche*),,,"Lac Milobellus Nord, Lac Milobellus Sud, Repos du Géant, Lac Poké Ball Canne à Pêche : Forêt de Sleepwood, Lande Boldair, Repos du Géant, Empreinte du Géant, Lac Poké Ball, Expédition Dynamax","Lac Milobellus Nord, Lac Milobellus Sud, Repos du Géant, Lac Poké Ball Canne à Pêche : Forêt de Sleepwood, Lande Boldair, Repos du Géant, Empreinte du Géant, Lac Poké Ball, Expédition Dynamax","Surf : Grotte des Eaux Souterraines, Grotte du Marécage, Grotte de la Rivière, Caverne du Miroir d'Eau, Caverne du Marais Sans Fond, Méga Canne : Route 205, Route 208, Route 210, Route 212, Route 227, Route 228, Célestia, Chemin Rocheux, Entrée Charbourg, Grand Marais, Mont Couronné, Vestigion","Surf : Grotte des Eaux Souterraines, Grotte du Marécage, Grotte de la Rivière, Caverne du Miroir d'Eau, Caverne du Marais Sans Fond, Méga Canne : Route 205, Route 208, Route 210, Route 212, Route 227, Route 228, Célestia, Chemin Rocheux, Entrée Charbourg, Grand Marais, Mont Couronné, Vestigion",??,-,,
0341,Écrapince,,,,,,,,"Route 102, Route 117, Clémenti-Ville (Super Canne et Méga Canne)","Route 102, Route 117, Clémenti-Ville (Super Canne et Méga Canne)","Route 102, Route 117, Clémenti-Ville (Super Canne et Méga Canne)",Indisponible,Indisponible,Célestia (Méga Canne),Célestia (Méga Canne),Célestia (Méga Canne),"Parc Safari (Zone Terre Humide, avec 10 blocs aquatiques, immédiatement, Super Canne)","Parc Safari (Zone Terre Humide, avec 10 blocs aquatiques, immédiatement, Super Canne)",Indisponible,"Forêt Blanche (avec Calvin, Carlos, Gurvan ou Gabrielle dans la forêt)","Route 3, Ogoesse (Surf)","Route 3, Ogoesse (Surf)","Route 3, Palais Chaydeuvre (Super Canne)","Route 3, Palais Chaydeuvre (Super Canne)","Route 102, Route 117, Route 123, Clémenti-Ville (Super Canne* et Méga Canne*)","Route 102, Route 117, Route 123, Clémenti-Ville (Super Canne* et Méga Canne*)",Échange,Échange,Grand Canyon de Poni (Canne à Pêche*),Grand Canyon de Poni (Canne à Pêche*),,,"Lac Milobellus Sud, Lande Boldair, Plage de l'Épreuve, Forêt Flexion, Plaine des Efforts Canne à Pêche : Mine de Galar n° 2, Coiffe du Géant","Lac Milobellus Sud, Lande Boldair, Plage de l'Épreuve, Forêt Flexion, Plaine des Efforts Canne à Pêche : Mine de Galar n° 2, Coiffe du Géant","Grotte Spacieuse, Grotte des Eaux Souterraines, Grotte de la Rivière, Caverne du Miroir d'Eau Méga Canne : Célestia","Grotte Spacieuse, Grotte des Eaux Souterraines, Grotte de la Rivière, Caverne du Miroir d'Eau Méga Canne : Célestia",Incompatible,-,,
0342,Colhomard,,,,,,,,Indisponible,Indisponible,Indisponible,Indisponible,Indisponible,Célestia (Méga Canne),Célestia (Méga Canne),Célestia (Méga Canne),Indisponible,Indisponible,Indisponible,Indisponible,"Route 3, Ogoesse (Surf tourbillon)","Route 3, Ogoesse (Surf tourbillon)","Route 3, Palais Chaydeuvre (Méga Canne)","Route 3, Palais Chaydeuvre (Méga Canne)","Route 117, Route 123 (Méga Canne)","Route 117, Route 123 (Méga Canne)",Échange,Échange,Intrusion* (Écrapince*),Intrusion* (Écrapince*),,,"Œil du Lac, Siège du Géant, Lac Milobellus Sud, Forêt Flexion, Plage de l'Épreuve, Plaine des Efforts, Expédition Dynamax","Œil du Lac, Siège du Géant, Lac Milobellus Sud, Forêt Flexion, Plage de l'Épreuve, Plaine des Efforts, Expédition Dynamax","Grotte Spacieuse, Grotte des Eaux Souterraines, Grotte de la Rivière, Caverne du Miroir d'Eau Méga Canne : Célestia","Grotte Spacieuse, Grotte des Eaux Souterraines, Grotte de la Rivière, Caverne du Miroir d'Eau Méga Canne : Célestia",Incompatible,-,,
0343,Balbuto,,,,,,,,Route 111,Route 111,Route 111,Indisponible,Indisponible,Route 206 (Poké Radar),Route 206 (Poké Radar),Route 206 (Poké Radar),Route 3 (Essaim),Indisponible,Indisponible,Indisponible,Château Enfoui (salle du fond),Château Enfoui (salle du fond),Indisponible,Indisponible,Route 111 (Désert),Route 111 (Désert),Échange,Échange,,Désert Haina : Intrusion* (Par n'importe quel Pokémon),,,"Plaine Verdoyante, Bois de Clairjour, Lac Coupenotte Ouest, Lac Coupenotte Est, Œil du Lac, Lac Milobellus Nord, Lac Milobellus Sud, Prairie Entre-Ponts, Plaine Rocheuse, Coiffe du Géant, Plateau de Kickenham","Plaine Verdoyante, Bois de Clairjour, Lac Coupenotte Ouest, Lac Coupenotte Est, Œil du Lac, Lac Milobellus Nord, Lac Milobellus Sud, Prairie Entre-Ponts, Plaine Rocheuse, Coiffe du Géant, Plateau de Kickenham","Route 206 (Poké Radar), Grotte des Rochers, Grotte Éblouissante, Caverne du Piton, Caverne de la Nuit Étoilée","Route 206 (Poké Radar), Grotte des Rochers, Grotte Éblouissante, Caverne du Piton, Caverne de la Nuit Étoilée",Incompatible,,,
0344,Kaorine,,,,,,,,Pilier Céleste,Pilier Céleste,Pilier Céleste,Indisponible,Indisponible,Indisponible,Indisponible,Indisponible,Indisponible,Indisponible,Château Enfoui (salle du fond),Château Enfoui (salle du fond),Indisponible,Indisponible,Indisponible,Indisponible,Pilier Céleste,Pilier Céleste,Échange,Échange,,Faire évoluer Balbuto (niveau 36),,,"Œil du Lac, Lac Ouragan, Prairie Entre-Ponts, Bois de Clairjour, Fosse des Sables, Plaine Rocheuse, Empreinte du Géant, Croisée Trois-Voies, Expédition Dynamax","Œil du Lac, Lac Ouragan, Prairie Entre-Ponts, Bois de Clairjour, Fosse des Sables, Plaine Rocheuse, Empreinte du Géant, Croisée Trois-Voies, Expédition Dynamax",Faire évoluer Balbuto (Niveau 36),Faire évoluer Balbuto (Niveau 36),Incompatible,,,
0345,Lilia,,,,,,,,Réanimer le Fossile Racine à Mérouville ,Réanimer le Fossile Racine à Mérouville ,Réanimer le Fossile Racine à Mérouville ,Indisponible,Indisponible,Réanimer le Fossile Racine au Musée Minier de Charbourg (trouvable dans le Souterrain de Sinnoh),Réanimer le Fossile Racine au Musée Minier de Charbourg (trouvable dans le Souterrain de Sinnoh),Réanimer le Fossile Racine au Musée Minier de Charbourg (trouvable dans le Souterrain de Sinnoh),Réanimer le Fossile Racine au Musée des Sciences d'Argenta (trouvable dans la Grotte FalaiseSS),Indisponible,Réanimer le Fossile Racine au Musée de Maillard (donné par un ouvrier au Mont Foré),Réanimer le Fossile Racine au Musée de Maillard (donné par un ouvrier au Mont Foré),Réanimer le Fossile Racine au Musée de Maillard (donné par un ouvrier au Mont Foré),Réanimer le Fossile Racine au Musée de Maillard (donné par un ouvrier au Mont Foré),Réanimer le Fossile Racine au Bureau d'Étude des Fossiles à Roche-sur-Gliffe (Fossile trouvé avec Éclate-Roc dans la Grotte ÉtincelanteX),Indisponible,"Réanimer le Fossile Racine à la Devon, à Mérouville (Fossile trouvé dans le désert de la Route 111, choix entre lui et le Fossile Griffe)","Réanimer le Fossile Racine à la Devon, à Mérouville (Fossile trouvé dans le désert de la Route 111, choix entre lui et le Fossile Griffe)",Échange,Échange,"Trouver le Fossile Racine, via le Poké Loisir, Îlot Farfouille","Acheter le Fossile Racine à la boutique d'Alyxia à Konikoni, Trouver le Fossile Racine, via le Poké Loisir, Îlot Farfouille",,,"Canne à Pêche : Repos du Géant, Empreinte du Géant","Canne à Pêche : Repos du Géant, Empreinte du Géant",Réanimer le Fossile Racine au Musée Minier de Charbourg,Réanimer le Fossile Racine au Musée Minier de Charbourg,Incompatible,,,
0346,Vacilys,,,,,,,,Indisponible,Indisponible,Indisponible,Indisponible,Indisponible,Indisponible,Indisponible,Indisponible,Indisponible,Indisponible,Indisponible,Indisponible,Indisponible,Indisponible,Indisponible,Indisponible,Indisponible,Indisponible,Échange,Échange,Faire évoluer Lilia (niveau 40),Faire évoluer Lilia (niveau 40),,,Expédition Dynamax,Expédition Dynamax,"Faire évoluer Lilia, (niveau 40)","Faire évoluer Lilia, (niveau 40)",Incompatible,,,
0347,Anorith,,,,,,,,Réanimer le Fossile Griffe à Mérouville ,Réanimer le Fossile Griffe à Mérouville ,Réanimer le Fossile Griffe à Mérouville ,Indisponible,Indisponible,Réanimer le Fossile Griffe au Musée Minier de Charbourg (trouvable dans le Souterrain de Sinnoh),Réanimer le Fossile Griffe au Musée Minier de Charbourg (trouvable dans le Souterrain de Sinnoh),Réanimer le Fossile Griffe au Musée Minier de Charbourg (trouvable dans le Souterrain de Sinnoh),Indisponible,Réanimer le Fossile Griffe au Musée des Sciences d'Argenta (trouvable dans la Grotte FalaiseHG),Réanimer le Fossile Racine au Musée de Maillard (donné par un ouvrier au Mont Foré),Réanimer le Fossile Racine au Musée de Maillard (donné par un ouvrier au Mont Foré),Réanimer le Fossile Racine au Musée de Maillard (donné par un ouvrier au Mont Foré),Réanimer le Fossile Racine au Musée de Maillard (donné par un ouvrier au Mont Foré),Réanimer le Fossile Racine au Bureau d'Étude des Fossiles à Roche-sur-Gliffe (Fossile trouvé avec Éclate-Roc dans la Grotte ÉtincelanteX),Indisponible,"Réanimer le Fossile Racine à la Devon, à Mérouville (Fossile trouvé dans le désert de la Route 111, choix entre lui et le Fossile Racine)","Réanimer le Fossile Racine à la Devon, à Mérouville (Fossile trouvé dans le désert de la Route 111, choix entre lui et le Fossile Racine)",Échange,Échange,"Acheter le Fossile Griffe à la boutique d'Alyxia à Konikoni, Trouver le Fossile Griffe, via le Poké Loisir, Îlot Farfouille","Trouver le Fossile Griffe, via le Poké Loisir, Îlot Farfouille",,,Lac Poké Ball,Lac Poké Ball,Réanimer le Fossile Griffe au Musée Minier de Charbourg,Réanimer le Fossile Griffe au Musée Minier de Charbourg,Incompatible,,,
0348,Armaldo,,,,,,,,Indisponible,Indisponible,Indisponible,Indisponible,Indisponible,Indisponible,Indisponible,Indisponible,Indisponible,Indisponible,Indisponible,Indisponible,Indisponible,Indisponible,Indisponible,Indisponible,Indisponible,Indisponible,Échange,Échange,Faire évoluer Anorith (niveau 40),Faire évoluer Anorith (niveau 40),,,"Lac Poké Ball, Expédition Dynamax","Lac Poké Ball, Expédition Dynamax","Faire évoluer Anorith, (niveau 40)","Faire évoluer Anorith, (niveau 40)",Incompatible,,,
0349,Barpau,,,,,,,,"Route 119, uniquement sur 6 cases de la route entière","Route 119, uniquement sur 6 cases de la route entière","Route 119, uniquement sur 6 cases de la route entière",Indisponible,Indisponible,"Mont Couronné (Sous-Sol, Pêche sur 4 cases du lac entier qui changent tous les jours)","Mont Couronné (Sous-Sol, Pêche sur 4 cases du lac entier qui changent tous les jours)","Mont Couronné (Sous-Sol, Pêche sur 4 cases du lac entier qui changent tous les jours)",Pokéwalker (Grotte Calme),Pokéwalker (Grotte Calme),"Route 1 (Pêche, Pêche Tourbillon)","Route 1 (Pêche, Pêche Tourbillon)","Route 1 (Pêche, Pêche Tourbillon)","Route 1 (Pêche, Pêche Tourbillon)",Indisponible,Indisponible,"Route 119 (Canne, Super Canne et Méga Canne)","Route 119 (Canne, Super Canne et Méga Canne)",Colline Clapotis (Canne à Pêche*),Colline Clapotis (Canne à Pêche*),Colline Clapotis (Canne à Pêche*),Colline Clapotis (Canne à Pêche*),,,"Canne à Pêche : Route 2, Lac Poké Ball","Canne à Pêche : Route 2, Lac Poké Ball","Pêche : Mont Couronné (Sous-Sol, sur 4 cases du lac entier qui changent tous les jours)","Pêche : Mont Couronné (Sous-Sol, sur 4 cases du lac entier qui changent tous les jours)",Incompatible,-,,
0350,Milobellus,Mâle,,,,,,,Indisponible,Indisponible,Indisponible,Indisponible,Indisponible,Indisponible,Indisponible,Indisponible,Indisponible,Indisponible,Route 1 (Pêche tourbillon),Route 1 (Pêche tourbillon),Route 1 (Pêche tourbillon),Route 1 (Pêche tourbillon),Indisponible,Indisponible,Indisponible,Indisponible,Faire évoluer Barpau par échange en tenant une Bel'Écaille,Faire évoluer Barpau par échange en tenant une Bel'Écaille,Faire évoluer Barpau par échange en tenant une Bel'Écaille,Faire évoluer Barpau par échange en tenant une Bel'Écaille,,,"Lac Ouragan, Lac Milobellus Sud, Repos du Géant","Lac Ouragan, Lac Milobellus Sud, Repos du Géant",Faire évoluer Barpau (Niveau de Beauté supérieur ou égal à 170 + gagner un niveau ou Échange en tenant l'objet Bel'Écaille),Faire évoluer Barpau (Niveau de Beauté supérieur ou égal à 170 + gagner un niveau ou Échange en tenant l'objet Bel'Écaille),Incompatible,,,
0350,Milobellus,Femelle,,,,,,,,,,,,Indisponible,Indisponible,Indisponible,Indisponible,Indisponible,Route 1 (Pêche tourbillon),Route 1 (Pêche tourbillon),Route 1 (Pêche tourbillon),Route 1 (Pêche tourbillon),Indisponible,Indisponible,Indisponible,Indisponible,,,,,,,,,,,,,,
0351,Morphéo,,,,,,,,Donné au Centre Météo,Donné au Centre Météo,Donné au Centre Météo,Indisponible,Indisponible,Manoir Pokémon (occasionnel),Manoir Pokémon (occasionnel),Manoir Pokémon (occasionnel),Pokéwalker (Sylvania),Pokéwalker (Sylvania),Indisponible,Indisponible,Route 6 (Herbes mouvantes),Route 6 (Herbes mouvantes),Indisponible,Indisponible,Donné au Centre Météo,Donné au Centre Météo,"Intrusion* sous Pluie, Grêle et Tempête de sable (Route 17, Village Toko, Jungle Sombrefeuille, Parc de Malié*, Désert Haina, Île Noadkoko, Mont Lanakila)","Intrusion* sous Pluie, Grêle et Tempête de sable (Route 17, Village Toko, Jungle Sombrefeuille, Parc de Malié*, Désert Haina, Île Noadkoko, Mont Lanakila)","Intrusion* sous Pluie, Grêle et Tempête de sable (Route 17, Village Toko, Jungle Sombrefeuille, Parc de Malié*, Désert Haina, Île Noadkoko, Mont Lanakila)","Intrusion* sous Pluie, Grêle et Tempête de sable (Route 17, Village Toko, Jungle Sombrefeuille, Parc de Malié*, Désert Haina, Île Noadkoko, Mont Lanakila)",,,Incompatible,Incompatible,Jardin Trophée (Après obtention du Pokédex National),Jardin Trophée (Après obtention du Pokédex National),Incompatible,,,
0352,Kecleon,,,,,,,,"Route 118, Route 119, Route 120, Route 121, Route 123, Cimetronelle et Route 120 (avec le Devon Scope)","Route 118, Route 119, Route 120, Route 121, Route 123, Cimetronelle et Route 120 (avec le Devon Scope)","Route 118, Route 119, Route 120, Route 121, Route 123, Cimetronelle et Route 120 (avec le Devon Scope)",Indisponible,Indisponible,Route 210 (Poké Radar),Indisponible,Grand Marais (occasionnel),Pokéwalker (Sylvania),Pokéwalker (Sylvania),Indisponible,Indisponible,Réserve Naturelle,Réserve Naturelle,Route 6,Route 6,"Route 118, Route 120, Route 121, Route 123 (Hautes herbes et Horde), Route 119, Route 120, Vermilava, Cimetronelle, Algatia (fixes, nécessite le Devon Scope), Route 119 (Hautes Herbes)","Route 118, Route 120, Route 121, Route 123 (Hautes herbes et Horde), Route 119, Route 120, Vermilava, Cimetronelle, Algatia (fixes, nécessite le Devon Scope), Route 119 (Hautes Herbes)",Échange,Échange,Tunnel Perce-Mont (ombre sur la route),Tunnel Perce-Mont (ombre sur la route),,,Incompatible,Incompatible,"Route 210 (Poké Radar), Grotte de la Prairie, Grotte de la Rivière, Caverne du Miroir d'Eau, Caverne Ensoleillée",,Incompatible,,,
0353,Polichombr,,,,,,,,Mont Mémoria,"Mont Mémoria, Route 121, Route 123","Mont Mémoria, Route 121, Route 123",Indisponible,Indisponible,Indisponible,Indisponible,Indisponible,"Parc Safari (Zone Bois, avec 18 blocs sylvestres, après 20 jours)","Parc Safari (Zone Bois, avec 18 blocs sylvestres, après 20 jours)",Route 13 (Troupeau),Route 13 (Troupeau),Indisponible,Indisponible,"Safari des Amis Spectre, position 1","Safari des Amis Spectre, position 1","Route 121, Route 123, Mont Mémoria (Hautes herbes et Horde)","Route 121, Route 123, Mont Mémoria (Hautes herbes et Horde)",Échange,Échange,Ancien site Bradley Prix,Ancien site Bradley Prix,,,Incompatible,Incompatible,Faire reproduire Branette,Faire reproduire Branette,Incompatible,,,
0354,Branette,,,,,,,,Indisponible,Pilier Céleste,Pilier Céleste,Indisponible,Indisponible,"Route 225, Chenal 226, Route 227, Mont Abrupt (Nuit)","Route 225, Chenal 226, Route 227, Mont Abrupt (Nuit)","Route 225, Chenal 226","Parc Safari (Zone Marais, avec 25 blocs rocheux, après 30 jours)","Parc Safari (Zone Marais, avec 25 blocs rocheux, après 30 jours)",Indisponible,Indisponible,"Manoir de l'Étrange, Route Victoire","Manoir de l'Étrange, Route Victoire","Village Pokémon (Poubelles, le jeudi)","Village Pokémon (Poubelles, le jeudi)",Indisponible,Indisponible,Échange,Échange,Faire évoluer Polichombr (niveau 37),Faire évoluer Polichombr (niveau 37),,,Incompatible,Incompatible,"Route 225 (Nuit), Chenal 226 (Nuit), Route 227 (Nuit), Mont Abrupt (Nuit), Grotte Éblouissante, Caverne de la Nuit Étoilée","Route 225 (Nuit), Chenal 226 (Nuit), Route 227 (Nuit), Mont Abrupt (Nuit), Grotte Éblouissante, Caverne de la Nuit Étoilée",Incompatible,,,
0355,Skelénox,,,,,,,,"Mont Mémoria, Route 121, Route 123",Mont Mémoria,Mont Mémoria,Indisponible,Indisponible,"Route 224, Grotte RetourPt (Poké Radar, NuitPt)","Route 224, Grotte RetourPt (Poké Radar, NuitPt)","Route 209, Tour Perdue, NuitPt)","Parc Safari (Zone Bois et Lac, avec 28 blocs rocheux, après 40 jours)","Parc Safari (Zone Bois et Lac, avec 28 blocs rocheux, après 40 jours)",Indisponible,Indisponible,Indisponible,Indisponible,Indisponible,Indisponible,Mont Mémoria (Intérieur),Mont Mémoria (Intérieur),À transférer via Banque Pokémon,À transférer via Banque Pokémon,À transférer via Banque Pokémon,À transférer via Banque Pokémon,,,"Route 6, Tour en ruines, Siège du Géant, Miroir du Géant, Coiffe du Géant, Berges de Motorby, Fosse des Sables","Route 6, Tour en ruines, Siège du Géant, Miroir du Géant, Coiffe du Géant, Berges de Motorby, Fosse des Sables","Route 224 (Poké Radar), Grotte Éblouissante, Caverne de la Nuit Étoilée","Route 224 (Poké Radar), Grotte Éblouissante, Caverne de la Nuit Étoilée",??,-,,
0356,Téraclope,,,,,,,,Pilier Céleste,Indisponible,Indisponible,Indisponible,Indisponible,Route 224,Route 224,"Source Adieu, Grotte Retour (Poké RadarDP)","Parc Safari (Zone Montagne, avec 18 blocs sylvestres, après 20 jours)","Parc Safari (Zone Montagne, avec 18 blocs sylvestres, après 20 jours)",Indisponible,Indisponible,Indisponible,Indisponible,Indisponible,Indisponible,Indisponible,Indisponible,À transférer via Banque Pokémon,À transférer via Banque Pokémon,À transférer via Banque Pokémon,À transférer via Banque Pokémon,,,"Route 6, Tour en ruines, Siège du Géant, Expédition Dynamax","Route 6, Tour en ruines, Siège du Géant, Expédition Dynamax","Route 224 (Poké Radar), Grotte Éblouissante, Caverne de la Nuit Étoilée","Route 224 (Poké Radar), Grotte Éblouissante, Caverne de la Nuit Étoilée",??,-,,
0357,Tropius,,,,,,,,Route 119,Route 119,Route 119,Indisponible,Indisponible,Indisponible,Indisponible,Grand Marais (occasionnel),Pokéwalker (Grande Forêt),Pokéwalker (Grande Forêt),Route 14,Route 14,Route 18,Route 18,Indisponible,Indisponible,"Route 119, Route 120","Route 119, Route 120",Échange,Échange,Île Noadkoko,Île Noadkoko,,,Incompatible,Incompatible,"Grotte de la Prairie, Grotte du Marécage, Caverne Ensoleillée, Caverne du Marais Sans Fond","Grotte de la Prairie, Grotte du Marécage, Caverne Ensoleillée, Caverne du Marais Sans Fond",Incompatible,,,
0358,Éoko,,,,,,,,Mont Mémoria (Sommet Nord),Mont Mémoria (Sommet Nord),Mont Mémoria (Sommet Nord),Indisponible,Indisponible,"Mont Couronné, Source Adieu","Mont Couronné, Source Adieu","Mont Couronné, Grotte Retour","Parc Safari (Zone Bois et Lac, avec 15 blocs sylvestres, immédiatement)","Parc Safari (Zone Bois et Lac, avec 15 blocs sylvestres, immédiatement)",Autel Abondance,Autel Abondance,Indisponible,Indisponible,Indisponible,Indisponible,Mont Mémoria (Sommet),Mont Mémoria (Sommet),À transférer via Banque Pokémon,À transférer via Banque Pokémon,À transférer via Banque Pokémon,À transférer via Banque Pokémon,,,Incompatible,Incompatible,"Mont Couronné, Source Adieu","Mont Couronné, Source Adieu",??,-,,
0359,Absol,,,,,,,,Route 120,Route 120,Route 120,Indisponible,Indisponible,Route 213 (Essaim),Route 213 (Essaim),Mont Couronné (Extérieur),"Puits Ramoloss, Caves Jumelles, Grotte Argentée, Antre Noir, Tourb'Îles, Route de Glace, Grotte Falaise, Cave Taupiqueur, Mont Sélénite, Caverne Azurée, Grotte, Îles Écume, Route Victoire, Chutes Tohjo (Son Hoenn, le Mercredi)","Puits Ramoloss, Caves Jumelles, Grotte Argentée, Antre Noir, Tourb'Îles, Route de Glace, Grotte Falaise, Cave Taupiqueur, Mont Sélénite, Caverne Azurée, Grotte, Îles Écume, Route Victoire, Chutes Tohjo (Son Hoenn, le Mercredi)","Route 13, Grotte Cyclopéenne*","Route 13, Grotte Cyclopéenne*","Route 13, Route 14, Trouée Cachée (Route 23*)","Route 13, Route 14, Trouée Cachée (Route 23*)",Route 8,Route 8,Route 120,Route 120,"Village Toko, Mont Lanakila","Village Toko, Mont Lanakila","Village Toko, Mont Lanakila","Village Toko, Mont Lanakila",,,"Repos du Géant, Cimetière Ancien, Pente Enneigée, Sentier Blanche-Cime, Empreinte du Géant, Mer Banquise, Croisée Trois-Voies, Plaine Granfroy, Expédition Dynamax","Repos du Géant, Cimetière Ancien, Pente Enneigée, Sentier Blanche-Cime, Empreinte du Géant, Mer Banquise, Croisée Trois-Voies, Plaine Granfroy, Expédition Dynamax","Route 213 (troupeau), Grotte Spacieuse, Grotte de la Prairie, Grotte Éblouissante, Caverne Ensoleillée, Caverne du Piton, Caverne de la Nuit Étoilée","Route 213 (troupeau), Grotte Spacieuse, Grotte de la Prairie, Grotte Éblouissante, Caverne Ensoleillée, Caverne du Piton, Caverne de la Nuit Étoilée",Incompatible,,,
0360,Okéoké,,,,,,,,"Île Mirage, Œuf donné à Vermilava","Île Mirage, Œuf donné à Vermilava","Île Mirage, Œuf donné à Vermilava",Indisponible,Indisponible,Indisponible,Indisponible,Indisponible,Indisponible,Indisponible,Route 2 (Troupeau),Route 2 (Troupeau),Indisponible,Indisponible,Indisponible,Indisponible,Œuf donné à Vermilava,Œuf donné à Vermilava,À transférer via Banque Pokémon,À transférer via Banque Pokémon,À transférer via Banque Pokémon,À transférer via Banque Pokémon,,,Faire reproduire Qulbutoké en tenant un Encens Doux,Faire reproduire Qulbutoké en tenant un Encens Doux,Faire reproduire Qulbutoké en tenant un Encens Doux,Faire reproduire Qulbutoké en tenant un Encens Doux,Incompatible,,,
0361,Stalgamin,,,,,,,,Grotte Tréfonds (Étage gelé),Grotte Tréfonds (Étage gelé),Grotte Tréfonds (Étage gelé),Indisponible,Indisponible,"Route 216, Route 217, Rive Lac Savoir, Lac SavoirPt (Poké Radar, NuitPt)","Route 216, Route 217, Rive Lac Savoir, Lac SavoirPt (Poké Radar, NuitPt)","Route 216, Route 217, Rive Lac Savoir, NuitPt)",Pokéwalker (Pente Glaciale),Pokéwalker (Pente Glaciale),Indisponible,Indisponible,Indisponible,Indisponible,"Safari des Amis Glace, position 1 (2509-8496-8179)","Safari des Amis Glace, position 1 (2509-8496-8179)",Grotte Tréfonds (marée basse),Grotte Tréfonds (marée basse),"Village Toko, Mont Lanakila","Village Toko, Mont Lanakila","Village Toko, Mont Lanakila","Village Toko, Mont Lanakila",,,"Route 8, Plaine Verdoyante, Bois de Clairjour, Lac Coupenotte Ouest, Lac Coupenotte Est, Tour en ruines, Lac Milobellus Nord, Lac Milobellus Sud, Siège du Géant, Coiffe du Géant, Plateau de Kickenham, Repos du Géant, Pente Enneigée, Galeries Monte-Pic, Empreinte du Géant","Route 8, Plaine Verdoyante, Bois de Clairjour, Lac Coupenotte Ouest, Lac Coupenotte Est, Tour en ruines, Lac Milobellus Nord, Lac Milobellus Sud, Siège du Géant, Coiffe du Géant, Plateau de Kickenham, Repos du Géant, Pente Enneigée, Galeries Monte-Pic, Empreinte du Géant","Route 216 (Poké Radar), Route 217 (Poké Radar), Rive Lac Savoir (Poké Radar), Grotte du Blizzard, Grotte des Stalactites, Caverne du Glacier","Route 216 (Poké Radar), Route 217 (Poké Radar), Rive Lac Savoir (Poké Radar), Grotte du Blizzard, Grotte des Stalactites, Caverne du Glacier",??,-,,
0362,Oniglali,,,,,,,,Indisponible,Indisponible,Indisponible,Indisponible,Indisponible,Indisponible,Indisponible,Indisponible,Indisponible,Indisponible,Indisponible,Indisponible,Indisponible,Indisponible,Indisponible,Indisponible,Indisponible,Indisponible,Intrusion* (Stalgamin*),Intrusion* (Stalgamin*),Mont Lanakila,Mont Lanakila,,,"Route 9, Route 10, Lac Ouragan, Coiffe du Géant, Siège du Géant, Tour en ruines, Plateau Beau-Gant, Repos du Géant, Pente Enneigée, Expédition Dynamax","Route 9, Route 10, Lac Ouragan, Coiffe du Géant, Siège du Géant, Tour en ruines, Plateau Beau-Gant, Repos du Géant, Pente Enneigée, Expédition Dynamax","Grotte du Blizzard, Grotte des Stalactites, Caverne du Glacier","Grotte du Blizzard, Grotte des Stalactites, Caverne du Glacier",??,,,
0363,Obalie,,,,,,,,Grotte Tréfonds (Marche et Surf),Grotte Tréfonds (Marche et Surf),Grotte Tréfonds (Marche et Surf),Indisponible,Indisponible,Indisponible,"Chenal 226, Chenal 230 (Surf), Reproduction de Phogleur ou Kaimorse",Reproduction de Phogleur ou Kaimorse,"Parc Safari (Zone Rochers, avec 18 blocs aquatiques, après 40 jours)","Parc Safari (Zone Rochers, avec 18 blocs aquatiques, après 40 jours)","Baie Vaguelone (Surf, Hiver seulement)","Baie Vaguelone (Surf, Hiver seulement)","Baie Vaguelone (Surf, Hiver seulement), Trouée Cachée (Route 13*)","Baie Vaguelone (Surf, Hiver seulement), Trouée Cachée (Route 13*)","Safari des Amis Glace, position 1 (0577-0299-6824)","Safari des Amis Glace, position 1 (0577-0299-6824)",Grotte Tréfonds (Marche et Horde),Grotte Tréfonds (Marche et Horde),"Scanner des Îles : Lundi, Route 7","Scanner des Îles : Lundi, Route 7","Scanner des Îles : Lundi, Route 7","Scanner des Îles : Lundi, Route 7",,,Mer Banquise,Mer Banquise,Faire reproduire Kaimorse,"Grotte du Blizzard, Grotte des Stalactites, Caverne du GlacierPS Surf : Chenal 226, Chenal 230",??,,,
0364,Phogleur,,,,,,,,Indisponible,Indisponible,Indisponible,Indisponible,Indisponible,Indisponible,"Chenal 226, Chenal 230 (Surf)",Chenal 230 (Surf),"Parc Safari (Zone Montagne, avec 17 blocs aquatiques et 7 blocs rocheux, après 80 jours)","Parc Safari (Zone Montagne, avec 17 blocs aquatiques et 7 blocs rocheux, après 80 jours)","Baie Vaguelone (Surf tourbillon, Hiver seulement)","Baie Vaguelone (Surf tourbillon, Hiver seulement)","Baie Vaguelone (Surf tourbillon, Hiver seulement)","Baie Vaguelone (Surf tourbillon, Hiver seulement)",Indisponible,Indisponible,Grotte Tréfonds,Grotte Tréfonds,Faire évoluer Obalie (niveau 32),Faire évoluer Obalie (niveau 32),Faire évoluer Obalie (niveau 32),Faire évoluer Obalie (niveau 32),,,"Mer Banquise, Expédition Dynamax","Mer Banquise, Expédition Dynamax",Faire évoluer Obalie (Niveau 32),"Grotte du Blizzard, Grotte des Stalactites, Caverne du GlacierPS Surf : Chenal 226, Chenal 230",??,,,
0365,Kaimorse,,,,,,,,Indisponible,Indisponible,Indisponible,Indisponible,Indisponible,Indisponible,Indisponible,Indisponible,Indisponible,Indisponible,"Baie Vaguelone (Surf tourbillon, Hiver seulement)","Baie Vaguelone (Surf tourbillon, Hiver seulement)","Baie Vaguelone (Surf tourbillon, Hiver seulement)","Baie Vaguelone (Surf tourbillon, Hiver seulement)",Indisponible,Indisponible,Indisponible,Indisponible,Faire évoluer Phogleur (niveau 44),Faire évoluer Phogleur (niveau 44),Faire évoluer Phogleur (niveau 44),Faire évoluer Phogleur (niveau 44),,,Mer Banquise,Mer Banquise,"Grotte du Blizzard, Grotte des Stalactites, Caverne du Glacier","Grotte du Blizzard, Grotte des Stalactites, Caverne du Glacier",??,,,
0366,Coquiperl,,,,,,,,Fond Marin,Fond Marin,Fond Marin,Indisponible,Indisponible,"Route 219, Route 221","Route 219, Route 221",Indisponible,Chenal 19 (Essaim),Chenal 19 (Essaim),Route 4 (Pêche),Route 4 (Pêche),Route 4 (Pêche),Route 4 (Pêche),Route 12 (Super Canne),Route 12 (Super Canne),Fond Marin,Fond Marin,Échange,Échange,"Route 15, Mer de Mele-Mele (Canne à Pêche*)","Route 15, Mer de Mele-Mele (Canne à Pêche*)",,,Incompatible,Incompatible,"Grotte des Eaux Souterraines, Grotte de la Rivière, Caverne du Miroir d'Eau Méga Canne : Route 219, Route 221","Grotte des Eaux Souterraines, Grotte de la Rivière, Caverne du Miroir d'Eau Méga Canne : Route 219, Route 221",Incompatible,,,
0367,Serpang,,,,,,,,Indisponible,Indisponible,Indisponible,Indisponible,Indisponible,Indisponible,Indisponible,Indisponible,Indisponible,Indisponible,"Route 4 (Pêche), Faire évoluer Coquiperl par Échange en tenant une Dent Océan",Indisponible,"Route 4 (Pêche), Faire évoluer Coquiperl par Échange en tenant une Dent Océan",Indisponible,"Route 12 (Méga Canne), Faire évoluer Coquiperl par Échange en tenant une Dent Océan",Indisponible,Indisponible,Indisponible,Échange,Échange,La nuit : Intrusion* (Coquiperl*),La nuit : Intrusion* (Coquiperl*),,,Incompatible,Incompatible,Faire évoluer Coquiperl (Échange en tenant une Dent Océan),Faire évoluer Coquiperl (Échange en tenant une Dent Océan),Incompatible,,,
0368,Rosabyss,,,,,,,,Indisponible,Indisponible,Indisponible,Indisponible,Indisponible,Indisponible,Indisponible,Indisponible,Indisponible,Indisponible,Indisponible,"Route 4 (Pêche), Faire évoluer Coquiperl par Échange en tenant une Écaille Océan",Indisponible,"Route 4 (Pêche), Faire évoluer Coquiperl par Échange en tenant une Écaille Océan",Indisponible,"Route 12 (Méga Canne), Faire évoluer Coquiperl par Échange en tenant une Écaille Océan",Indisponible,Indisponible,Échange,Échange,La journée : Intrusion* (Coquiperl*),La journée : Intrusion* (Coquiperl*),,,Incompatible,Incompatible,Faire évoluer Coquiperl (Échange en tenant une Écaille Océan),Faire évoluer Coquiperl (Échange en tenant une Écaille Océan),Incompatible,,,
0369,Relicanth,Mâle,,,,,,,Fond Marin,Fond Marin,Fond Marin,Indisponible,Indisponible,Chenal 226 (Méga Canne),Chenal 226 (Méga Canne),Chenal 226 (Méga Canne),"Route 12 (Essaim, Pêche)","Route 12 (Essaim, Pêche)",Route 4 (Pêche tourbillon),Route 4 (Pêche tourbillon),Route 4 (Pêche tourbillon),Route 4 (Pêche tourbillon),"Roche-sur-Gliffe, Relifac-le-Haut (Méga Canne)","Roche-sur-Gliffe, Relifac-le-Haut (Méga Canne)",Fond Marin,Fond Marin,Prairie de Poni (Canne à Pêche*),Prairie de Poni (Canne à Pêche*),Récif de Poni (Canne à Pêche*),Récif de Poni (Canne à Pêche*),,,"Lac Poké Ball, Expédition Dynamax","Lac Poké Ball, Expédition Dynamax",Méga Canne : Chenal 226,Méga Canne : Chenal 226,Incompatible,,,
0369,Relicanth,Femelle,,,,,,,,,,,,Chenal 226 (Méga Canne),Chenal 226 (Méga Canne),Chenal 226 (Méga Canne),"Route 12 (Essaim, Pêche)","Route 12 (Essaim, Pêche)",Route 4 (Pêche tourbillon),Route 4 (Pêche tourbillon),Route 4 (Pêche tourbillon),Route 4 (Pêche tourbillon),"Roche-sur-Gliffe, Relifac-le-Haut (Méga Canne)","Roche-sur-Gliffe, Relifac-le-Haut (Méga Canne)",Fond Marin,Fond Marin,,,,,,,,,,,,,,
0370,Lovdisc,,,,,,,,"Chenal 128, Éternara (Super Canne et Méga Canne)","Chenal 128, Éternara (Super Canne et Méga Canne)","Chenal 128, Éternara (Super Canne et Méga Canne)",Indisponible,Indisponible,"Route 224, Ligue Pokémon (Méga Canne)","Route 224, Ligue Pokémon (Méga Canne)","Route 224, Ligue Pokémon (Méga Canne)","Route 27 (Essaim, Surf)","Route 27 (Essaim, Surf)","Route 4, Route 13, Port Yoneuve, Vaguelone, Baie Vaguelone (Pêche, Pêche Tourbillon)","Route 4, Route 13, Port Yoneuve, Vaguelone, Baie Vaguelone (Pêche, Pêche Tourbillon)","Route 13, Chenal 21, Vaguelone, Papeloa, Grotte Littorale (Pêche)","Route 13, Chenal 21, Vaguelone, Papeloa, Grotte Littorale (Pêche)",Côtes de Kalos (Canne),Côtes de Kalos (Canne),"Chenal 128, Éternara, Route Victoire (Super Canne et Méga Canne)","Chenal 128, Éternara, Route Victoire (Super Canne et Méga Canne)","Route 9, Mer de Mele-Mele* (Canne à Pêche*)","Route 9, Mer de Mele-Mele* (Canne à Pêche*)","Route 9, Mer de Mele-Mele* (Canne à Pêche*)","Route 9, Mer de Mele-Mele* (Canne à Pêche*)",,,Incompatible,Incompatible,"Méga Canne : Route 224, Ligue Pokémon","Méga Canne : Route 224, Ligue Pokémon",Incompatible,-,,
0371,Draby,,,,,,,,Site Météore (Chambre interne),Site Météore (Chambre interne),Site Météore (Chambre interne),Indisponible,Indisponible,Indisponible,Route 210 (Poké Radar),Route 210 (Poké Radar),"Parc Safari (Zone Bois et Lac, avec 9 blocs sylvestres et 19 blocs rocheux, après 110 jours)","Parc Safari (Zone Bois et Lac, avec 9 blocs sylvestres et 19 blocs rocheux, après 110 jours)",Indisponible,Forêt Blanche (avec Grace dans la forêt),Trouée Cachée (Forêt d'Empoigne*),Trouée Cachée (Forêt d'Empoigne*),Route 8,Route 8,Site Météore (Chambre Interne Marche et Horde),Site Météore (Chambre Interne Marche et Horde),"Route 3*, Baie de Kala'e (hautes herbes)","Route 3*, Baie de Kala'e (hautes herbes)","Route 3*, Baie de Kala'e (hautes herbes)","Route 3*, Baie de Kala'e (hautes herbes)",,,Galeries Monte-Pic,Échange,"Route 210 (Poké Radar), Échange","Route 210 (Poké Radar), Grotte Spacieuse, Grotte Éblouissante, Caverne de la Nuit Étoilée",Incompatible,,,
0372,Drackhaus,,,,,,,,Indisponible,Indisponible,Indisponible,Indisponible,Indisponible,Indisponible,Indisponible,Indisponible,"Parc Safari (Zone Terre Humide, avec 21 blocs rocheux, après 70 jours)","Parc Safari (Zone Terre Humide, avec 21 blocs rocheux, après 70 jours)",Indisponible,Indisponible,Indisponible,Indisponible,"Safari des Amis Dragon, position 2 (0018-1380-4915)","Safari des Amis Dragon, position 2 (0018-1380-4915)",Indisponible,Indisponible,Intrusion* (Draby*),Intrusion* (Draby*),Intrusion* (Draby*),Intrusion* (Draby*),,,Faire évoluer Draby (niveau 30),Échange,Échange,"Grotte Spacieuse, Grotte Éblouissante, Caverne de la Nuit Étoilée",Incompatible,,,
0373,Drattak,,,,,,,,Indisponible,Indisponible,Indisponible,Indisponible,Indisponible,Indisponible,Indisponible,Indisponible,Indisponible,Indisponible,Indisponible,Indisponible,Indisponible,Indisponible,Indisponible,Indisponible,Indisponible,Indisponible,Intrusion* (Draby*),Intrusion* (Draby*),Intrusion* (Draby*),Intrusion* (Draby*),,,"Galeries Monte-Pic, Sentier Blanche-Cime",Échange,Échange,Faire évoluer Drackhaus (Niveau 50),Incompatible,,,
0374,Terhal,,,,,,,,Donné à Algatia dans la maison de Pierre,Donné à Algatia dans la maison de Pierre,Donné à Algatia dans la maison de Pierre,Indisponible,Indisponible,Route 228 (Essaim),Route 228 (Essaim),Route 228 (Essaim),"Parc Safari (Zone Bois, avec 29 blocs rocheux, après 120 jours), Échange contre un Foretress à la Sylphe SARL","Parc Safari (Zone Bois, avec 29 blocs rocheux, après 120 jours), Échange contre un Foretress à la Sylphe SARL",Indisponible,Indisponible,Indisponible,Indisponible,Indisponible,Indisponible,"Donné à Algatia dans la maison de Pierre, une fois la Ligue Pokémon d'Éternara battue","Donné à Algatia dans la maison de Pierre, une fois la Ligue Pokémon d'Éternara battue",Mont Hokulani,Mont Hokulani,Mont Hokulani,Mont Hokulani,,,Pente Enneigée,Pente Enneigée,"Route 228 (troupeau), Grotte des Rochers, Grotte du Blizzard, Grotte des Stalactites, Caverne du Piton, Caverne du Glacier","Route 228 (troupeau), Grotte des Rochers, Grotte du Blizzard, Grotte des Stalactites, Caverne du Piton, Caverne du Glacier",Incompatible,-,,
0375,Métang,,,,,,,,Indisponible,Indisponible,Indisponible,Indisponible,Indisponible,Indisponible,Indisponible,Indisponible,"Parc Safari (Zone Montagne, avec 28 blocs rocheux, après 30 jours)","Parc Safari (Zone Montagne, avec 28 blocs rocheux, après 30 jours)",Grotte Cyclopéenne (Forêt du Cratère),Grotte Cyclopéenne (Forêt du Cratère),"Grotte Cyclopéenne (Forêt du Cratère), Trouée Cachée (Grotte Cyclopéenne)","Grotte Cyclopéenne (Forêt du Cratère), Trouée Cachée (Grotte Cyclopéenne)","Safari des Amis Acier, position 2 (3153-4670-3413)","Safari des Amis Acier, position 2 (3153-4670-3413)",Indisponible,Indisponible,Faire évoluer Terhal (niveau 20),Faire évoluer Terhal (niveau 20),Faire évoluer Terhal (niveau 20),Faire évoluer Terhal (niveau 20),,,"Pente Enneigée, Expédition Dynamax","Pente Enneigée, Expédition Dynamax",Faire évoluer Terhal (Niveau 20),Faire évoluer Terhal (Niveau 20),Incompatible,-,,
0376,Métalosse,,,,,,,,Indisponible,Indisponible,Indisponible,Indisponible,Indisponible,Indisponible,Indisponible,Indisponible,Indisponible,Indisponible,Grotte Cyclopéenne (Forêt du Cratère) (Herbes mouvantes),Grotte Cyclopéenne (Forêt du Cratère) (Herbes mouvantes),Grotte Cyclopéenne (Forêt du Cratère) (Herbes mouvantes),Grotte Cyclopéenne (Forêt du Cratère) (Herbes mouvantes),Indisponible,Indisponible,Indisponible,Indisponible,Faire évoluer Métang (niveau 45),Faire évoluer Métang (niveau 45),Faire évoluer Métang (niveau 45),Faire évoluer Métang (niveau 45),,,Pente Enneigée,Pente Enneigée,Faire évoluer Métang (Niveau 45),Faire évoluer Métang (Niveau 45),Incompatible,,,
0377,Regirock,,,,,,,,Ruines Désert (après avoir résolu l'énigme du Sanctuaire),Ruines Désert (après avoir résolu l'énigme du Sanctuaire),Ruines Désert (après avoir résolu l'énigme du Sanctuaire),Indisponible,Indisponible,Indisponible,Indisponible,Route 228 avec un Regigigas évènementiel dans l'équipe,Indisponible,Indisponible,Indisponible,Indisponible,Indisponible,Indisponible,Indisponible,Indisponible,Ruines Désert (après l'énigme du Sanctuaire),Ruines Désert (après l'énigme du Sanctuaire),Échange,Échange,"Ultra-Dimension, brèche jaune","Ultra-Dimension, brèche jaune",,,Ruines Pic Roche,Ruines Pic Roche,Salle des Guides dans le Parc Rosa Rugosa (nécessite une Tablette Guides),Salle des Guides dans le Parc Rosa Rugosa (nécessite une Tablette Guides),Incompatible,,,
0378,Regice,,,,,,,,Grotte de l'Îlot (après avoir résolu l'énigme du Sanctuaire),Grotte de l'Îlot (après avoir résolu l'énigme du Sanctuaire),Grotte de l'Îlot (après avoir résolu l'énigme du Sanctuaire),Indisponible,Indisponible,Indisponible,Indisponible,Mont Couronné avec un Regigigas évènementiel dans l'équipe,Indisponible,Indisponible,Indisponible,Indisponible,Indisponible,Indisponible,Indisponible,Indisponible,Grotte de l'Îlot (après l'énigme du Sanctuaire),Grotte de l'Îlot (après l'énigme du Sanctuaire),Échange,Échange,"Ultra-Dimension, brèche jaune","Ultra-Dimension, brèche jaune",,,Ruines Iceberg,Ruines Iceberg,Salle des Guides dans le Parc Rosa Rugosa (nécessite une Tablette Guides),Salle des Guides dans le Parc Rosa Rugosa (nécessite une Tablette Guides),Incompatible,,,
0379,Registeel,,,,,,,,Tombeau Antique (après avoir résolu l'énigme du Sanctuaire),Tombeau Antique (après avoir résolu l'énigme du Sanctuaire),Tombeau Antique (après avoir résolu l'énigme du Sanctuaire),Indisponible,Indisponible,Indisponible,Indisponible,Île de Fer avec un Regigigas évènementiel dans l'équipe,Indisponible,Indisponible,Indisponible,Indisponible,Indisponible,Indisponible,Indisponible,Indisponible,Tombeau Antique (après l'énigme du Sanctuaire),Tombeau Antique (après l'énigme du Sanctuaire),Échange,Échange,"Ultra-Dimension, brèche jaune","Ultra-Dimension, brèche jaune",,,Ruines de Fer,Ruines de Fer,Salle des Guides dans le Parc Rosa Rugosa (nécessite une Tablette Guides),Salle des Guides dans le Parc Rosa Rugosa (nécessite une Tablette Guides),Incompatible,,,
0380,Latias,,,,,,,,Île du Sud avec le Passe Éon (Évènement Nintendo),Pokémon mouvant après avoir vaincu la Ligue,Pokémon mouvant après avoir vaincu la Ligue,Indisponible,Indisponible,Indisponible,Indisponible,Indisponible,Pokémon mouvant de Kanto après avoir parlé à Pierre Rochard à Carmin sur Mer,Événement du Mystécristal,Indisponible,Indisponible,Indisponible,Vestiges du Rêve,Indisponible,Indisponible,Île du Sud avec le Passe Éon,Donné pendant l'aventure avec la Latiasite,Échange,Échange,Ultra-Dimension,"Ultra-Dimension, brèche bleue",,,Expédition Dynamax,Expédition Dynamax,Salle du Cœur dans le Parc Rosa Rugosa (nécessite une Tablette Cœur),Salle du Cœur dans le Parc Rosa Rugosa (nécessite une Tablette Cœur),Incompatible,,,
0381,Latios,,,,,,,,Pokémon mouvant après avoir vaincu la Ligue,Île du Sud avec le Passe Éon (Évènement Nintendo),Pokémon mouvant après avoir vaincu la Ligue,Indisponible,Indisponible,Indisponible,Indisponible,Indisponible,Événement du Mystécristal,Pokémon mouvant de Kanto après avoir parlé à Pierre Rochard à Carmin sur Mer,Indisponible,Indisponible,Vestiges du Rêve,Indisponible,Indisponible,Indisponible,Donné pendant l'aventure avec la Latiasite,Île du Sud avec le Passe Éon,Échange,Échange,"Ultra-Dimension, brèche bleue",Ultra-Dimension,,,Expédition Dynamax,Expédition Dynamax,Salle du Cœur dans le Parc Rosa Rugosa (nécessite une Tablette Cœur),Salle du Cœur dans le Parc Rosa Rugosa (nécessite une Tablette Cœur),Incompatible,,,
0382,Kyogre,,,,,,,,Indisponible,Fond de la Grotte Origine,Intérieur de la Grotte Marine,Indisponible,Indisponible,Indisponible,Indisponible,Indisponible,Tour Enfouie (avec l'Orbe Bleu),Indisponible,Indisponible,Indisponible,Indisponible,Indisponible,Indisponible,Indisponible,Indisponible,Fond de la Grotte Origine,Échange,Échange,Ultra-Dimension,"Ultra-Dimension, brèche bleue",,,Expédition Dynamax,Expédition Dynamax,Salle des Océans dans le Parc Rosa Rugosa (nécessite une Tablette Océans),Salle des Océans dans le Parc Rosa Rugosa (nécessite une Tablette Océans),Incompatible,,,
0383,Groudon,,,,,,,,Fond de la Grotte Origine,Indisponible,Intérieur de la Grotte Terra,Indisponible,Indisponible,Indisponible,Indisponible,Indisponible,Indisponible,Tour Enfouie (avec l'Orbe Rouge),Indisponible,Indisponible,Indisponible,Indisponible,Indisponible,Indisponible,Fond de la Grotte Origine,Indisponible,Échange,Échange,"Ultra-Dimension, brèche jaune",Ultra-Dimension,,,Expédition Dynamax,Expédition Dynamax,Salle des Continents dans le Parc Rosa Rugosa (nécessite une Tablette Continents),Salle des Continents dans le Parc Rosa Rugosa (nécessite une Tablette Continents),Incompatible,,,
0384,Rayquaza,,,,,,,,Sommet du Pilier Céleste,Sommet du Pilier Céleste,Sommet du Pilier Céleste,Indisponible,Indisponible,Indisponible,Indisponible,Indisponible,Tour Enfouie (avec l'Orbe Vert),Tour Enfouie (avec l'Orbe Vert),Indisponible,Indisponible,Indisponible,Indisponible,Indisponible,Indisponible,Sommet du Pilier Céleste pendant l'Épisode Delta,Sommet du Pilier Céleste pendant l'Épisode Delta,Échange,Échange,"Ultra-Dimension, brèche rouge, nécessite Kyogre et Groudon dans l'équipe","Ultra-Dimension, brèche rouge, nécessite Kyogre et Groudon dans l'équipe",,,Expédition Dynamax,Expédition Dynamax,Salle des Cieux dans le Parc Rosa Rugosa (nécessite une Tablette Cieux),Salle des Cieux dans le Parc Rosa Rugosa (nécessite une Tablette Cieux),Incompatible,,,
0385,Jirachi,,,,,,,,Indisponible,Indisponible,Indisponible,Indisponible,Indisponible,Indisponible,Indisponible,Indisponible,Indisponible,Indisponible,Indisponible,Indisponible,Indisponible,Indisponible,Indisponible,Indisponible,Indisponible,Indisponible,À transférer via Banque Pokémon,À transférer via Banque Pokémon,À transférer via Banque Pokémon,À transférer via Banque Pokémon,,,Événement Nintendo,Événement Nintendo,"Offert par un Gentleman au sud-ouest de Floraville, (si le joueur possède une sauvegarde de Pokémon Épée et Bouclier dans sa console)","Offert par un Gentleman au sud-ouest de Floraville, (si le joueur possède une sauvegarde de Pokémon Épée et Bouclier dans sa console)",Incompatible,,,
0386,Deoxys,,,,,,,,Indisponible,Indisponible,Indisponible,Indisponible,Indisponible,Indisponible,Indisponible,Indisponible,Indisponible,Indisponible,Indisponible,Indisponible,Indisponible,Indisponible,Indisponible,Indisponible,Épisode Delta : Pilier Céleste,Épisode Delta : Pilier Céleste,À transférer via Banque Pokémon,À transférer via Banque Pokémon,À transférer via Banque Pokémon,À transférer via Banque Pokémon,,,Incompatible,Incompatible,Événement Nintendo,Événement Nintendo,Incompatible,,,
0386,Deoxys,Forme Attaque,,,,,,,Indisponible,Indisponible,Indisponible,Île Aurore,Indisponible,Indisponible,Indisponible,Indisponible,Indisponible,Indisponible,Indisponible,Indisponible,Indisponible,Indisponible,Indisponible,Indisponible,Indisponible,Indisponible,,,,,,,,,,,,,,
0386,Deoxys,Forme Défense,,,,,,,Indisponible,Indisponible,Indisponible,Indisponible,Île Aurore,Indisponible,Indisponible,Indisponible,Indisponible,Indisponible,Indisponible,Indisponible,Indisponible,Indisponible,Indisponible,Indisponible,Indisponible,Indisponible,,,,,,,,,,,,,,
0386,Deoxys,Forme Vitesse,,,,,,,Indisponible,Indisponible,Île Aurore,Indisponible,Indisponible,Indisponible,Indisponible,Indisponible,Indisponible,Indisponible,Indisponible,Indisponible,Indisponible,Indisponible,Indisponible,Indisponible,Indisponible,Indisponible,,,,,,,,,,,,,,
0387,Tortipouss,,,,,,,,,,,,,Pokémon de départ au Lac Vérité,Pokémon de départ au Lac Vérité,Pokémon de départ sur la Route 201,Indisponible,Indisponible,Indisponible,Indisponible,Indisponible,Indisponible,Indisponible,Indisponible,"Donné par le Professeur Seko après avoir vaincu la Ligue de Hoenn à Éternara deux fois (choix entre lui, Ouisticram et Tiplouf)","Donné par le Professeur Seko après avoir vaincu la Ligue de Hoenn à Éternara deux fois (choix entre lui, Ouisticram et Tiplouf)",Échange,Échange,Faire reproduire Boskara,Faire reproduire Boskara,,,Incompatible,Incompatible,"Donné au Lac Vérité (à choisir entre Ouisticram et Tiplouf), Grotte de la Prairie, Grotte de la Rivière, Caverne du Miroir d'Eau, Caverne Ensoleillée","Donné au Lac Vérité (à choisir entre Ouisticram et Tiplouf), Grotte de la Prairie, Grotte de la Rivière, Caverne du Miroir d'Eau, Caverne Ensoleillée",??,,,
0388,Boskara,,,,,,,,,,,,,Indisponible,Indisponible,Indisponible,Indisponible,Indisponible,Indisponible,Indisponible,Indisponible,Indisponible,Indisponible,Indisponible,Indisponible,Indisponible,Échange,Échange,"Scanner des Îles : Mercredi, Jardin d'Ula-Ula","Scanner des Îles : Mercredi, Jardin d'Ula-Ula",,,Incompatible,Incompatible,Faire évoluer Tortipouss (Niveau 18),Faire évoluer Tortipouss (Niveau 18),??,,,
0389,Torterra,,,,,,,,,,,,,Indisponible,Indisponible,Indisponible,Indisponible,Indisponible,Indisponible,Indisponible,Indisponible,Indisponible,Indisponible,Indisponible,Indisponible,Indisponible,Échange,Échange,Faire évoluer Boskara (niveau 32),Faire évoluer Boskara (niveau 32),,,Incompatible,Incompatible,Faire évoluer Boskara (Niveau 32),Faire évoluer Boskara (Niveau 32),??,,,
0390,Ouisticram,,,,,,,,,,,,,Pokémon de départ au Lac Vérité,Pokémon de départ au Lac Vérité,Pokémon de départ sur la Route 201,Indisponible,Indisponible,Indisponible,Indisponible,Indisponible,Indisponible,Indisponible,Indisponible,"Donné par le Professeur Seko après avoir vaincu la Ligue de Hoenn à Éternara deux fois (choix entre lui, Tortipouss et Tiplouf)","Donné par le Professeur Seko après avoir vaincu la Ligue de Hoenn à Éternara deux fois (choix entre lui, Tortipouss et Tiplouf)",Échange,Échange,Faire reproduire Chimpenfeu,Faire reproduire Chimpenfeu,,,Incompatible,Incompatible,"Donné au Lac Vérité (à choisir entre Tortipouss et Tiplouf), Grotte du Magma, Grotte des Sables Ardents, Caverne Typhlosion","Donné au Lac Vérité (à choisir entre Tortipouss et Tiplouf), Grotte du Magma, Grotte des Sables Ardents, Caverne Typhlosion",??,,,
0391,Chimpenfeu,,,,,,,,,,,,,Indisponible,Indisponible,Indisponible,Indisponible,Indisponible,Indisponible,Indisponible,Indisponible,Indisponible,Indisponible,Indisponible,Indisponible,Indisponible,Échange,Échange,"Scanner des Îles : Vendredi, Route 11","Scanner des Îles : Vendredi, Route 11",,,Incompatible,Incompatible,Faire évoluer Ouisticram (Niveau 14),Faire évoluer Ouisticram (Niveau 14),??,,,
0392,Simiabraz,,,,,,,,,,,,,Indisponible,Indisponible,Indisponible,Indisponible,Indisponible,Indisponible,Indisponible,Indisponible,Indisponible,Indisponible,Indisponible,Indisponible,Indisponible,Échange,Échange,Faire évoluer Chimpenfeu (niveau 36),Faire évoluer Chimpenfeu (niveau 36),,,Incompatible,Incompatible,Faire évoluer Chimpenfeu (Niveau 36),Faire évoluer Chimpenfeu (Niveau 36),??,,,
0393,Tiplouf,,,,,,,,,,,,,Pokémon de départ au Lac Vérité,Pokémon de départ au Lac Vérité,Pokémon de départ sur la Route 201,Indisponible,Indisponible,Indisponible,Indisponible,Indisponible,Indisponible,Indisponible,Indisponible,"Donné par le Professeur Seko après avoir vaincu la Ligue de Hoenn à Éternara deux fois (choix entre lui, Tortipouss et Ouisticram)","Donné par le Professeur Seko après avoir vaincu la Ligue de Hoenn à Éternara deux fois (choix entre lui, Tortipouss et Ouisticram)",Échange,Échange,Faire reproduire Prinplouf,Faire reproduire Prinplouf,,,Incompatible,Incompatible,"Donné au Lac Vérité (à choisir entre Tortipouss et Ouisticram), Grotte des Eaux Souterraines, Grotte de la Rivière, Caverne du Miroir d'Eau","Donné au Lac Vérité (à choisir entre Tortipouss et Ouisticram), Grotte des Eaux Souterraines, Grotte de la Rivière, Caverne du Miroir d'Eau",??,,,
0394,Prinplouf,,,,,,,,,,,,,Indisponible,Indisponible,Indisponible,Indisponible,Indisponible,Indisponible,Indisponible,Indisponible,Indisponible,Indisponible,Indisponible,Indisponible,Indisponible,Échange,Échange,"Scanner des Îles : Mardi, Route 16","Scanner des Îles : Mardi, Route 16",,,Incompatible,Incompatible,Faire évoluer Tiplouf (Niveau 16),Faire évoluer Tiplouf (Niveau 16),??,,,
0395,Pingoléon,,,,,,,,,,,,,Indisponible,Indisponible,Indisponible,Indisponible,Indisponible,Indisponible,Indisponible,Indisponible,Indisponible,Indisponible,Indisponible,Indisponible,Indisponible,Échange,Échange,Faire évoluer Prinplouf (niveau 36),Faire évoluer Prinplouf (niveau 36),,,Incompatible,Incompatible,Faire évoluer Prinplouf (Niveau 36),Faire évoluer Prinplouf (Niveau 36),??,,,
0396,Étourmi,Mâle,,,,,,,,,,,,"Route 201, Route 202, Route 203, Route 204, Route 209, Route 212, Grand Marais, Lac Vérité","Route 201, Route 202, Route 203, Route 204, Route 209, Route 212, Grand Marais, Lac Vérité","Route 201, Route 202, Route 203, Route 204, Lac Vérité","Argenta (Coup d'Boule, Arbres rares)","Argenta (Coup d'Boule, Arbres rares)",Indisponible,Forêt Blanche (avec Carlos dans la forêt),Indisponible,Indisponible,Route 11 (Horde),Route 11 (Horde),Indisponible,Indisponible,Faire reproduire Étourvol,Faire reproduire Étourvol,Échange,Échange,,,Incompatible,Incompatible,"Route 201, Route 202, Route 203, Route 204, Route 209, Route 212, Grand Marais, Lac Vérité","Route 201, Route 202, Route 203, Route 204, Route 209, Route 212, Grand Marais, Lac Vérité",??,,,
0396,Étourmi,Femelle,,,,,,,,,,,,"Route 201, Route 202, Route 203, Route 204, Route 209, Route 212, Grand Marais, Lac Vérité","Route 201, Route 202, Route 203, Route 204, Route 209, Route 212, Grand Marais, Lac Vérité","Route 201, Route 202, Route 203, Route 204, Lac Vérité","Argenta (Coup d'Boule, Arbres rares)","Argenta (Coup d'Boule, Arbres rares)",Indisponible,Forêt Blanche (avec Carlos dans la forêt),Indisponible,Indisponible,Route 11 (Horde),Route 11 (Horde),Indisponible,Indisponible,,,,,,,,,,,,,,
0397,Étourvol,Mâle,,,,,,,,,,,,"Route 209, Route 212, Lac Vérité (Insertion Emeraude, Rouge-Feu, Vert-Feuille), Lac Courage, Manoir Pokémon, Source Adieu","Route 209, Route 212, Lac Vérité (Insertion Emeraude, Rouge-Feu, Vert-Feuille), Lac Courage, Manoir Pokémon, Source Adieu","Route 209, Route 210, Route 212, Route 215, Lac Courage, Manoir Pokémon, Source Adieu",Indisponible,Indisponible,Indisponible,Indisponible,Indisponible,Indisponible,Route 11,Route 11,Indisponible,Indisponible,"Scanner des Îles : Jeudi, Route 10","Scanner des Îles : Jeudi, Route 10",Échange,Échange,,,Incompatible,Incompatible,"Route 209, Route 212, Lac Courage, Rive du Lac Courage, Jardin Trophée, Grand Marais, Source Adieu","Route 209, Route 212, Lac Courage, Rive du Lac Courage, Jardin Trophée, Grand Marais, Source Adieu",??,,,
0397,Étourvol,Femelle,,,,,,,,,,,,"Route 209, Route 212, Lac Vérité (Insertion Emeraude, Rouge-Feu, Vert-Feuille), Lac Courage, Manoir Pokémon, Source Adieu","Route 209, Route 212, Lac Vérité (Insertion Emeraude, Rouge-Feu, Vert-Feuille), Lac Courage, Manoir Pokémon, Source Adieu","Route 209, Route 210, Route 212, Route 215, Lac Courage, Manoir Pokémon, Source Adieu",Indisponible,Indisponible,Indisponible,Indisponible,Indisponible,Indisponible,Route 11,Route 11,Indisponible,Indisponible,,,,,,,,,,,,,,
0398,Étouraptor,Mâle,,,,,,,,,,,,Indisponible,Indisponible,Indisponible,Indisponible,Indisponible,Indisponible,Indisponible,Indisponible,Indisponible,Indisponible,Indisponible,Indisponible,Indisponible,Faire évoluer Étourvol (niveau 34),Faire évoluer Étourvol (niveau 34),Échange,Échange,,,Incompatible,Incompatible,Faire évoluer Étourvol (Niveau 34),Faire évoluer Étourvol (Niveau 34),??,,,
0398,Étouraptor,Femelle,,,,,,,,,,,,Indisponible,Indisponible,Indisponible,Indisponible,Indisponible,Indisponible,Indisponible,Indisponible,Indisponible,Indisponible,Indisponible,Indisponible,Indisponible,,,,,,,,,,,,,,
0399,Keunotor,Mâle,,,,,,,,,,,,"Route 201, Route 202, Route 203, Route 204, Route 205, Route 208, Route 211, Grand MaraisDP Lac Vérité, Les Éoliennes","Route 201, Route 202, Route 203, Route 204, Route 205, Route 208, Route 211, Grand MaraisDP Lac Vérité, Les Éoliennes","Route 201, Route 202, Route 203, Route 204, Route 205, Route 208, Route 211, Grand MaraisDP Lac Vérité","Route 4, Route 6, Route 9, Route 10, Route 13, Chenal 21, Route 22, Route 24, Route 25, Route 28, Route 30, Route 31, Route 32, Route 34, Route 35, Route 42, Route 43, Route 44, Route 45, Route 47, Ruines d'Alpha, Mont Argenté, Pokéwalker (Plaine Sinnoh) (Son Sinnoh, le Jeudi)","Route 4, Route 6, Route 9, Route 10, Route 13, Chenal 21, Route 22, Route 24, Route 25, Route 28, Route 30, Route 31, Route 32, Route 34, Route 35, Route 42, Route 43, Route 44, Route 45, Route 47, Ruines d'Alpha, Mont Argenté, Pokéwalker (Plaine Sinnoh) (Son Sinnoh, le Jeudi)",Indisponible,Indisponible,Indisponible,Indisponible,"Route 22 (Hautes Herbes), Route 3","Route 22 (Hautes Herbes), Route 3",Indisponible,Indisponible,À transférer via Banque Pokémon,À transférer via Banque Pokémon,À transférer via Banque Pokémon,À transférer via Banque Pokémon,,,Incompatible,Incompatible,"Route 201, Route 202, Route 203, Route 204, Route 205, Route 208, Route 211, Grand Marais, Lac Vérité, Parc Éolien, Grotte Spacieuse, Grotte de la Prairie, Grotte des Eaux Souterraines, Grotte de la Rivière, Caverne du Miroir d'Eau, Caverne Ensoleillée","Route 201, Route 202, Route 203, Route 204, Route 205, Route 208, Route 211, Grand Marais, Lac Vérité, Parc Éolien, Grotte Spacieuse, Grotte de la Prairie, Grotte des Eaux Souterraines, Grotte de la Rivière, Caverne du Miroir d'Eau, Caverne Ensoleillée",??,,,
0399,Keunotor,Femelle,,,,,,,,,,,,"Route 201, Route 202, Route 203, Route 204, Route 205, Route 208, Route 211, Grand MaraisDP Lac Vérité, Les Éoliennes","Route 201, Route 202, Route 203, Route 204, Route 205, Route 208, Route 211, Grand MaraisDP Lac Vérité, Les Éoliennes","Route 201, Route 202, Route 203, Route 204, Route 205, Route 208, Route 211, Grand MaraisDP Lac Vérité","Route 4, Route 6, Route 9, Route 10, Route 13, Chenal 21, Route 22, Route 24, Route 25, Route 28, Route 30, Route 31, Route 32, Route 34, Route 35, Route 42, Route 43, Route 44, Route 45, Route 47, Ruines d'Alpha, Mont Argenté, Pokéwalker (Plaine Sinnoh) (Son Sinnoh, le Jeudi)","Route 4, Route 6, Route 9, Route 10, Route 13, Chenal 21, Route 22, Route 24, Route 25, Route 28, Route 30, Route 31, Route 32, Route 34, Route 35, Route 42, Route 43, Route 44, Route 45, Route 47, Ruines d'Alpha, Mont Argenté, Pokéwalker (Plaine Sinnoh) (Son Sinnoh, le Jeudi)",Indisponible,Indisponible,Indisponible,Indisponible,"Route 22 (Hautes Herbes), Route 3","Route 22 (Hautes Herbes), Route 3",Indisponible,Indisponible,,,,,,,,,,,,,,
0400,Castorno,Mâle,,,,,,,,,,,,"Route 208, Route 209, Route 210, Route 212, Grand Marais, Lac Courage, Lac Savoir, Rive Lac Courage, Source Adieu","Route 208, Route 209, Route 210, Route 212, Grand Marais, Lac Courage, Lac Savoir, Rive Lac Courage, Source Adieu","Route 208, Route 209, Route 210, Grand Marais, Lac Courage, Lac Savoir, Rive Lac Courage, Source Adieu",Pokéwalker (Grande Forêt),Pokéwalker (Grande Forêt),Pont du Hameau,Pont du Hameau,Trouée Cachée (Route 3),Trouée Cachée (Route 3),Route 22 (Fleurs),Route 22 (Fleurs),Indisponible,Indisponible,À transférer via Banque Pokémon,À transférer via Banque Pokémon,À transférer via Banque Pokémon,À transférer via Banque Pokémon,,,Incompatible,Incompatible,"Route 208, Route 209, Route 210, Route 212, Grand Marais, Lac Courage, Lac Savoir, Rive Lac Courage, Source Adieu, Grotte Spacieuse, Grotte de la Prairie, Grotte des Eaux Souterraines, Grotte de la Rivière, Caverne du Miroir d'Eau, Caverne Ensoleillée","Route 208, Route 209, Route 210, Route 212, Grand Marais, Lac Courage, Lac Savoir, Rive Lac Courage, Source Adieu, Grotte Spacieuse, Grotte de la Prairie, Grotte des Eaux Souterraines, Grotte de la Rivière, Caverne du Miroir d'Eau, Caverne Ensoleillée",??,,,
0400,Castorno,Femelle,,,,,,,,,,,,"Route 208, Route 209, Route 210, Route 212, Grand Marais, Lac Courage, Lac Savoir, Rive Lac Courage, Source Adieu","Route 208, Route 209, Route 210, Route 212, Grand Marais, Lac Courage, Lac Savoir, Rive Lac Courage, Source Adieu","Route 208, Route 209, Route 210, Grand Marais, Lac Courage, Lac Savoir, Rive Lac Courage, Source Adieu",Pokéwalker (Grande Forêt),Pokéwalker (Grande Forêt),Pont du Hameau,Pont du Hameau,Trouée Cachée (Route 3),Trouée Cachée (Route 3),Route 22 (Fleurs),Route 22 (Fleurs),Indisponible,Indisponible,,,,,,,,,,,,,,
0401,Crikzik,Mâle,,,,,,,,,,,,"Route 202, Route 203, Route 204, Route 205, Route 206, Route 207","Route 202, Route 203, Route 204, Route 205, Route 206, Route 207","Route 201, Route 202, Route 203, Route 204, Route 205, Route 207, Forêt Vestigion (Matin et Nuit)","Forêt de Jade (Essaim), Concours de Capture d'insecte (Pokédex National Jeudi et Samedi), Pokéwalker (Plaine Sinnoh)","Forêt de Jade (Essaim), Concours de Capture d'insecte (Pokédex National Jeudi et Samedi), Pokéwalker (Plaine Sinnoh)",Indisponible,Indisponible,Indisponible,Indisponible,Indisponible,Indisponible,Indisponible,Indisponible,À transférer via Banque Pokémon,À transférer via Banque Pokémon,À transférer via Banque Pokémon,À transférer via Banque Pokémon,,,Incompatible,Incompatible,"Route 202, Route 203, Route 204, Route 206, Route 207, Grotte Spacieuse, Grotte de la Prairie, Grotte de la Rivière, Caverne du Miroir d'Eau, Caverne Ensoleillée","Route 202, Route 203, Route 204, Route 206, Route 207, Grotte Spacieuse, Grotte de la Prairie, Grotte de la Rivière, Caverne du Miroir d'Eau, Caverne Ensoleillée",??,,,
0401,Crikzik,Femelle,,,,,,,,,,,,"Route 202, Route 203, Route 204, Route 205, Route 206, Route 207","Route 202, Route 203, Route 204, Route 205, Route 206, Route 207","Route 201, Route 202, Route 203, Route 204, Route 205, Route 207, Forêt Vestigion (Matin et Nuit)","Forêt de Jade (Essaim), Concours de Capture d'insecte (Pokédex National Jeudi et Samedi), Pokéwalker (Plaine Sinnoh)","Forêt de Jade (Essaim), Concours de Capture d'insecte (Pokédex National Jeudi et Samedi), Pokéwalker (Plaine Sinnoh)",Indisponible,Indisponible,Indisponible,Indisponible,Indisponible,Indisponible,Indisponible,Indisponible,,,,,,,,,,,,,,
0402,Mélokrik,Mâle,,,,,,,,,,,,"Route 206, Route 210, Route 212, Route 214, Route 215, Rive Lac Courage, Manoir Pokémon","Route 206, Route 210, Route 212, Route 214, Route 215, Rive Lac Courage, Manoir Pokémon","Route 206, Rive Lac Courage, Manoir Pokémon",Concours de Capture d'insecte (Pokédex National Jeudi et Samedi),Concours de Capture d'insecte (Pokédex National Jeudi et Samedi),Vestiges du Rêve (Herbes sombres),Vestiges du Rêve (Herbes sombres),Indisponible,Indisponible,Indisponible,Indisponible,"Mont Mirage (Ouest de la Route 104, Nord de Nénucrique, Sud du Chenal 131, Nord-ouest de la Grotte Tréfonds), Forêt Mirage (Nord de la Route 111)","Mont Mirage (Ouest de la Route 104, Nord de Nénucrique, Sud du Chenal 131, Nord-ouest de la Grotte Tréfonds), Forêt Mirage (Nord de la Route 111)",À transférer via Banque Pokémon,À transférer via Banque Pokémon,À transférer via Banque Pokémon,À transférer via Banque Pokémon,,,Incompatible,Incompatible,"Route 206, Route 210, Route 212, Route 214, Route 215, Rive Lac Courage, Jardin Trophée","Route 206, Route 210, Route 212, Route 214, Route 215, Rive Lac Courage, Jardin Trophée",??,,,
0402,Mélokrik,Femelle,,,,,,,,,,,,"Route 206, Route 210, Route 212, Route 214, Route 215, Rive Lac Courage, Manoir Pokémon","Route 206, Route 210, Route 212, Route 214, Route 215, Rive Lac Courage, Manoir Pokémon","Route 206, Rive Lac Courage, Manoir Pokémon",Concours de Capture d'insecte (Pokédex National Jeudi et Samedi),Concours de Capture d'insecte (Pokédex National Jeudi et Samedi),Vestiges du Rêve (Herbes sombres),Vestiges du Rêve (Herbes sombres),Indisponible,Indisponible,Indisponible,Indisponible,"Mont Mirage (Ouest de la Route 104, Nord de Nénucrique, Sud du Chenal 131, Nord-ouest de la Grotte Tréfonds), Forêt Mirage (Nord de la Route 111)","Mont Mirage (Ouest de la Route 104, Nord de Nénucrique, Sud du Chenal 131, Nord-ouest de la Grotte Tréfonds), Forêt Mirage (Nord de la Route 111)",,,,,,,,,,,,,,
0403,Lixy,Mâle,,,,,,,,,,,,"Route 202, Route 203, Route 204, Forge Fuego","Route 202, Route 203, Route 204, Forge Fuego","Route 202, Route 203, Route 204, Les Éoliennes","Route 1, Route 2, Route 3, Route 5, Route 7, Route 8, Route 11, Route 14, Route 15, Route 16, Route 17, Route 18, Route 29, Route 33, Route 36, Route 37, Route 38, Route 39, Route 46, Route 48, Parc Naturel, Parc Safari, Pokéwalker (Plaine Sinnoh) (Son Sinnoh, le Jeudi)","Route 1, Route 2, Route 3, Route 5, Route 7, Route 8, Route 11, Route 14, Route 15, Route 16, Route 17, Route 18, Route 29, Route 33, Route 36, Route 37, Route 38, Route 39, Route 46, Route 48, Parc Naturel, Parc Safari, Pokéwalker (Plaine Sinnoh) (Son Sinnoh, le Jeudi)",Indisponible,Forêt Blanche (avec Gildas dans la forêt),Indisponible,Indisponible,Indisponible,Indisponible,Indisponible,Indisponible,Faire reproduire Luxio,Faire reproduire Luxio,Échange,Échange,,,"Plage de l'Épreuve, Plaine des Efforts, Route de l'Épreuve, Sables de Kudsac","Plage de l'Épreuve, Plaine des Efforts, Route de l'Épreuve, Sables de Kudsac","Route 202, Route 203, Route 204, Forge Fuego, Grotte Spacieuse, Grotte de la Prairie, Grotte du Blizzard, Caverne Ensoleillée","Route 202, Route 203, Route 204, Forge Fuego, Grotte Spacieuse, Grotte de la Prairie, Grotte du Blizzard, Caverne Ensoleillée",??,,,
0403,Lixy,Femelle,,,,,,,,,,,,"Route 202, Route 203, Route 204, Forge Fuego","Route 202, Route 203, Route 204, Forge Fuego","Route 202, Route 203, Route 204, Les Éoliennes","Route 1, Route 2, Route 3, Route 5, Route 7, Route 8, Route 11, Route 14, Route 15, Route 16, Route 17, Route 18, Route 29, Route 33, Route 36, Route 37, Route 38, Route 39, Route 46, Route 48, Parc Naturel, Parc Safari, Pokéwalker (Plaine Sinnoh) (Son Sinnoh, le Jeudi)","Route 1, Route 2, Route 3, Route 5, Route 7, Route 8, Route 11, Route 14, Route 15, Route 16, Route 17, Route 18, Route 29, Route 33, Route 36, Route 37, Route 38, Route 39, Route 46, Route 48, Parc Naturel, Parc Safari, Pokéwalker (Plaine Sinnoh) (Son Sinnoh, le Jeudi)",Indisponible,Forêt Blanche (avec Gildas dans la forêt),Indisponible,Indisponible,Indisponible,Indisponible,Indisponible,Indisponible,,,,,,,,,,,,,,
0404,Luxio,Mâle,,,,,,,,,,,,Forge Fuego,Forge Fuego,Route 222,"Parc Safari (Zone Savane, avec 24 blocs herbeux, immédiatement)","Parc Safari (Zone Savane, avec 24 blocs herbeux, immédiatement)",Indisponible,Indisponible,Indisponible,Indisponible,Indisponible,Indisponible,Route 118 (Navi-Dex),Route 118 (Navi-Dex),"Scanner des Îles : Mardi, Route 8","Scanner des Îles : Mardi, Route 8",Échange,Échange,,,"Plaine Salutation, Lande Boldair, Lagune Circulaire, Plaine des Efforts","Plaine Salutation, Lande Boldair, Lagune Circulaire, Plaine des Efforts","Forge Fuego, Grotte Spacieuse, Grotte de la Prairie, Grotte du Blizzard, Caverne Ensoleillée","Forge Fuego, Grotte Spacieuse, Grotte de la Prairie, Grotte du Blizzard, Caverne Ensoleillée",??,,,
0404,Luxio,Femelle,,,,,,,,,,,,Forge Fuego,Forge Fuego,Route 222,"Parc Safari (Zone Savane, avec 24 blocs herbeux, immédiatement)","Parc Safari (Zone Savane, avec 24 blocs herbeux, immédiatement)",Indisponible,Indisponible,Indisponible,Indisponible,Indisponible,Indisponible,,,,,,,,,,,,,,,,
0405,Luxray,Mâle,,,,,,,,,,,,Indisponible,Indisponible,Indisponible,Indisponible,Indisponible,Indisponible,Indisponible,Indisponible,Indisponible,Indisponible,Indisponible,Indisponible,Indisponible,Faire évoluer Luxio (niveau 30),Faire évoluer Luxio (niveau 30),Échange,Échange,,,"Lande Boldair, Forêt Flexion, Lagune Circulaire, Plaine des Efforts, Expédition Dynamax","Lande Boldair, Forêt Flexion, Lagune Circulaire, Plaine des Efforts, Expédition Dynamax",Faire évoluer Luxio (Niveau 30),Faire évoluer Luxio (Niveau 30),??,,,
0405,Luxray,Femelle,,,,,,,,,,,,Indisponible,Indisponible,Indisponible,Indisponible,Indisponible,Indisponible,Indisponible,Indisponible,Indisponible,Indisponible,Indisponible,Indisponible,Indisponible,,,,,,,,,,,,,,
0406,Rozbouton,,,,,,,,,,,,,"Route 204, Route 212, Grand Marais, Forêt Vestigion","Route 204, Route 212, Grand Marais, Forêt Vestigion","Route 204, Route 205, Route 208, Forêt Vestigion","Bois aux Chênes, Forêt de Jade, Parc Safari, Pokéwalker (Plaine Sinnoh) (Son Sinnoh, le Jeudi)","Bois aux Chênes, Forêt de Jade, Parc Safari, Pokéwalker (Plaine Sinnoh) (Son Sinnoh, le Jeudi)",Indisponible,Forêt Blanche (avec Nico dans la forêt),Indisponible,Indisponible,Route 4,Route 4,Indisponible,Indisponible,Faire reproduire Rosélia,Faire reproduire Rosélia,Échange,Échange,,,"Route 5, Plaine Verdoyante, Bois de Clairjour, Lac Coupenotte Ouest, Lac Coupenotte Est, Miroir du Géant","Route 5, Plaine Verdoyante, Bois de Clairjour, Lac Coupenotte Ouest, Lac Coupenotte Est, Miroir du Géant","Route 204, Route 212, Grand Marais, Forêt Vestigion, Grotte Spacieuse, Grotte de la Prairie, Grotte de la Rivière, Caverne du Miroir d'Eau, Caverne Ensoleillée","Route 204, Route 212, Grand Marais, Forêt Vestigion, Grotte Spacieuse, Grotte de la Prairie, Grotte de la Rivière, Caverne du Miroir d'Eau, Caverne Ensoleillée",??,,,
0407,Roserade,Mâle,,,,,,,,,,,,Indisponible,Indisponible,Indisponible,Indisponible,Indisponible,Indisponible,Indisponible,"Route 12, Route Victoire, Bois des Illusions (Herbes mouvantes)","Route 12, Route Victoire, Bois des Illusions (Herbes mouvantes)",Indisponible,Indisponible,Indisponible,Indisponible,Faire évoluer Rosélia avec une Pierre Éclat,Faire évoluer Rosélia avec une Pierre Éclat,Échange,Échange,,,Plateau de Kickenham,Plateau de Kickenham,Faire évoluer Rosélia (Avec une Pierre Éclat),Faire évoluer Rosélia (Avec une Pierre Éclat),??,,,
0407,Roserade,Femelle,,,,,,,,,,,,Indisponible,Indisponible,Indisponible,Indisponible,Indisponible,Indisponible,Indisponible,"Route 12, Route Victoire, Bois des Illusions (Herbes mouvantes)","Route 12, Route Victoire, Bois des Illusions (Herbes mouvantes)",Indisponible,Indisponible,Indisponible,Indisponible,,,,,,,,,,,,,,
0408,Kranidos,,,,,,,,,,,,,Réanimer le Fossile Crâne au Musée Minier de Charbourg (trouvable dans le Souterrain de SinnohDPt),Indisponible,Réanimer le Fossile Crâne au Musée Minier de Charbourg (trouvable dans le Souterrain de SinnohDPt),Indisponible,Indisponible,Réanimer le Fossile Crâne au Musée de Maillard (donné par un ouvrier au Mont Foré),Réanimer le Fossile Crâne au Musée de Maillard (donné par un ouvrier au Mont Foré),"Réanimer le Fossile Crâne au Musée de Maillard (donné par un ouvrier au Mont Foré ou dans la Galerie Concorde), Échange interne avec Julien à Méanville (seulement si le joueur est Écho)","Réanimer le Fossile Crâne au Musée de Maillard (donné par un ouvrier au Mont Foré ou dans la Galerie Concorde), Échange interne avec Julien à Méanville (seulement si le joueur est Écho)",Réanimer le Fossile Crâne au Bureau d'Étude des Fossiles à Roche-sur-Gliffe (Fossile trouvé avec Éclate-Roc dans la Grotte Étincelante),Réanimer le Fossile Crâne au Bureau d'Étude des Fossiles à Roche-sur-Gliffe (Fossile trouvé avec Éclate-Roc dans la Grotte Étincelante),Indisponible,"Réanimer le Fossile Crâne à la Devon, à Mérouville (Fossile trouvé avec Éclate-Roc dans les Grottes Mirage)","Acheter le Fossile Crâne à la boutique d'Alyxia à Konikoni, Trouver le Fossile Crâne, via le Poké Loisir","Trouver le Fossile Crâne, via le Poké Loisir","Acheter le Fossile Crâne à la boutique d'Alyxia à Konikoni, Trouver le Fossile Crâne, via le Poké Loisir, Îlot Farfouille","Trouver le Fossile Crâne, via le Poké Loisir, Îlot Farfouille",,,Incompatible,Incompatible,Réanimer le Fossile Crâne au Musée Minier de Charbourg,"Réanimer le Fossile Crâne au Musée Minier de Charbourg, Échange",??,,,
0409,Charkos,,,,,,,,,,,,,Indisponible,Indisponible,Indisponible,Indisponible,Indisponible,Indisponible,Indisponible,Indisponible,Indisponible,Indisponible,Indisponible,Indisponible,Indisponible,Faire évoluer Kranidos (niveau 30),Faire évoluer Kranidos (niveau 30),Faire évoluer Kranidos (niveau 30),Faire évoluer Kranidos (niveau 30),,,Incompatible,Incompatible,Faire évoluer Kranidos (Niveau 30),"Faire évoluer Kranidos (Niveau 30), Échange",??,,,
0410,Dinoclier,,,,,,,,,,,,,Indisponible,Réanimer le Fossile Crâne au Musée Minier de Charbourg (trouvable dans le Souterrain de SinnohPPt),Réanimer le Fossile Crâne au Musée Minier de Charbourg (trouvable dans le Souterrain de SinnohPPt),Indisponible,Indisponible,Réanimer le Fossile Armure au Musée de Maillard (donné par un ouvrier au Mont Foré),Réanimer le Fossile Armure au Musée de Maillard (donné par un ouvrier au Mont Foré),"Réanimer le Fossile Armure au Musée de Maillard (donné par un ouvrier au Mont Foré ou dans la Galerie Concorde), Échange interne avec Brenda à Méanville (seulement si le joueur est Mélis)","Réanimer le Fossile Armure au Musée de Maillard (donné par un ouvrier au Mont Foré ou dans la Galerie Concorde), Échange interne avec Brenda à Méanville (seulement si le joueur est Mélis)",Réanimer le Fossile Armure au Bureau d'Étude des Fossiles à Roche-sur-Gliffe (Fossile trouvé avec Éclate-Roc dans la Grotte Étincelante),Réanimer le Fossile Armure au Bureau d'Étude des Fossiles à Roche-sur-Gliffe (Fossile trouvé avec Éclate-Roc dans la Grotte Étincelante),"Réanimer le Fossile Armure à la Devon, à Mérouville (Fossile trouvé avec Éclate-Roc dans les Grottes Mirage)",Indisponible,"Trouver le Fossile Armure, via le Poké Loisir","Acheter le Fossile Armure à la boutique d'Alyxia à Konikoni, Trouver le Fossile Armure, via le Poké Loisir","Trouver le Fossile Armure, via le Poké Loisir, Îlot Farfouille","Acheter le Fossile Armure à la boutique d'Alyxia à Konikoni, Trouver le Fossile Armure, via le Poké Loisir, Îlot Farfouille",,,Incompatible,Incompatible,"Réanimer le Fossile Crâne au Musée Minier de Charbourg, Échange",Réanimer le Fossile Crâne au Musée Minier de Charbourg,??,,,
0411,Bastiodon,,,,,,,,,,,,,Indisponible,Indisponible,Indisponible,Indisponible,Indisponible,Indisponible,Indisponible,Indisponible,Indisponible,Indisponible,Indisponible,Indisponible,Indisponible,Faire évoluer Dinoclier (niveau 30),Faire évoluer Dinoclier (niveau 30),Faire évoluer Dinoclier (niveau 30),Faire évoluer Dinoclier (niveau 30),,,Incompatible,Incompatible,"Faire évoluer Dinoclier (Niveau 30), Échange",Faire évoluer Dinoclier (Niveau 30),??,,,
0412,Cheniti,Cape Plante,,,,,,,,,,,,Arbres à Miel,Arbres à Miel,Arbres à Miel,"Route 38 (Coup d'Boule, arbres rares)","Route 38 (Coup d'Boule, arbres rares)",Indisponible,Indisponible,Indisponible,Indisponible,"Route 3, Champ de Baies (Baies vertes)","Route 3, Champ de Baies (Baies vertes)",Indisponible,Indisponible,À transférer via Banque Pokémon,À transférer via Banque Pokémon,À transférer via Banque Pokémon,À transférer via Banque Pokémon,,,Incompatible,Incompatible,Arbres à Miel,Arbres à Miel,??,,,
0412,Cheniti,Cape Déchet,,,,,,,,,,,,Indisponible,Indisponible,Indisponible,Indisponible,Indisponible,Indisponible,Indisponible,Indisponible,Indisponible,Indisponible,Indisponible,Indisponible,Indisponible,,,,,,,,,,,,,,
0412,Cheniti,Cape Sable,,,,,,,,,,,,Indisponible,Indisponible,Indisponible,Indisponible,Indisponible,Indisponible,Indisponible,Indisponible,Indisponible,Indisponible,Indisponible,Indisponible,Indisponible,,,,,,,,,,,,,,
0413,Cheniselle,Cape Plante,,,,,,,,,,,,Indisponible,Indisponible,Indisponible,Indisponible,Indisponible,Indisponible,Indisponible,Indisponible,Indisponible,Indisponible,Indisponible,Indisponible,Indisponible,À transférer via Banque Pokémon,À transférer via Banque Pokémon,À transférer via Banque Pokémon,À transférer via Banque Pokémon,,,Incompatible,Incompatible,"Faire évoluer Cheniti (Si Femelle (♀), Niveau 20)","Faire évoluer Cheniti (Si Femelle (♀), Niveau 20)",??,,,
0413,Cheniselle,Cape Déchet,,,,,,,,,,,,Indisponible,Indisponible,Indisponible,Indisponible,Indisponible,Indisponible,Indisponible,Indisponible,Indisponible,Indisponible,Indisponible,Indisponible,Indisponible,,,,,,,,,,,,,,
0413,Cheniselle,Cape Sable,,,,,,,,,,,,Indisponible,Indisponible,Indisponible,Indisponible,Indisponible,Indisponible,Indisponible,Indisponible,Indisponible,Indisponible,Indisponible,Indisponible,Indisponible,,,,,,,,,,,,,,
0414,Papilord,,,,,,,,,,,,,Indisponible,Indisponible,Indisponible,Indisponible,Indisponible,Indisponible,Indisponible,Indisponible,Indisponible,Indisponible,Indisponible,Indisponible,Indisponible,À transférer via Banque Pokémon,À transférer via Banque Pokémon,À transférer via Banque Pokémon,À transférer via Banque Pokémon,,,Incompatible,Incompatible,"Faire évoluer Cheniti (Si Mâle (♂), Niveau 20)","Faire évoluer Cheniti (Si Mâle (♂), Niveau 20)",??,,,
0415,Apitrini,Mâle,,,,,,,,,,,,Arbres à Miel,Arbres à Miel,Arbres à Miel,"Route 5, Route 6, Route 7, Route 8, Route 11, Route 16, Route 25, Azuria, Carmin sur Mer, Céladopole, Concours de Capture d'insecte, Pokéwalker (Plaine Sinnoh)","Route 5, Route 6, Route 7, Route 8, Route 11, Route 16, Route 25, Azuria, Carmin sur Mer, Céladopole, Concours de Capture d'insecte, Pokéwalker (Plaine Sinnoh)",Route 12,Route 12,"Route 12, Bois des Illusions, Trouée Cachée (Bois des Illusions)","Route 12, Bois des Illusions, Trouée Cachée (Bois des Illusions)","Route 4, Champ de Baies (Baies jaunes)","Route 4, Champ de Baies (Baies jaunes)",Indisponible,Indisponible,À transférer via Banque Pokémon,À transférer via Banque Pokémon,À transférer via Banque Pokémon,À transférer via Banque Pokémon,,,"Plaine Verdoyante, Îlot Calméole","Plaine Verdoyante, Îlot Calméole","Arbres à Miel, Grotte de la Prairie, Caverne Ensoleillée","Arbres à Miel, Grotte de la Prairie, Caverne Ensoleillée",??,,,
0415,Apitrini,Femelle,,,,,,,,,,,,Arbres à Miel,Arbres à Miel,Arbres à Miel,"Route 5, Route 6, Route 7, Route 8, Route 11, Route 16, Route 25, Azuria, Carmin sur Mer, Céladopole, Concours de Capture d'insecte, Pokéwalker (Plaine Sinnoh)","Route 5, Route 6, Route 7, Route 8, Route 11, Route 16, Route 25, Azuria, Carmin sur Mer, Céladopole, Concours de Capture d'insecte, Pokéwalker (Plaine Sinnoh)",Route 12,Route 12,"Route 12, Bois des Illusions, Trouée Cachée (Bois des Illusions)","Route 12, Bois des Illusions, Trouée Cachée (Bois des Illusions)","Route 4, Champ de Baies (Baies jaunes)","Route 4, Champ de Baies (Baies jaunes)",Indisponible,Indisponible,,,,,,,,,,,,,,
0416,Apireine,,,,,,,,,,,,,Indisponible,Indisponible,Indisponible,Indisponible,Indisponible,Route 12 (Herbes mouvantes),Route 12 (Herbes mouvantes),"Route 12, Bois des Illusions (Herbes mouvantes)","Route 12, Bois des Illusions (Herbes mouvantes)",Indisponible,Indisponible,Indisponible,Indisponible,À transférer via Banque Pokémon,À transférer via Banque Pokémon,À transférer via Banque Pokémon,À transférer via Banque Pokémon,,,"Plaine Verdoyante, Expédition Dynamax","Plaine Verdoyante, Expédition Dynamax","Faire évoluer Apitrini (Si Femelle (♀), Niveau 21)","Faire évoluer Apitrini (Si Femelle (♀), Niveau 21)",??,,,
0417,Pachirisu,Mâle,,,,,,,,,,,,"Route 205, Forge Fuego, Les Éoliennes","Route 205, Forge Fuego, Les Éoliennes","Route 205, Les Éoliennes","Parc Safari (Zone Terre Humide, avec 8 blocs sylvestres, immédiatement), Pokéwalker (Zone de Vacances)","Parc Safari (Zone Terre Humide, avec 8 blocs sylvestres, immédiatement), Pokéwalker (Zone de Vacances)",Indisponible,Indisponible,Trouée Cachée (Route 3),Trouée Cachée (Route 3),Route 12,Route 12,Indisponible,Indisponible,À transférer via Banque Pokémon,À transférer via Banque Pokémon,À transférer via Banque Pokémon,À transférer via Banque Pokémon,,,Incompatible,Incompatible,"Route 205, Forge Fuego, Parc Éolien, Grotte Spacieuse, Grotte du Blizzard","Route 205, Forge Fuego, Parc Éolien, Grotte Spacieuse, Grotte du Blizzard",??,,,
0417,Pachirisu,Femelle,,,,,,,,,,,,"Route 205, Forge Fuego, Les Éoliennes","Route 205, Forge Fuego, Les Éoliennes","Route 205, Les Éoliennes","Parc Safari (Zone Terre Humide, avec 8 blocs sylvestres, immédiatement), Pokéwalker (Zone de Vacances)","Parc Safari (Zone Terre Humide, avec 8 blocs sylvestres, immédiatement), Pokéwalker (Zone de Vacances)",Indisponible,Indisponible,Trouée Cachée (Route 3),Trouée Cachée (Route 3),Route 12,Route 12,Indisponible,Indisponible,,,,,,,,,,,,,,
0418,Mustébouée,Mâle,,,,,,,,,,,,"Route 205, Route 213, Route 224, Les Éoliennes","Route 205, Route 213, Route 224, Les Éoliennes","Route 205, Route 212, Route 213, Les Éoliennes","Route 4, Route 6, Route 9, Route 10, Route 13, Chenal 21, Route 22, Route 24, Route 25, Route 28, Route 30, Route 31, Route 32, Route 34, Route 35, Route 42, Route 43, Route 44, Route 45, Route 47, Ruines d'Alpha, Mont Argenté, Pokéwalker (Lac Brumeux) (Son Sinnoh, le Jeudi)","Route 4, Route 6, Route 9, Route 10, Route 13, Chenal 21, Route 22, Route 24, Route 25, Route 28, Route 30, Route 31, Route 32, Route 34, Route 35, Route 42, Route 43, Route 44, Route 45, Route 47, Ruines d'Alpha, Mont Argenté, Pokéwalker (Lac Brumeux) (Son Sinnoh, le Jeudi)","Route 11, Route 14 (Surf)","Route 11, Route 14 (Surf)","Route 11, Route 14, Route 23, Route Victoire, Bois des Illusions, Réserve Naturelle (Surf)","Route 11, Route 14, Route 23, Route Victoire, Bois des Illusions, Réserve Naturelle (Surf)",Indisponible,Indisponible,Indisponible,Indisponible,Échange,Échange,Faire reproduire Mustéflott,Faire reproduire Mustéflott,,,Incompatible,Incompatible,"Route 205, Route 213, Route 224, Parc Éolien, Grotte des Eaux Souterraines, Grotte de la Rivière, Caverne du Miroir d'Eau","Route 205, Route 213, Route 224, Parc Éolien, Grotte des Eaux Souterraines, Grotte de la Rivière, Caverne du Miroir d'Eau",??,,,
0418,Mustébouée,Femelle,,,,,,,,,,,,"Route 205, Route 213, Route 224, Les Éoliennes","Route 205, Route 213, Route 224, Les Éoliennes","Route 205, Route 212, Route 213, Les Éoliennes","Route 4, Route 6, Route 9, Route 10, Route 13, Chenal 21, Route 22, Route 24, Route 25, Route 28, Route 30, Route 31, Route 32, Route 34, Route 35, Route 42, Route 43, Route 44, Route 45, Route 47, Ruines d'Alpha, Mont Argenté, Pokéwalker (Lac Brumeux) (Son Sinnoh, le Jeudi)","Route 4, Route 6, Route 9, Route 10, Route 13, Chenal 21, Route 22, Route 24, Route 25, Route 28, Route 30, Route 31, Route 32, Route 34, Route 35, Route 42, Route 43, Route 44, Route 45, Route 47, Ruines d'Alpha, Mont Argenté, Pokéwalker (Lac Brumeux) (Son Sinnoh, le Jeudi)","Route 11, Route 14 (Surf)","Route 11, Route 14 (Surf)","Route 11, Route 14, Route 23, Route Victoire, Bois des Illusions, Réserve Naturelle (Surf)","Route 11, Route 14, Route 23, Route Victoire, Bois des Illusions, Réserve Naturelle (Surf)",Indisponible,Indisponible,Indisponible,Indisponible,,,,,,,,,,,,,,
0419,Mustéflott,Mâle,,,,,,,,,,,,"Route 213, Route 218, Route 221, Route 222 Route 224, Route 230, Route Victoire, Forge Fuego","Route 213, Route 218, Route 221, Route 222 Route 224, Route 230, Route Victoire, Forge Fuego","Route 218, Route 221, Route 222 Route 224, Route 230, Route Victoire, Forge Fuego","Parc Safari (Zone Bois et Lac, avec 10 blocs aquatiques, immédiatement)","Parc Safari (Zone Bois et Lac, avec 10 blocs aquatiques, immédiatement)","Route 11, Route 14 (Surf tourbillon)","Route 11, Route 14 (Surf tourbillon)","Route 11, Route 14, Route 23, Route Victoire, Bois des Illusions, Réserve Naturelle (Surf tourbillon)","Route 11, Route 14, Route 23, Route Victoire, Bois des Illusions, Réserve Naturelle (Surf tourbillon)","Route 15, Mozheim, Caverne Gelée, Route Victoire (Surf), Route 16, Route 21 (Hautes herbes et Surf)","Route 15, Mozheim, Caverne Gelée, Route Victoire (Surf), Route 16, Route 21 (Hautes herbes et Surf)",Indisponible,Indisponible,Échange,Échange,"Ultra-Dimension, brèche bleue","Ultra-Dimension, brèche bleue",,,Incompatible,Incompatible,"Route 213, Route 218, Route 221, Route 222, Route 224, Chenal 230, Route Victoire, Forge Fuego","Route 213, Route 218, Route 221, Route 222, Route 224, Chenal 230, Route Victoire, Forge Fuego",??,,,
0419,Mustéflott,Femelle,,,,,,,,,,,,"Route 213, Route 218, Route 221, Route 222 Route 224, Route 230, Route Victoire, Forge Fuego","Route 213, Route 218, Route 221, Route 222 Route 224, Route 230, Route Victoire, Forge Fuego","Route 218, Route 221, Route 222 Route 224, Route 230, Route Victoire, Forge Fuego","Parc Safari (Zone Bois et Lac, avec 10 blocs aquatiques, immédiatement)","Parc Safari (Zone Bois et Lac, avec 10 blocs aquatiques, immédiatement)","Route 11, Route 14 (Surf tourbillon)","Route 11, Route 14 (Surf tourbillon)","Route 11, Route 14, Route 23, Route Victoire, Bois des Illusions, Réserve Naturelle (Surf tourbillon)","Route 11, Route 14, Route 23, Route Victoire, Bois des Illusions, Réserve Naturelle (Surf tourbillon)","Route 15, Mozheim, Caverne Gelée, Route Victoire (Surf), Route 16, Route 21 (Hautes herbes et Surf)","Route 15, Mozheim, Caverne Gelée, Route Victoire (Surf), Route 16, Route 21 (Hautes herbes et Surf)",Indisponible,Indisponible,,,,,,,,,,,,,,
0420,Ceribou,,,,,,,,,,,,,Arbres à Miel,Arbres à Miel,Arbres à Miel,"Parc Naturel (Coup d'Boule, arbres rares)","Parc Naturel (Coup d'Boule, arbres rares)",Indisponible,Indisponible,Indisponible,Indisponible,Indisponible,Indisponible,Indisponible,Indisponible,À transférer via Banque Pokémon,À transférer via Banque Pokémon,À transférer via Banque Pokémon,À transférer via Banque Pokémon,,,"Arbre à baies : Route 3, Plaine Verdoyante, Bois de Clairjour, Œil du Lac, Tour en ruines, Lac Milobellus Nord, Siège du Géant, Miroir du Géant, Coiffe du Géant, Berges de Motorby, Prairie Entre-Ponts, Lac Ouragan, Plateau de Kickenham","Arbre à baies : Route 3, Plaine Verdoyante, Bois de Clairjour, Œil du Lac, Tour en ruines, Lac Milobellus Nord, Siège du Géant, Miroir du Géant, Coiffe du Géant, Berges de Motorby, Prairie Entre-Ponts, Lac Ouragan, Plateau de Kickenham","Arbres à Miel, Grotte de la Prairie, Caverne Ensoleillée","Arbres à Miel, Grotte de la Prairie, Caverne Ensoleillée",??,,,
0421,Ceriflor,,,,,,,,,,,,,Indisponible,Indisponible,Indisponible,Indisponible,Indisponible,Route 12,Route 12,Indisponible,Indisponible,Indisponible,Indisponible,Forêt Mirage (Nord de Nénucrique),Forêt Mirage (Nord de Nénucrique),À transférer via Banque Pokémon,À transférer via Banque Pokémon,À transférer via Banque Pokémon,À transférer via Banque Pokémon,,,Expédition Dynamax,Expédition Dynamax,Faire évoluer Ceribou (niveau 25),Faire évoluer Ceribou (niveau 25),??,,,
0422,Sancoki,Mer Occident (Rose),,,,,,,,,,,,"Route 205, Route 218, Route 221, Forge Fuego, Les Éoliennes (Hautes herbes et parfois Surf)","Route 205, Route 218, Route 221, Forge Fuego, Les Éoliennes (Hautes herbes et parfois Surf)","Route 205, Route 218, Joliberges, Forge Fuego, Les Éoliennes (Hautes herbes et parfois Surf)",Pokéwalker (Plage Orageuse),Pokéwalker (Plage Orageuse),Indisponible,Indisponible,Échange interne avec Brenda/Julien à Méanville,Échange interne avec Brenda/Julien à Méanville,Indisponible,Indisponible,"Route 103, Route 110 (Navi-Dex)","Route 103, Route 110 (Navi-Dex)",Échange,Échange,"Échange interne, Village Flottant","Échange interne, Village Flottant",,,À transférer via Pokémon HOM,,"Route 205, Route 218, Route 221, Forge Fuego, Parc Éolien, Grotte des Eaux Souterraines","Route 205, Route 218, Route 221, Forge Fuego, Parc Éolien, Grotte des Eaux Souterraines",??,,,
0422,Sancoki,Mer Orient (Bleu),,,,,,,,,,,,"Route 213, Route 224","Route 213, Route 224","Route 212, Route 213 (Marche et Surf), Verchamps (Surf)",Indisponible,Indisponible,Indisponible,Indisponible,Échange interne avec Brenda/Julien à Méanville,Échange interne avec Brenda/Julien à Méanville,Indisponible,Indisponible,"Route 103, Route 110 (Navi-Dex)","Route 103, Route 110 (Navi-Dex)",Faire reproduire Tritosor forme Mer Orient,Faire reproduire Tritosor forme Mer Orient,Faire reproduire Tritosor forme Mer Orient,Faire reproduire Tritosor forme Mer Orient,,,"Prairie Entre-Ponts, Coiffe du Géant, Miroir du Géant, Berges de Motorby, Plaine Rocheuse, Mine de Galar n° 2","Prairie Entre-Ponts, Coiffe du Géant, Miroir du Géant, Berges de Motorby, Plaine Rocheuse, Mine de Galar n° 2","Route 213, Route 224","Route 213, Route 224",??,,,
0423,Tritosor,Mer Occident (Rose),,,,,,,,,,,,"Route 218, Route 221, Forge Fuego (Surf ou Hautes herbes)","Route 218, Route 221, Forge Fuego (Surf ou Hautes herbes)","Route 205, Route 218, Joliberges, Les Éoliennes, Forge Fuego (Surf ou Hautes herbes)",Indisponible,Indisponible,Indisponible,Indisponible,Indisponible,Indisponible,Indisponible,Indisponible,Indisponible,Indisponible,Échange,Échange,Faire évoluer Sancoki forme Mer Occident,Faire évoluer Sancoki forme Mer Occident,,,À transférer via Pokémon HOM,,"Route 218, Route 221, Forge Fuego, Grotte des Eaux Souterraines","Route 218, Route 221, Forge Fuego, Grotte des Eaux Souterraines",??,,,
0423,Tritosor,Mer Orient (Bleu),,,,,,,,,,,,"Route 222, Route 224, Route 230","Route 222, Route 224, Route 230","Route 212, Route 213, Route 224, Verchamps (Surf)",Indisponible,Indisponible,Indisponible,Indisponible,Indisponible,Indisponible,Indisponible,Indisponible,Indisponible,Indisponible,"Vieille Route, Île Noadkoko et Prairie de Poni (hautes herbes), Prairie de Poni (sur l'eau)","Vieille Route, Île Noadkoko et Prairie de Poni (hautes herbes), Prairie de Poni (sur l'eau)","Vieille Route, Île Noadkoko et Prairie de Poni (hautes herbes), Prairie de Poni (sur l'eau)","Vieille Route, Île Noadkoko et Prairie de Poni (hautes herbes), Prairie de Poni (sur l'eau)",,,"Route 9, Mine de Galar n° 2, Fosse des Sables, Miroir du Géant, Expédition Dynamax","Route 9, Mine de Galar n° 2, Fosse des Sables, Miroir du Géant, Expédition Dynamax","Route 222, Route 224, Chenal 230","Route 222, Route 224, Chenal 230",??,,,
0424,Capidextre,Mâle,,,,,,,,,,,,Indisponible,Indisponible,Indisponible,Indisponible,Indisponible,Indisponible,Indisponible,Échange interne contre un Minotaupe à Arabelle,Échange interne contre un Minotaupe à Arabelle,Indisponible,Indisponible,Indisponible,Indisponible,Échange,Échange,Intrusion* (Capumain*),Intrusion* (Capumain*),,,Incompatible,Incompatible,Faire évoluer Capumain (Gain d'un niveau en connaissant la capacité Coup Double),Faire évoluer Capumain (Gain d'un niveau en connaissant la capacité Coup Double),??,,,
0424,Capidextre,Femelle,,,,,,,,,,,,Indisponible,Indisponible,Indisponible,Indisponible,Indisponible,Indisponible,Indisponible,Échange interne contre un Minotaupe à Arabelle,Échange interne contre un Minotaupe à Arabelle,Indisponible,Indisponible,Indisponible,Indisponible,,,,,,,,,,,,,,
0425,Baudrive,,,,,,,,,,,,,Les Éoliennes (un tous les vendredis),Les Éoliennes (un tous les vendredis),Les Éoliennes (un tous les vendredis),Indisponible,Indisponible,Indisponible,Indisponible,Trouée Cachée (Route 13),Trouée Cachée (Route 13),Route 8,Route 8,Grand Envol,Grand Envol,En journée : Cimetière d'Ekaeka,En journée : Cimetière d'Ekaeka,En journée : Cimetière d'Ekaeka,En journée : Cimetière d'Ekaeka,,,"Route 5, Lac Milobellus Nord, Lac Milobellus Sud, Tour en ruines, Plaine Salutation, Plage de l'Épreuve, Mer Eau-Hisse, Lagune Circulaire, Mer Align'Îlots, Mer Isol'Îlots, Îlot Calméole, Mer Calméole","Route 5, Lac Milobellus Nord, Lac Milobellus Sud, Tour en ruines, Plaine Salutation, Plage de l'Épreuve, Mer Eau-Hisse, Lagune Circulaire, Mer Align'Îlots, Mer Isol'Îlots, Îlot Calméole, Mer Calméole",Parc Éolien (Uniquement le vendredi),Parc Éolien (Uniquement le vendredi),??,,,
0426,Grodrive,,,,,,,,,,,,,Indisponible,Indisponible,Indisponible,Indisponible,Indisponible,"Route 13, Route 14, Grotte Cyclopéenne*","Route 13, Route 14, Grotte Cyclopéenne*","Route 13, Route 14, Mont Renenvers","Route 13, Route 14, Mont Renenvers",Indisponible,Indisponible,Indisponible,Indisponible,Faire évoluer Baudrive (niveau 28),Faire évoluer Baudrive (niveau 28),Faire évoluer Baudrive (niveau 28),Faire évoluer Baudrive (niveau 28),,,"Œil du Lac, Lac Milobellus Nord, Lac Milobellus Sud, Tour en ruines, Plage de l'Épreuve, Route de l'Épreuve, Plaine des Efforts, Expédition Dynamax","Œil du Lac, Lac Milobellus Nord, Lac Milobellus Sud, Tour en ruines, Plage de l'Épreuve, Route de l'Épreuve, Plaine des Efforts, Expédition Dynamax",Faire évoluer Baudrive (Niveau 28),Faire évoluer Baudrive (Niveau 28),??,,,
0427,Laporeille,,,,,,,,,,,,,Forêt Vestigion,Forêt Vestigion,Forêt Vestigion,Route 25 (Essaim),Route 25 (Essaim),Indisponible,Indisponible,Volucité,Indisponible,Indisponible,Indisponible,Parc Safari (Navi-Dex),Parc Safari (Navi-Dex),Échange,Échange,"Route 1, Forêt de Poni","Route 1, Forêt de Poni",,,"Plaine Salutation, Plage de l'Épreuve","Plaine Salutation, Plage de l'Épreuve","Forêt Vestigion, Grotte Spacieuse, Grotte de la Prairie, Grotte du Blizzard, Grotte des Stalactites, Grotte de la Rivière, Caverne du Miroir d'Eau, Caverne Ensoleillée, Caverne du Glacier","Forêt Vestigion, Grotte Spacieuse, Grotte de la Prairie, Grotte du Blizzard, Grotte des Stalactites, Grotte de la Rivière, Caverne du Miroir d'Eau, Caverne Ensoleillée, Caverne du Glacier",??,,,
0428,Lockpin,,,,,,,,,,,,,Indisponible,Indisponible,Indisponible,Indisponible,Indisponible,Indisponible,Indisponible,Volucité (Herbes mouvantes),Indisponible,Indisponible,Indisponible,Indisponible,Indisponible,Échange,Échange,Intrusion* (Lockpin*),Intrusion* (Lockpin*),,,"Plaine Salutation, Lande Boldair, Expédition Dynamax","Plaine Salutation, Lande Boldair, Expédition Dynamax",Faire évoluer Laporeille (Bonheur),Faire évoluer Laporeille (Bonheur),??,,,
0429,Magirêve,,,,,,,,,,,,,Indisponible,Indisponible,Indisponible,Indisponible,Indisponible,Indisponible,Autel Abondance (Herbes mouvantes),Indisponible,Indisponible,Indisponible,Indisponible,Indisponible,Indisponible,Faire évoluer Feuforêve avec une Pierre Nuit,Faire évoluer Feuforêve avec une Pierre Nuit,Faire évoluer Feuforêve avec une Pierre Nuit,Faire évoluer Feuforêve avec une Pierre Nuit,,,Incompatible,Incompatible,Échange,Faire évoluer Feuforêve (Avec une Pierre Nuit),??,,,
0430,Corboss,,,,,,,,,,,,,Indisponible,Indisponible,Indisponible,Indisponible,Indisponible,Autel Abondance (Herbes mouvantes),Indisponible,Indisponible,Indisponible,Indisponible,Indisponible,Indisponible,Indisponible,Faire évoluer Cornèbre avec une Pierre Nuit,Faire évoluer Cornèbre avec une Pierre Nuit,,,,,Incompatible,Incompatible,Faire évoluer Cornèbre (Avec une Pierre Nuit),Échange,??,,,
0431,Chaglam,,,,,,,,,,,,,Indisponible,"Route 218, Route 222",Indisponible,Indisponible,Indisponible,Indisponible,Indisponible,Indisponible,Trouée Cachée (Mission fiesta),Indisponible,Indisponible,Forêt Mirage (Est d'Algatia),Forêt Mirage (Est d'Algatia),À transférer via Banque Pokémon,À transférer via Banque Pokémon,À transférer via Banque Pokémon,À transférer via Banque Pokémon,,,Incompatible,Incompatible,Échange,"Route 218, Route 222, Grotte Spacieuse, Grotte de la Prairie, Grotte de la Rivière, Caverne du Miroir d'Eau, Caverne Ensoleillée",??,,,
0432,Chaffreux,,,,,,,,,,,,,Indisponible,"Route 222, Route 229",Indisponible,Indisponible,Indisponible,Indisponible,Indisponible,Indisponible,Indisponible,Indisponible,Indisponible,"Forêt Mirage (Nord du Chenal 124, Nord-ouest de la Route 114, Nord de Nénucrique), Île Mirage (Est de la Grotte Tréfonds)","Forêt Mirage (Nord du Chenal 124, Nord-ouest de la Route 114, Nord de Nénucrique), Île Mirage (Est de la Grotte Tréfonds)",À transférer via Banque Pokémon,À transférer via Banque Pokémon,À transférer via Banque Pokémon,À transférer via Banque Pokémon,,,Incompatible,Incompatible,Échange,"Route 222, Route 229, Grotte Spacieuse, Grotte de la Prairie, Grotte de la Rivière, Caverne du Miroir d'Eau, Caverne Ensoleillée",??,,,
0433,Korillon,,,,,,,,,,,,,"Route 211, Mont Couronné, Lac Courage, Lac Savoir","Route 211, Mont Couronné, Lac Courage, Lac Savoir","Route 211, Mont Couronné, Source Adieu, Grotte Retour","Puits Ramoloss, Caves Jumelles, Grotte Argentée, Antre Noir, Tourb'Îles, Route de Glace, Grotte Falaise, Cave Taupiqueur, Mont Sélénite, Caverne Azurée, Grotte, Îles Écume, Route Victoire, Chutes Tohjo, Parc Safari, Pokéwalker (Lac Brumeux, Grotte Calme) (Son Sinnoh, le Jeudi)","Puits Ramoloss, Caves Jumelles, Grotte Argentée, Antre Noir, Tourb'Îles, Route de Glace, Grotte Falaise, Cave Taupiqueur, Mont Sélénite, Caverne Azurée, Grotte, Îles Écume, Route Victoire, Chutes Tohjo, Parc Safari, Pokéwalker (Lac Brumeux, Grotte Calme) (Son Sinnoh, le Jeudi)",Indisponible,Indisponible,Indisponible,Indisponible,"Route 11, Grotte Miroitante","Route 11, Grotte Miroitante",Indisponible,Indisponible,À transférer via Banque Pokémon,À transférer via Banque Pokémon,À transférer via Banque Pokémon,À transférer via Banque Pokémon,,,Incompatible,Incompatible,"Route 211, Mont Couronné, Lac Courage, Lac Savoir, Grotte Spacieuse, Grotte Éblouissante, Caverne de la Nuit Étoilée","Route 211, Mont Couronné, Lac Courage, Lac Savoir, Grotte Spacieuse, Grotte Éblouissante, Caverne de la Nuit Étoilée",??,,,
0434,Moufouette,,,,,,,,,,,,,"Route 206, Route 214, Route 221","Route 206, Route 214, Route 221","Route 206, Route 214, Route 221",Indisponible,Indisponible,Indisponible,Indisponible,Trouée Cachée (Mission fiesta),Indisponible,Route 11 (Hautes herbes* et Horde*),Route 11 (Hautes herbes* et Horde*),Indisponible,Indisponible,À transférer via Banque Pokémon,À transférer via Banque Pokémon,À transférer via Banque Pokémon,À transférer via Banque Pokémon,,,"Route 3, Bois de Clairjour, Lac Milobellus Nord, Lac Milobellus Sud, Coiffe du Géant","Route 3, Bois de Clairjour, Lac Milobellus Nord, Lac Milobellus Sud, Coiffe du Géant","Route 206, Route 214, Route 221, Grotte Spacieuse, Grotte de la Prairie, Grotte de la Rivière, Caverne du Miroir d'Eau, Caverne Ensoleillée",Échange,??,,,
0435,Moufflair,,,,,,,,,,,,,"Route 221, Route 225","Route 221, Route 225","Route 221, Route 225",Indisponible,Indisponible,Indisponible,Indisponible,Indisponible,Indisponible,Faire évoluer Moufouette au N.34,Faire évoluer Moufouette au N.34,Indisponible,Indisponible,À transférer via Banque Pokémon,À transférer via Banque Pokémon,À transférer via Banque Pokémon,À transférer via Banque Pokémon,,,"Fosse des Sables, Lac Ouragan, Lac Milobellus Nord, Lac Milobellus Sud, Expédition Dynamax","Fosse des Sables, Lac Ouragan, Lac Milobellus Nord, Lac Milobellus Sud, Expédition Dynamax","Route 221, Route 225, Grotte Spacieuse, Grotte de la Prairie, Grotte de la Rivière, Caverne du Miroir d'Eau, Caverne Ensoleillée",Échange,??,,,
0436,Archéomire,,,,,,,,,,,,,"Route 206, Grotte Revêche, Mont Couronné, Grotte Retour","Route 206, Grotte Revêche, Mont Couronné, Grotte Retour","Route 206, Grotte Revêche, Mont Couronné, Grotte Retour","Puits Ramoloss, Caves Jumelles, Grotte Argentée, Antre Noir, Tourb'Îles, Route de Glace, Grotte Falaise, Cave Taupiqueur, Mont Sélénite, Caverne Azurée, Grotte, Îles Écume, Route Victoire, Chutes Tohjo, Parc Safari, Pokéwalker (Pente Glaciale) (Son Sinnoh, le Jeudi)","Puits Ramoloss, Caves Jumelles, Grotte Argentée, Antre Noir, Tourb'Îles, Route de Glace, Grotte Falaise, Cave Taupiqueur, Mont Sélénite, Caverne Azurée, Grotte, Îles Écume, Route Victoire, Chutes Tohjo, Parc Safari, Pokéwalker (Pente Glaciale) (Son Sinnoh, le Jeudi)",Indisponible,Indisponible,"Autel Abondance (Hautes herbes), Trouée Cachée (Autel Abondance)","Autel Abondance (Hautes herbes), Trouée Cachée (Autel Abondance)",Indisponible,Indisponible,Mont Mémoria (Navi-Dex),Mont Mémoria (Navi-Dex),À transférer via Banque Pokémon,À transférer via Banque Pokémon,À transférer via Banque Pokémon,À transférer via Banque Pokémon,,,"Lac Milobellus Sud, Siège du Géant, Prairie Entre-Ponts, Empreinte du Géant, Empreinte du Géant","Lac Milobellus Sud, Siège du Géant, Prairie Entre-Ponts, Plaine Rocheuse, Empreinte du Géant, Empreinte du Géant","Route 206, Grotte des Égarés, Mont Couronné, Grotte Retour, Grotte des Rochers, Grotte Éblouissante, Grotte des Stalactites, Caverne du Piton, Caverne de la Nuit Étoilée, Caverne du Glacier","Route 206, Grotte des Égarés, Mont Couronné, Grotte Retour, Grotte des Rochers, Grotte Éblouissante, Grotte des Stalactites, Caverne du Piton, Caverne de la Nuit Étoilée, Caverne du Glacier",??,,,
0437,Archéodong,,,,,,,,,,,,,"Grotte Retour, Mont Couronné","Grotte Retour, Mont Couronné","Grotte Retour, Mont Couronné",Indisponible,Indisponible,Autel Abondance,Autel Abondance,Autel Abondance (Herbes sombres),Autel Abondance (Herbes sombres),Indisponible,Indisponible,Indisponible,Indisponible,À transférer via Banque Pokémon,À transférer via Banque Pokémon,À transférer via Banque Pokémon,À transférer via Banque Pokémon,,,"Route 8, Œil du Lac, Fosse des Sables, Lac Ouragan, Lac Ouragan, Prairie Entre-Ponts, Lac Coupenotte Est, Siège du Géant, Plaine Rocheuse, Repos du Géant, Empreinte du Géant, Croisée Trois-Voies, Expédition Dynamax","Route 8, Œil du Lac, Fosse des Sables, Lac Ouragan, Lac Ouragan, Prairie Entre-Ponts, Lac Coupenotte Est, Siège du Géant, Plaine Rocheuse, Repos du Géant, Empreinte du Géant, Croisée Trois-Voies, Expédition Dynamax","Grotte Retour, Mont Couronné","Grotte Retour, Mont Couronné",??,,,
0438,Manzaï,,,,,,,,,,,,,Manoir Pokémon,"Manoir Pokémon, Route 209, Route 210",Manoir Pokémon,Pokéwalker (Grande Forêt),Pokéwalker (Grande Forêt),Indisponible,Indisponible,Indisponible,Indisponible,Indisponible,Indisponible,Indisponible,Indisponible,"Routes 1*, et 5*, Jungle Sombrefeuille*","Routes 1*, et 5*, Jungle Sombrefeuille*","Routes 1*, et 5*, Jungle Sombrefeuille*","Routes 1*, et 5*, Jungle Sombrefeuille*",,,"Prairie Entre-Ponts, Plaine Rocheuse","Prairie Entre-Ponts, Plaine Rocheuse",Jardin Trophée (Après obtention du Pokédex National),"Route 209, Route 210, Jardin Trophée (Après obtention du Pokédex National)",??,,,
0439,Mime Jr.,,,,,,,,,,,,,"Manoir Pokémon, Route 209, Route 210",Manoir Pokémon,Manoir Pokémon,Pokéwalker (Plaine Sinnoh),Pokéwalker (Plaine Sinnoh),Indisponible,Indisponible,Indisponible,Indisponible,Grotte Miroitante (Horde),Grotte Miroitante (Horde),Indisponible,Indisponible,Échange,Échange,Ekaeka,Ekaeka,,,"Plaine Verdoyante, Plateau Beau-Gant, Plaine Granfroy, Repos du Géant, Cimetière Ancien, Pente Enneigée, Empreinte du Géant, Mer Banquise, Croisée Trois-Voies, Lac Poké Ball","Plaine Verdoyante, Plateau Beau-Gant, Plaine Granfroy, Repos du Géant, Cimetière Ancien, Pente Enneigée, Empreinte du Géant, Mer Banquise, Croisée Trois-Voies, Lac Poké Ball","Route 209, Route 210, Jardin Trophée (Après obtention du Pokédex National)",Jardin Trophée (Après obtention du Pokédex National),??,,,
0440,Ptiravi,,,,,,,,,,,,,"Manoir Pokémon, Œuf donne à Unionpolis","Manoir Pokémon, Œuf donne à Unionpolis",Manoir Pokémon,Indisponible,Indisponible,Indisponible,Forêt Blanche (avec Gabrielle dans la forêt),Œuf donné à Maillard,Œuf donné à Maillard,Indisponible,Indisponible,"Mont Mirage (Nord d'Algatia), Forêt Mirage (Ouest du Chenal 105)","Mont Mirage (Nord d'Algatia), Forêt Mirage (Ouest du Chenal 105)","Intrusion* (Pichu*, Goinfrex*, Manzaï*, Toudoudou*), Échange interne, Malié","Intrusion* (Pichu*, Goinfrex*, Manzaï*, Toudoudou*), Échange interne, Malié","Intrusion* (Pichu*, Goinfrex*, Manzaï*, Toudoudou*, Mime Jr.*, Lippouti*, Magby*)","Intrusion* (Pichu*, Goinfrex*, Manzaï*, Toudoudou*, Mime Jr.*, Lippouti*, Magby*)",,,"Plaine Salutation, Plage de l'Épreuve, Route de l'Épreuve, Forêt Flexion, Îlot Calméole, Mer Isol'Îlots, Lagune Circulaire, Lande Boldair, Mer Align'Îlots,Plaine des Efforts, Mer Eau-Hisse","Plaine Salutation, Plage de l'Épreuve, Route de l'Épreuve, Forêt Flexion, Îlot Calméole, Mer Isol'Îlots, Lagune Circulaire, Lande Boldair, Mer Align'Îlots,Plaine des Efforts, Mer Eau-Hisse","Œuf donné par un Montagnard à Unionpolis, Jardin Trophée (Après obtention du Pokédex National)","Œuf donné par un Montagnard à Unionpolis, Jardin Trophée (Après obtention du Pokédex National)",??,,,
0441,Pijako,,,,,,,,,,,,,"Route 222, Route 224, Échange contre un Mustébouée à Vestigion","Route 222, Route 224, Échange contre un Mustébouée à Vestigion","Route 213, Route 218, Route 222, Échange contre un Mustébouée à Vestigion","Tour Carillon, Tour Cendrée, Tour Chétiflor (Son Sinnoh, le Jeudi)","Tour Carillon, Tour Cendrée, Tour Chétiflor (Son Sinnoh, le Jeudi)",Indisponible,Indisponible,Trouée Cachée (Route 18),Trouée Cachée (Route 18),"Route 12, Baie Azur","Route 12, Baie Azur","Route 103, Route 104, Route 110 (Navi-Dex)","Route 103, Route 104, Route 110 (Navi-Dex)",À transférer via Banque Pokémon,À transférer via Banque Pokémon,À transférer via Banque Pokémon,À transférer via Banque Pokémon,,,Incompatible,Incompatible,"Route 222, Route 224","Route 222, Route 224",??,,,
0442,Spiritomb,,,,,,,,,,,,,Route 209 (nécessite d'avoir la Clé de Voûte et d'avoir rencontré 32 personnes dans le Souterrain de Sinnoh),Route 209 (nécessite d'avoir la Clé de Voûte et d'avoir rencontré 32 personnes dans le Souterrain de Sinnoh),Route 209 (nécessite d'avoir la Clé de Voûte et d'avoir rencontré 32 personnes dans le Souterrain de Sinnoh),Pokéwalker (Grotte Calme),Pokéwalker (Grotte Calme),Indisponible,Indisponible,Échange interne avec Brenda/Julien à Méanville,Échange interne avec Brenda/Julien à Méanville,Indisponible,Indisponible,"Lavandia Sea, chambre 4","Lavandia Sea, chambre 4",À transférer via Banque Pokémon,À transférer via Banque Pokémon,À transférer via Banque Pokémon,À transférer via Banque Pokémon,,,"Lac Poké Ball, interagir avec la tombe puis parler à 32 joueurs connectés en ligne","Lac Poké Ball, interagir avec la tombe puis parler à 32 joueurs connectés en ligne",Route 209 (Nécessite de placer la Clé de Voûte dans le rocher en forme de puits puis de rencontrer 32 personnes dans les Grands Souterrains),Route 209 (Nécessite de placer la Clé de Voûte dans le rocher en forme de puits puis de rencontrer 32 personnes dans les Grands Souterrains),??,,,
0443,Griknot,Mâle,,,,,,,,,,,,Grotte Revêche (entrée cachée),Grotte Revêche (entrée cachée),Grotte Revêche (entrée cachée),"Parc Safari (Zone Rocs et Lac, avec 13 blocs herbeux et 17 blocs rocheux, après 100 jours)","Parc Safari (Zone Rocs et Lac, avec 13 blocs herbeux et 17 blocs rocheux, après 100 jours)",Indisponible,Indisponible,Spécimen Chromatique donné par Guajava à Amaillide,Indisponible,Route 13,Route 13,Route 111 (Navi-Dex),Route 111 (Navi-Dex),Faire reproduire Carmache ou Carchacrok,Faire reproduire Carmache ou Carchacrok,Faire reproduire Carmache ou Carchacrok,Faire reproduire Carmache ou Carchacrok,,,Échange,Galeries Monte-Pic,"Grotte des Égarés (entrée cachée), Grotte des Eaux Souterraines, Grotte de la Rivière, Caverne du Miroir d'Eau","Grotte des Égarés (entrée cachée), Grotte des Eaux Souterraines, Grotte de la Rivière, Caverne du Miroir d'Eau",??,,,
0443,Griknot,Femelle,,,,,,,,,,,,Grotte Revêche (entrée cachée),Grotte Revêche (entrée cachée),Grotte Revêche (entrée cachée),"Parc Safari (Zone Rocs et Lac, avec 13 blocs herbeux et 17 blocs rocheux, après 100 jours)","Parc Safari (Zone Rocs et Lac, avec 13 blocs herbeux et 17 blocs rocheux, après 100 jours)",Indisponible,Indisponible,Indisponible,Indisponible,Route 13,Route 13,Route 111 (Navi-Dex),Route 111 (Navi-Dex),,,,,,,,,,,,,,
0444,Carmache,Mâle,,,,,,,,,,,,Indisponible,Indisponible,Route Victoire,Indisponible,Indisponible,Indisponible,Indisponible,Indisponible,Indisponible,"Safari des Amis Dragon, position 1 (0018-1380-4915)","Safari des Amis Dragon, position 1 (0018-1380-4915)",Indisponible,Indisponible,Désert Haina Intrusion* sous une tempête de Sable (Par n'importe quel Pokémon),Désert Haina Intrusion* sous une tempête de Sable (Par n'importe quel Pokémon),Désert Haina Intrusion* sous une tempête de Sable (Par n'importe quel Pokémon),Désert Haina Intrusion* sous une tempête de Sable (Par n'importe quel Pokémon),,,Échange,Faire évoluer Griknot (niveau 24),"Grotte des Eaux Souterraines, Grotte de la Rivière, Caverne du Miroir d'Eau","Grotte des Eaux Souterraines, Grotte de la Rivière, Caverne du Miroir d'Eau",??,,,
0444,Carmache,Femelle,,,,,,,,,,,,Indisponible,Indisponible,Route Victoire,Indisponible,Indisponible,Indisponible,Indisponible,Indisponible,Indisponible,"Safari des Amis Dragon, position 1 (0018-1380-4915)","Safari des Amis Dragon, position 1 (0018-1380-4915)",Indisponible,Indisponible,,,,,,,,,,,,,,
0445,Carchacrok,Mâle,,,,,,,,,,,,Indisponible,Indisponible,Indisponible,Indisponible,Indisponible,Indisponible,Indisponible,Indisponible,Indisponible,Indisponible,Indisponible,Indisponible,Indisponible,Faire évoluer Carmache (niveau 48),Faire évoluer Carmache (niveau 48),Faire évoluer Carmache (niveau 48),Faire évoluer Carmache (niveau 48),,,Échange,"Galeries Monte-Pic, Sentier Blanche-Cime",Faire évoluer Carmache (Niveau 48),Faire évoluer Carmache (Niveau 48),??,,,
0445,Carchacrok,Femelle,,,,,,,,,,,,Indisponible,Indisponible,Indisponible,Indisponible,Indisponible,Indisponible,Indisponible,Indisponible,Indisponible,Indisponible,Indisponible,Indisponible,Indisponible,,,,,,,,,,,,,,
0446,Goinfrex,,,,,,,,,,,,,Arbres à Miel (dans 4 arbres aléatoires sur toute la région),Arbres à Miel (dans 4 arbres aléatoires sur toute la région),Arbres à Miel (dans 4 arbres aléatoires sur toute la région),Pokéwalker (Grotte Calme),Pokéwalker (Grotte Calme),Échange interne contre un Pashmilla à Vaguelone (Été seulement),Échange interne contre un Pashmilla à Vaguelone (Été seulement),Indisponible,Indisponible,Indisponible,Indisponible,Indisponible,Indisponible,Route 1*,Route 1*,Route 1*,Route 1*,,,"Berges de Motorby, Lac Poké Ball Arbre à Baies : Lac Poké Ball, Expédition Dynamax","Berges de Motorby, Lac Poké Ball Arbre à Baies : Lac Poké Ball, Expédition Dynamax","Arbres à Miel (dans 4 arbres aléatoires sur toute la région), Grotte Spacieuse, Grotte de la Prairie, Grotte du Blizzard, Grotte de la Rivière, Caverne du Miroir d'Eau, Caverne Ensoleillée","Arbres à Miel (dans 4 arbres aléatoires sur toute la région), Grotte Spacieuse, Grotte de la Prairie, Grotte du Blizzard, Grotte de la Rivière, Caverne du Miroir d'Eau, Caverne Ensoleillée",??,,,
0447,Riolu,,,,,,,,,,,,,Œuf donné par Armand sur l'Île de Fer,Œuf donné par Armand sur l'Île de Fer,Œuf donné par Armand sur l'Île de Fer,"Parc Safari (Zone Champs de Fleurs, avec 10 blocs sylvestres et 14 blocs rocheux, après 70 jours)","Parc Safari (Zone Champs de Fleurs, avec 10 blocs sylvestres et 14 blocs rocheux, après 70 jours)",Antre d'Entraînement,Antre d'Entraînement,Ranch d'Amaillide,Ranch d'Amaillide,Route 22,Route 22,Indisponible,Indisponible,La journéeUSUL : Forêt de Poni (hautes herbes),La journéeUSUL : Forêt de Poni (hautes herbes),La journéeUSUL : Forêt de Poni (hautes herbes),La journéeUSUL : Forêt de Poni (hautes herbes),,,"Coiffe du Géant, Cavernes Gronde-Mer","Coiffe du Géant, Cavernes Gronde-Mer",Œuf donné par Armand sur l'Île de Fer,Œuf donné par Armand sur l'Île de Fer,??,,,
0448,Lucario,,,,,,,,,,,,,Indisponible,Indisponible,Indisponible,Indisponible,Indisponible,Indisponible,Indisponible,Indisponible,Indisponible,Indisponible,Indisponible,Indisponible,Indisponible,La journéeUSUL : Intrusion* (Riolu*),La journéeUSUL : Intrusion* (Riolu*),La journéeUSUL : Intrusion* (Riolu*),La journéeUSUL : Intrusion* (Riolu*),,,"Lac Milobellus Nord, Cavernes Gronde-Mer","Lac Milobellus Nord, Cavernes Gronde-Mer",Faire évoluer Riolu (Bonheur + gain d'un niveau de jour),Faire évoluer Riolu (Bonheur + gain d'un niveau de jour),??,,,
0449,Hippopotas,Mâle,,,,,,,,,,,,Grotte Ruineman.,Grotte Ruineman.,Grotte Ruineman.,"Parc Safari (Zone Désert, avec 28 blocs rocheux, immédiatement)","Parc Safari (Zone Désert, avec 28 blocs rocheux, immédiatement)",Route 4 (Troupeau),Route 4 (Troupeau),Indisponible,Indisponible,Route 9,Route 9,Indisponible,Indisponible,Échange,Échange,Faire reproduire Hippodocus,Faire reproduire Hippodocus,,,"Route 6, Fosse des Sables","Route 6, Fosse des Sables","Grotte du Ruinophile*, Grotte des Rochers, Grotte des Sables Ardents, Caverne du Piton","Grotte du Ruinophile*, Grotte des Rochers, Grotte des Sables Ardents, Caverne du Piton",??,,,
0449,Hippopotas,Femelle,,,,,,,,,,,,Grotte Ruineman.,Grotte Ruineman.,Grotte Ruineman.,"Parc Safari (Zone Désert, avec 28 blocs rocheux, immédiatement)","Parc Safari (Zone Désert, avec 28 blocs rocheux, immédiatement)",Route 4 (Troupeau),Route 4 (Troupeau),Indisponible,Indisponible,Route 9,Route 9,Indisponible,Indisponible,,,,,,,,,,,,,,
0450,Hippodocus,Mâle,,,,,,,,,,,,Route 228,Route 228,Route 228,Indisponible,Indisponible,Indisponible,Indisponible,Désert Délassant (Troupeau),Désert Délassant (Troupeau),Indisponible,Indisponible,Indisponible,Indisponible,Échange,Échange,"Ultra-Dimension, brèche jaune","Ultra-Dimension, brèche jaune",,,"Route 8, Miroir du Géant, Lac Ouragan","Route 8, Miroir du Géant, Lac Ouragan",Route 228,Route 228,??,,,
0450,Hippodocus,Femelle,,,,,,,,,,,,Route 228,Route 228,Route 228,Indisponible,Indisponible,Indisponible,Indisponible,Désert Délassant (Troupeau),Désert Délassant (Troupeau),Indisponible,Indisponible,Indisponible,Indisponible,,,,,,,,,,,,,,
0451,Rapion,,,,,,,,,,,,,Grand Marais (occasionnel),Grand Marais (occasionnel),Grand Marais (occasionnel),"Parc Safari (Zone Terre Aride, avec 28 blocs rocheux, immédiatement)","Parc Safari (Zone Terre Aride, avec 28 blocs rocheux, immédiatement)",Indisponible,Indisponible,"Mont Renenvers, Trouée Cachée (Route 13)","Mont Renenvers, Trouée Cachée (Route 13)","Route 14 (Hautes herbes et Horde), Route 16 (Fleurs), Route 15","Route 14 (Hautes herbes et Horde), Route 16 (Fleurs), Route 15",Route 114 (Navi-Dex),Route 114 (Navi-Dex),Échange,Échange,Faire reproduire Drascore,Faire reproduire Drascore,,,"Route 6, Miroir du Géant, Berges de Motorby, Lande Boldair","Route 6, Miroir du Géant, Berges de Motorby, Lande Boldair","Grand Marais, Grotte du Magma, Grotte du Marécage, Grotte des Sables Ardents, Caverne du Piton, Caverne du Marais Sans Fond, Caverne Typhlosion","Grand Marais, Grotte du Magma, Grotte du Marécage, Grotte des Sables Ardents, Caverne du Piton, Caverne du Marais Sans Fond, Caverne Typhlosion",??,,,
0452,Drascore,,,,,,,,,,,,,Grand Marais (occasionnel),Grand Marais (occasionnel),Grand Marais (occasionnel),Indisponible,Indisponible,Indisponible,Indisponible,Indisponible,Indisponible,Route 19 (Hautes herbes),Route 19 (Hautes herbes),Indisponible,Indisponible,Échange,Échange,"Ultra-Dimension, brèche verte","Ultra-Dimension, brèche verte",,,"Route 8, Lac Ouragan, Prairie Entre-Ponts, Berges de Motorby, Plage de l'Épreuve, Lande Boldair, Plaine des Efforts, Expédition Dynamax","Route 8, Lac Ouragan, Prairie Entre-Ponts, Berges de Motorby, Plage de l'Épreuve, Lande Boldair, Plaine des Efforts, Expédition Dynamax",Grand Marais (Après obtention du Pokédex National),Grand Marais (Après obtention du Pokédex National),??,,,
0453,Cradopaud,Mâle,,,,,,,,,,,,Grand Marais (occasionnel),Grand Marais (occasionnel),"Grand Marais (occasionnel), Route 212","Parc Safari (Zone Marais, avec 21 blocs sylvestres, après 20 jours)","Parc Safari (Zone Marais, avec 21 blocs sylvestres, après 20 jours)","Route 8 (Troupeau, au Printemps, en Été et en Automne)","Route 8 (Troupeau, au Printemps, en Été et en Automne)","Route 8, Flocombe, Tourbière Flocombe (au Printemps, en Été et en Automne)","Route 8, Flocombe, Tourbière Flocombe (au Printemps, en Été et en Automne)",Route 7,Route 7,Indisponible,Indisponible,À transférer via Banque Pokémon,À transférer via Banque Pokémon,À transférer via Banque Pokémon,À transférer via Banque Pokémon,,,Échange,"Mine de Galar n° 2, Abords de Motorby, Prairie Entre-Ponts, Plaine Rocheuse, Fosse des Sables, Coiffe du Géant, Lande Boldair, Forêt Flexion","Grand Marais, Grotte du Marécage, Grotte de la Rivière, Caverne du Miroir d'Eau, Caverne du Marais Sans Fond","Grand Marais, Grotte du Marécage, Grotte de la Rivière, Caverne du Miroir d'Eau, Caverne du Marais Sans Fond",??,,,
0453,Cradopaud,Femelle,,,,,,,,,,,,Grand Marais (occasionnel),Grand Marais (occasionnel),"Grand Marais (occasionnel), Route 212","Parc Safari (Zone Marais, avec 21 blocs sylvestres, après 20 jours)","Parc Safari (Zone Marais, avec 21 blocs sylvestres, après 20 jours)","Route 8 (Troupeau, au Printemps, en Été et en Automne)","Route 8 (Troupeau, au Printemps, en Été et en Automne)","Route 8, Flocombe, Tourbière Flocombe (au Printemps, en Été et en Automne)","Route 8, Flocombe, Tourbière Flocombe (au Printemps, en Été et en Automne)",Route 7,Route 7,Indisponible,Indisponible,,,,,,,,,,,,,,
0454,Coatox,Mâle,,,,,,,,,,,,Grand Marais (occasionnel),Grand Marais (occasionnel),Grand Marais (occasionnel),Indisponible,Indisponible,Indisponible,Indisponible,Forêt d'Empoigne (Extérieur),Forêt d'Empoigne (Extérieur),Indisponible,Indisponible,Indisponible,Indisponible,À transférer via Banque Pokémon,À transférer via Banque Pokémon,À transférer via Banque Pokémon,À transférer via Banque Pokémon,,,Échange,"Plaine Rocheuse, Route de l'Épreuve, Plaine des Efforts",Grand Marais (Après obtention du Pokédex National),Grand Marais (Après obtention du Pokédex National),??,,,
0454,Coatox,Femelle,,,,,,,,,,,,Grand Marais (occasionnel),Grand Marais (occasionnel),Grand Marais (occasionnel),Indisponible,Indisponible,Indisponible,Indisponible,Forêt d'Empoigne (Extérieur),Forêt d'Empoigne (Extérieur),Indisponible,Indisponible,Indisponible,Indisponible,,,,,,,,,,,,,,
0455,Vortente,,,,,,,,,,,,,Grand Marais (occasionnel),Grand Marais (occasionnel),Grand Marais (occasionnel),"Bois aux Chênes, Forêt de Jade, Parc Safari (Son Sinnoh, le Jeudi)","Bois aux Chênes, Forêt de Jade, Parc Safari (Son Sinnoh, le Jeudi)",Indisponible,Indisponible,Route 18,Route 18,"Route 14, Route 19","Route 14, Route 19",Indisponible,Indisponible,À transférer via Banque Pokémon,À transférer via Banque Pokémon,À transférer via Banque Pokémon,À transférer via Banque Pokémon,,,Incompatible,Incompatible,Grand Marais,Grand Marais,??,,,
0456,Écayon,Mâle,,,,,,,,,,,,"Route 205, Route 218, Route 219, Chenal 220, Route 221, Forge Fuego, Île de Fer, Joliberges, Éoliennes (Super Canne)","Route 205, Route 218, Route 219, Chenal 220, Route 221, Forge Fuego, Île de Fer, Joliberges, Éoliennes (Super Canne)","Route 205, Route 218, Route 219, Chenal 220, Route 221, Forge Fuego, Île de Fer, Joliberges, Éoliennes (Super Canne)",Pokéwalker (Plage Orageuse),Pokéwalker (Plage Orageuse),"Chenal 17, Route 18 (Pêche)","Chenal 17, Route 18 (Pêche)","Route 4, Chenal 17, Route 18, Ondes-sur-Mer, Z.I. d'Ondes-sur-Mer (Pêche)","Route 4, Chenal 17, Route 18, Ondes-sur-Mer, Z.I. d'Ondes-sur-Mer (Pêche)",Indisponible,Indisponible,"Chenal 122, Chenal 124, Chenal 125, Chenal 126, Chenal 127, Chenal 128, Chenal 129, Chenal 130, Chenal 131, Chenal 132, Chenal 133, Chenal 134 (Navi-Dex)","Chenal 122, Chenal 124, Chenal 125, Chenal 126, Chenal 127, Chenal 128, Chenal 129, Chenal 130, Chenal 131, Chenal 132, Chenal 133, Chenal 134 (Navi-Dex)","Sur l'eau : Routes 7, 8, 14, et 15, Plage d'Ekaeka, Abords d'Ekaeka, Baie de Kala'e, Mer de Mele-Mele, Colline Clapotis*, Plage Hano-Hano, Côte Sauvage","Sur l'eau : Routes 7, 8, 14, et 15, Plage d'Ekaeka, Abords d'Ekaeka, Baie de Kala'e, Mer de Mele-Mele, Colline Clapotis*, Plage Hano-Hano, Côte Sauvage","Sur l'eau : Routes 7, 8, 14, et 15, Plage d'Ekaeka, Abords d'Ekaeka, Baie de Kala'e, Mer de Mele-Mele, Colline Clapotis*, Plage Hano-Hano, Côte Sauvage","Sur l'eau : Routes 7, 8, 14, et 15, Plage d'Ekaeka, Abords d'Ekaeka, Baie de Kala'e, Mer de Mele-Mele, Colline Clapotis*, Plage Hano-Hano, Côte Sauvage",,,Incompatible,Incompatible,"Super Canne : Route 205, Route 218, Route 219, Chenal 220, Route 221, Forge Fuego, Île de Fer, Joliberges, Parc Éolien","Super Canne : Route 205, Route 218, Route 219, Chenal 220, Route 221, Forge Fuego, Île de Fer, Joliberges, Parc Éolien",??,,,
0456,Écayon,Femelle,,,,,,,,,,,,"Route 205, Route 218, Route 219, Chenal 220, Route 221, Forge Fuego, Île de Fer, Joliberges, Éoliennes (Super Canne)","Route 205, Route 218, Route 219, Chenal 220, Route 221, Forge Fuego, Île de Fer, Joliberges, Éoliennes (Super Canne)","Route 205, Route 218, Route 219, Chenal 220, Route 221, Forge Fuego, Île de Fer, Joliberges, Éoliennes (Super Canne)",Pokéwalker (Plage Orageuse),Pokéwalker (Plage Orageuse),"Chenal 17, Route 18 (Pêche)","Chenal 17, Route 18 (Pêche)","Route 4, Chenal 17, Route 18, Ondes-sur-Mer, Z.I. d'Ondes-sur-Mer (Pêche)","Route 4, Chenal 17, Route 18, Ondes-sur-Mer, Z.I. d'Ondes-sur-Mer (Pêche)",Indisponible,Indisponible,"Chenal 122, Chenal 124, Chenal 125, Chenal 126, Chenal 127, Chenal 128, Chenal 129, Chenal 130, Chenal 131, Chenal 132, Chenal 133, Chenal 134 (Navi-Dex)","Chenal 122, Chenal 124, Chenal 125, Chenal 126, Chenal 127, Chenal 128, Chenal 129, Chenal 130, Chenal 131, Chenal 132, Chenal 133, Chenal 134 (Navi-Dex)",,,,,,,,,,,,,,
0457,Luminéon,Mâle,,,,,,,,,,,,"Route 205, Route 218, Route 219, Chenal 220, Route 221, Forge Fuego, Île de Fer, Joliberges, Éoliennes (Méga Canne)","Route 205, Route 218, Route 219, Chenal 220, Route 221, Forge Fuego, Île de Fer, Joliberges, Éoliennes (Méga Canne)","Route 205, Route 218, Route 219, Chenal 220, Route 221, Forge Fuego, Île de Fer, Joliberges, Éoliennes (Méga Canne)",Indisponible,Indisponible,"Chenal 17, Route 18 (Pêche tourbillon)","Chenal 17, Route 18 (Pêche tourbillon)","Route 4, Chenal 17, Route 18, Ondes-sur-Mer, (Pêche tourbillon)","Route 4, Chenal 17, Route 18, Ondes-sur-Mer, (Pêche tourbillon)",Indisponible,Indisponible,Indisponible,Indisponible,Sur l'eau : Prairie de Poni,Sur l'eau : Prairie de Poni,Sur l'eau : Récif de Poni,Sur l'eau : Récif de Poni,,,Incompatible,Incompatible,"Méga Canne : Route 205, Route 218, Route 219, Chenal 220, Route 221, Forge Fuego, Île de Fer, Joliberges, Parc Éolien","Méga Canne : Route 205, Route 218, Route 219, Chenal 220, Route 221, Forge Fuego, Île de Fer, Joliberges, Parc Éolien",??,,,
0457,Luminéon,Femelle,,,,,,,,,,,,"Route 205, Route 218, Route 219, Chenal 220, Route 221, Forge Fuego, Île de Fer, Joliberges, Éoliennes (Méga Canne)","Route 205, Route 218, Route 219, Chenal 220, Route 221, Forge Fuego, Île de Fer, Joliberges, Éoliennes (Méga Canne)","Route 205, Route 218, Route 219, Chenal 220, Route 221, Forge Fuego, Île de Fer, Joliberges, Éoliennes (Méga Canne)",Indisponible,Indisponible,"Chenal 17, Route 18 (Pêche tourbillon)","Chenal 17, Route 18 (Pêche tourbillon)","Route 4, Chenal 17, Route 18, Ondes-sur-Mer, (Pêche tourbillon)","Route 4, Chenal 17, Route 18, Ondes-sur-Mer, (Pêche tourbillon)",Indisponible,Indisponible,Indisponible,Indisponible,,,,,,,,,,,,,,
0458,Babimanta,,,,,,,,,,,,,"Rivamar, Chenal 223 (Surf)","Rivamar, Chenal 223 (Surf)","Rivamar, Chenal 223 (Surf)",Indisponible,Indisponible,"Vaguelone, Baie Vaguelone (Sauf Hiver) (Surf)","Vaguelone, Baie Vaguelone (Sauf Hiver) (Surf)","Chenal 21, Baie Vaguelone (Sauf Hiver)(Surf)","Chenal 21, Baie Vaguelone (Sauf Hiver)(Surf)","Route 12, Yantreizh, Baie Azur (Surf)","Route 12, Yantreizh, Baie Azur (Surf)",Atoll de Combat (Surf),Atoll de Combat (Surf),Échange,Échange,"Sur l'eau : Route 8, Ekaeka, Baie de Kala'e, Mer de Mele-Mele","Sur l'eau : Route 8, Ekaeka, Baie de Kala'e, Mer de Mele-Mele",,,"Route 9, Lac Ouragan, Berges de Motorby, Plaine Salutation, Mer Eau-Hisse, Mer Align'Îlots, Mer Isol'Îlots, Îlot Calméole, Mer Calméole","Route 9, Lac Ouragan, Berges de Motorby, Plaine Salutation, Mer Eau-Hisse, Mer Align'Îlots, Mer Isol'Îlots, Îlot Calméole, Mer Calméole","Surf : Chenal 223, Rivamar, Grotte Spacieuse, Grotte des Eaux Souterraines, Grotte de la Rivière, Caverne du Miroir d'Eau","Surf : Chenal 223, Rivamar, Grotte Spacieuse, Grotte des Eaux Souterraines, Grotte de la Rivière, Caverne du Miroir d'Eau",??,,,
0459,Blizzi,Mâle,,,,,,,,,,,,"Route 216, Route 217, Rive Lac Savoir, Mont Couronné","Route 216, Route 217, Rive Lac Savoir, Mont Couronné","Route 216, Route 217, Rive Lac Savoir, Lac Savoir, Mont Couronné",Pokéwalker (Pente Glaciale),Pokéwalker (Pente Glaciale),Indisponible,Indisponible,Indisponible,Indisponible,Route 17,Route 17,Indisponible,Indisponible,Échange,Échange,Faire reproduire Blizzaroi,Faire reproduire Blizzaroi,,,"Route 8, Route 10, Bois de Clairjour, Lac Coupenotte Est, Œil du Lac, Tour en ruines, Lac Milobellus Nord, Lac Milobellus Sud, Siège du Géant, Miroir du Géant, Coiffe du Géant, Fosse des Sables, Plaine Granfroy","Route 8, Route 10, Bois de Clairjour, Lac Coupenotte Est, Œil du Lac, Tour en ruines, Lac Milobellus Nord, Lac Milobellus Sud, Siège du Géant, Miroir du Géant, Coiffe du Géant, Fosse des Sables, Plaine Granfroy","Route 216, Route 217, Rive Lac Savoir, Mont Couronné, Grotte du Blizzard, Grotte des Stalactites, Caverne du Glacier","Route 216, Route 217, Rive Lac Savoir, Mont Couronné, Grotte du Blizzard, Grotte des Stalactites, Caverne du Glacier",??,,,
0459,Blizzi,Femelle,,,,,,,,,,,,"Route 216, Route 217, Rive Lac Savoir, Mont Couronné","Route 216, Route 217, Rive Lac Savoir, Mont Couronné","Route 216, Route 217, Rive Lac Savoir, Lac Savoir, Mont Couronné",Pokéwalker (Pente Glaciale),Pokéwalker (Pente Glaciale),Indisponible,Indisponible,Indisponible,Indisponible,Route 17,Route 17,Indisponible,Indisponible,,,,,,,,,,,,,,
0460,Blizzaroi,Mâle,,,,,,,,,,,,Mont Couronné (extérieur),Mont Couronné (extérieur),Mont Couronné (extérieur),Indisponible,Indisponible,Indisponible,Indisponible,Indisponible,Indisponible,Route 17,Route 17,Indisponible,Indisponible,Échange,Échange,"Ultra-Dimension, brèche jaune","Ultra-Dimension, brèche jaune",,,"Route 10, Fosse des Sables, Lac Ouragan, Œil du Lac, Miroir du Géant, Siège du Géant, Plateau de Kickenham, Plaine Granfroy, Plateau Beau-Gant, Plaine Granfroy, Expédition Dynamax","Route 10, Fosse des Sables, Lac Ouragan, Œil du Lac, Miroir du Géant, Siège du Géant, Plateau de Kickenham, Plaine Granfroy, Plateau Beau-Gant, Plaine Granfroy, Expédition Dynamax",Mont Couronné (Extérieur),Mont Couronné (Extérieur),??,,,
0460,Blizzaroi,Femelle,,,,,,,,,,,,Mont Couronné (extérieur),Mont Couronné (extérieur),Mont Couronné (extérieur),Indisponible,Indisponible,Indisponible,Indisponible,Indisponible,Indisponible,Route 17,Route 17,Indisponible,Indisponible,,,,,,,,,,,,,,
0461,Dimoret,Mâle,,,,,,,,,,,,Indisponible,Indisponible,Indisponible,Indisponible,Indisponible,Indisponible,Indisponible,Indisponible,Indisponible,Indisponible,Indisponible,Indisponible,Indisponible,Faire gagner un niveau de nuit à Farfuret alors qu'il tient une Griffe Rasoir,Faire gagner un niveau de nuit à Farfuret alors qu'il tient une Griffe Rasoir,Faire gagner un niveau de nuit à Farfuret alors qu'il tient une Griffe Rasoir,Faire gagner un niveau de nuit à Farfuret alors qu'il tient une Griffe Rasoir,,,"Prairie Entre-Ponts, Plateau Beau-Gant, Plaine Granfroy, Pente Enneigée","Prairie Entre-Ponts, Plateau Beau-Gant, Plaine Granfroy, Pente Enneigée",Faire évoluer Farfuret (Gain d'un niveau de nuit en tenant une Griffe Rasoir),Faire évoluer Farfuret (Gain d'un niveau de nuit en tenant une Griffe Rasoir),??,,,
0461,Dimoret,Femelle,,,,,,,,,,,,Indisponible,Indisponible,Indisponible,Indisponible,Indisponible,Indisponible,Indisponible,Indisponible,Indisponible,Indisponible,Indisponible,Indisponible,Indisponible,,,,,,,,,,,,,,
0462,Magnézone,,,,,,,,,,,,,Indisponible,Indisponible,Indisponible,Indisponible,Indisponible,Indisponible,Indisponible,Labo P2 (Herbes mouvantes),Labo P2 (Herbes mouvantes),Indisponible,Indisponible,Indisponible,Indisponible,,,Faire gagner un niveau à Magnéton au Grand Canyon de Poni ou au Mont Ardent,Faire gagner un niveau à Magnéton au Grand Canyon de Poni ou au Mont Ardent,,,"Lagune Circulaire, Mer Isol'Îlots, Plage de l'Épreuve","Lagune Circulaire, Mer Isol'Îlots, Plage de l'Épreuve",Faire évoluer Magnéton (Avec une Pierre Foudre ou Gain de niveau au Mont Couronné),Faire évoluer Magnéton (Avec une Pierre Foudre ou Gain de niveau au Mont Couronné),??,,,
0463,Coudlangue,,,,,,,,,,,,,Indisponible,Indisponible,Indisponible,Indisponible,Indisponible,Indisponible,Indisponible,Route 2 (Herbes mouvantes),Route 2 (Herbes mouvantes),Indisponible,Indisponible,Indisponible,Indisponible,Échange,Échange,Faire gagner un niveau à Excelangue alors qu'il connaît Roulade,Faire gagner un niveau à Excelangue alors qu'il connaît Roulade,,,Lande Boldair,Lande Boldair,Faire évoluer Excelangue (Gain d'un niveau en connaissant la capacité Roulade),Faire évoluer Excelangue (Gain d'un niveau en connaissant la capacité Roulade),??,,,
0464,Rhinastoc,Mâle,,,,,,,,,,,,Indisponible,Indisponible,Indisponible,Indisponible,Indisponible,Indisponible,Indisponible,Indisponible,Indisponible,Indisponible,Indisponible,Indisponible,Indisponible,Faire évoluer Rhinoféros par échange en lui faisant tenir un Protecteur,Faire évoluer Rhinoféros par échange en lui faisant tenir un Protecteur,Faire évoluer Rhinoféros par échange en lui faisant tenir un Protecteur,Faire évoluer Rhinoféros par échange en lui faisant tenir un Protecteur,,,Sables de Kudsac,Sables de Kudsac,Faire évoluer Rhinoféros (Échange en tenant l'objet Protecteur),Faire évoluer Rhinoféros (Échange en tenant l'objet Protecteur),??,,,
0464,Rhinastoc,Femelle,,,,,,,,,,,,Indisponible,Indisponible,Indisponible,Indisponible,Indisponible,Indisponible,Indisponible,Indisponible,Indisponible,Indisponible,Indisponible,Indisponible,Indisponible,,,,,,,,,,,,,,
0465,Bouldeneu,Mâle,,,,,,,,,,,,Indisponible,Indisponible,Indisponible,Indisponible,Indisponible,"Route 13, Grotte Cyclopéenne (Entrée) (Herbes mouvantes)","Route 13, Grotte Cyclopéenne (Entrée) (Herbes mouvantes)","Route 13, Grotte Cyclopéenne (Entrée) (Herbes mouvantes)","Route 13, Grotte Cyclopéenne (Entrée) (Herbes mouvantes)",Indisponible,Indisponible,Indisponible,Indisponible,À transférer via Banque Pokémon,À transférer via Banque Pokémon,À transférer via Banque Pokémon,À transférer via Banque Pokémon,,,Forêt Flexion,Forêt Flexion,"Grotte du Marécage, Caverne du Marais Sans Fond","Grotte du Marécage, Caverne du Marais Sans Fond",??,,,
0465,Bouldeneu,Femelle,,,,,,,,,,,,Indisponible,Indisponible,Indisponible,Indisponible,Indisponible,"Route 13, Grotte Cyclopéenne (Entrée) (Herbes mouvantes)","Route 13, Grotte Cyclopéenne (Entrée) (Herbes mouvantes)","Route 13, Grotte Cyclopéenne (Entrée) (Herbes mouvantes)","Route 13, Grotte Cyclopéenne (Entrée) (Herbes mouvantes)",Indisponible,Indisponible,Indisponible,Indisponible,,,,,,,,,,,,,,
0466,Élekable,,,,,,,,,,,,,Indisponible,Indisponible,Indisponible,Indisponible,Indisponible,Indisponible,Indisponible,Indisponible,Indisponible,Indisponible,Indisponible,Indisponible,Indisponible,Faire évoluer Élektek par échange en lui faisant tenir un Électriseur,Faire évoluer Élektek par échange en lui faisant tenir un Électriseur,Faire évoluer Élektek par échange en lui faisant tenir un Électriseur,Faire évoluer Élektek par échange en lui faisant tenir un Électriseur,,,"Repos du Géant, Mer Banquise, Croisée Trois-Voies, Lac Poké Ball","Repos du Géant, Mer Banquise, Croisée Trois-Voies, Lac Poké Ball",Faire évoluer Élektek (Échange en tenant un Électriseur),Échange,??,,,
0467,Maganon,,,,,,,,,,,,,Indisponible,Indisponible,Indisponible,Indisponible,Indisponible,Indisponible,Indisponible,Indisponible,Indisponible,Indisponible,Indisponible,Indisponible,Indisponible,Faire évoluer Magmar par échange en lui faisant tenir un Magmariseur,Faire évoluer Magmar par échange en lui faisant tenir un Magmariseur,Faire évoluer Magmar par échange en lui faisant tenir un Magmariseur,Faire évoluer Magmar par échange en lui faisant tenir un Magmariseur,,,"Plateau Beau-Gant, Repos du Géant, Pente Enneigée, Mer Banquise, Lac Poké Ball","Plateau Beau-Gant, Repos du Géant, Pente Enneigée, Mer Banquise, Lac Poké Ball",Échange,Faire évoluer Magmar (Échange en tenant Magmariseur),??,,,
0468,Togekiss,,,,,,,,,,,,,Indisponible,Indisponible,Indisponible,Indisponible,Indisponible,Indisponible,Indisponible,Indisponible,Indisponible,Indisponible,Indisponible,Indisponible,Indisponible,"Scanner des Îles : Mardi, Chemin du Défi","Scanner des Îles : Mardi, Chemin du Défi",Échange,Échange,,,Fosse des Sables,Fosse des Sables,Faire évoluer Togetic (Avec une Pierre Éclat),Faire évoluer Togetic (Avec une Pierre Éclat),??,,,
0469,Yanmega,,,,,,,,,,,,,Indisponible,Indisponible,Indisponible,Indisponible,Indisponible,Indisponible,Indisponible,"Route 3, Forêt d'Empoigne (Extérieur) (Herbes mouvantes)","Route 3, Forêt d'Empoigne (Extérieur) (Herbes mouvantes)",Indisponible,Indisponible,Indisponible,Indisponible,Échange,Échange,"Ultra-Dimension, brèche rouge","Ultra-Dimension, brèche rouge",,,Incompatible,Incompatible,Faire évoluer Yanma (Gain d'un niveau en connaissant la capacité Pouvoir Antique),Faire évoluer Yanma (Gain d'un niveau en connaissant la capacité Pouvoir Antique),??,,,
0470,Phyllali,,,,,,,,,,,,,Indisponible,Indisponible,Indisponible,Indisponible,Indisponible,Indisponible,Indisponible,Indisponible,Indisponible,Indisponible,Indisponible,Indisponible,Indisponible,Faire gagner un niveau à Évoli près de la Pierre Mousse (Jungle Sombrefeuille),Faire gagner un niveau à Évoli près de la Pierre Mousse (Jungle Sombrefeuille),Faire gagner un niveau à Évoli près de la Pierre Mousse (Jungle Sombrefeuille),Faire gagner un niveau à Évoli près de la Pierre Mousse (Jungle Sombrefeuille),,,"Lac Ouragan, Repos du Géant","Lac Ouragan, Repos du Géant",Faire évoluer Évoli (Avec une Pierre Plante ou Gain d'un niveau près d'une Pierre Mousse dans la Forêt Vestigion),Faire évoluer Évoli (Avec une Pierre Plante ou Gain d'un niveau près d'une Pierre Mousse dans la Forêt Vestigion),??,,,
0471,Givrali,,,,,,,,,,,,,Indisponible,Indisponible,Indisponible,Indisponible,Indisponible,Indisponible,Indisponible,Indisponible,Indisponible,Indisponible,Indisponible,Indisponible,Indisponible,Faire gagner un niveau à Évoli près de la Pierre Glacée (Mont Lanakila),Faire gagner un niveau à Évoli près de la Pierre Glacée (Mont Lanakila),Faire gagner un niveau à Évoli près de la Pierre Glacée (Mont Lanakila),Faire gagner un niveau à Évoli près de la Pierre Glacée (Mont Lanakila),,,"Lac Ouragan, Repos du Géant","Lac Ouragan, Repos du Géant",Faire évoluer Évoli (Avec une Pierre Glace ou Gain d'un niveau près d'une Pierre Glacée sur la Route 217),Faire évoluer Évoli (Avec une Pierre Glace ou Gain d'un niveau près d'une Pierre Glacée sur la Route 217),??,,,
0472,Scorvol,,,,,,,,,,,,,Indisponible,Indisponible,Indisponible,Indisponible,Indisponible,"Route 11, Route 15 (Herbes mouvantes)","Route 11, Route 15 (Herbes mouvantes)","Route 11, Route 15, Route 23 (Herbes mouvantes)","Route 11, Route 15, Route 23 (Herbes mouvantes)",Indisponible,Indisponible,Indisponible,Indisponible,À transférer via Banque Pokémon,À transférer via Banque Pokémon,À transférer via Banque Pokémon,À transférer via Banque Pokémon,,,Incompatible,Incompatible,Faire évoluer Scorplane (Gain d'un niveau de nuit en tenant une Croc Rasoir),Échange,??,,,
0473,Mammochon,Mâle,,,,,,,,,,,,Indisponible,Indisponible,Indisponible,Indisponible,Indisponible,Grotte Cyclopéenne (Forêt du Cratère) (Herbes mouvantes),Grotte Cyclopéenne (Forêt du Cratère) (Herbes mouvantes),Grotte Cyclopéenne (Forêt du Cratère) (Herbes mouvantes),Grotte Cyclopéenne (Forêt du Cratère) (Herbes mouvantes),Indisponible,Indisponible,Indisponible,Indisponible,Faire gagner un niveau à Cochignon alors qu'il connaît Pouvoir Antique,Faire gagner un niveau à Cochignon alors qu'il connaît Pouvoir Antique,Faire gagner un niveau à Cochignon alors qu'il connaît Pouvoir Antique,Faire gagner un niveau à Cochignon alors qu'il connaît Pouvoir Antique,,,Plateau Beau-Gant,Plateau Beau-Gant,Faire évoluer Cochignon (Gain d'un niveau en connaissant la capacité Pouvoir Antique),Faire évoluer Cochignon (Gain d'un niveau en connaissant la capacité Pouvoir Antique),??,,,
0473,Mammochon,Femelle,,,,,,,,,,,,Indisponible,Indisponible,Indisponible,Indisponible,Indisponible,Grotte Cyclopéenne (Forêt du Cratère) (Herbes mouvantes),Grotte Cyclopéenne (Forêt du Cratère) (Herbes mouvantes),Grotte Cyclopéenne (Forêt du Cratère) (Herbes mouvantes),Grotte Cyclopéenne (Forêt du Cratère) (Herbes mouvantes),Indisponible,Indisponible,Indisponible,Indisponible,,,,,,,,,,,,,,
0474,Porygon-Z,,,,,,,,,,,,,Indisponible,Indisponible,Indisponible,Indisponible,Indisponible,Indisponible,Indisponible,Indisponible,Indisponible,Indisponible,Indisponible,Indisponible,Indisponible,Faire évoluer Porygon2 par échange en lui faisant tenir un CD Douteux,Faire évoluer Porygon2 par échange en lui faisant tenir un CD Douteux,Faire évoluer Porygon2 par échange en lui faisant tenir un CD Douteux,Faire évoluer Porygon2 par échange en lui faisant tenir un CD Douteux,,,Faire évoluer Porygon2 (Échange en tenant CD Douteux),Faire évoluer Porygon2 (Échange en tenant CD Douteux),Faire évoluer Porygon2 (Échange en tenant CD Douteux),Faire évoluer Porygon2 (Échange en tenant CD Douteux),??,,,
0475,Gallame,,,,,,,,,,,,,Indisponible,Indisponible,Indisponible,Indisponible,Indisponible,Indisponible,Indisponible,Indisponible,Indisponible,Indisponible,Indisponible,Indisponible,Indisponible,Échange,Échange,Faire évoluer un Kirlia mâle avec une Pierre Aube,Faire évoluer un Kirlia mâle avec une Pierre Aube,,,"Prairie Entre-Ponts, Route de l'Épreuve","Prairie Entre-Ponts, Route de l'Épreuve","Faire évoluer Kirlia (Si Mâle (♂), Avec une Pierre Aube)","Faire évoluer Kirlia (Si Mâle (♂), Avec une Pierre Aube)",??,,,
0476,Tarinorme,,,,,,,,,,,,,Indisponible,Indisponible,Indisponible,Indisponible,Indisponible,Indisponible,Indisponible,Indisponible,Indisponible,Indisponible,Indisponible,Indisponible,Indisponible,,,Faire gagner un niveau à Tarinor au Grand Canyon de Poni ou au Mont Ardent,Faire gagner un niveau à Tarinor au Grand Canyon de Poni ou au Mont Ardent,,,Incompatible,Incompatible,Faire évoluer Tarinor (Gain de niveau au Mont Couronné),Faire évoluer Tarinor (Gain de niveau au Mont Couronné),??,,,
0477,Noctunoir,,,,,,,,,,,,,Indisponible,Indisponible,Indisponible,Indisponible,Indisponible,Indisponible,Indisponible,Indisponible,Indisponible,Indisponible,Indisponible,Indisponible,Indisponible,À transférer via Banque Pokémon,À transférer via Banque Pokémon,À transférer via Banque Pokémon,À transférer via Banque Pokémon,,,Plaine Rocheuse,Plaine Rocheuse,Faire évoluer Téraclope (Échange en tenant l'objet Tissu Fauche),Faire évoluer Téraclope (Échange en tenant l'objet Tissu Fauche),??,,,
0478,Momartik,,,,,,,,,,,,,Indisponible,Indisponible,Indisponible,Indisponible,Indisponible,Indisponible,Indisponible,Indisponible,Indisponible,Indisponible,Indisponible,Indisponible,Indisponible,Faire évoluer Stalgamin femelle avec une Pierre Aube,Faire évoluer Stalgamin femelle avec une Pierre Aube,Faire évoluer Stalgamin femelle avec une Pierre Aube,Faire évoluer Stalgamin femelle avec une Pierre Aube,,,"Plateau Beau-Gant, Repos du Géant, Cimetière Ancien, Pente Enneigée, Galeries Monte-Pic, Expédition Dynamax","Plateau Beau-Gant, Repos du Géant, Cimetière Ancien, Pente Enneigée, Galeries Monte-Pic, Expédition Dynamax","Faire évoluer Stalgamin (Si Femelle (♀), Avec une Pierre Aube)","Faire évoluer Stalgamin (Si Femelle (♀), Avec une Pierre Aube)",??,,,
0479,Motisma,,,,,,,,,,,,,Vieux Château,Vieux Château,Vieux Château,Indisponible,Indisponible,Échange interne contre un Métamorph sur la Route 15,Échange interne contre un Métamorph sur la Route 15,Échange interne contre un Métamorph sur la Route 15,Échange interne contre un Métamorph sur la Route 15,"Hôtel Désolation (Poubelles, le mardi)","Hôtel Désolation (Poubelles, le mardi)",Indisponible,Indisponible,Échange,Échange,"Scanner des Îles : Mardi, Chemin du Défi","Scanner des Îles : Mardi, Chemin du Défi",,,"Lac Ouragan, Mer Eau-Hisse, Expédition Dynamax","Lac Ouragan, Mer Eau-Hisse, Expédition Dynamax",Vieux Château (Après obtention du Pokédex National),Vieux Château (Après obtention du Pokédex National),??,,,
0479,Motisma,Chaleur,,,,,,,,,,,,Indisponible,Indisponible,Indisponible,Indisponible,Indisponible,Indisponible,Indisponible,Indisponible,Indisponible,Indisponible,Indisponible,Indisponible,Indisponible,,,,,,,,,,,,,,
0479,Motisma,Froid,,,,,,,,,,,,Indisponible,Indisponible,Indisponible,Indisponible,Indisponible,Indisponible,Indisponible,Indisponible,Indisponible,Indisponible,Indisponible,Indisponible,Indisponible,,,,,,,,,,,,,,
0479,Motisma,Hélice,,,,,,,,,,,,Indisponible,Indisponible,Indisponible,Indisponible,Indisponible,Indisponible,Indisponible,Indisponible,Indisponible,Indisponible,Indisponible,Indisponible,Indisponible,,,,,,,,,,,,,,
0479,Motisma,Tonte,,,,,,,,,,,,Indisponible,Indisponible,Indisponible,Indisponible,Indisponible,Indisponible,Indisponible,Indisponible,Indisponible,Indisponible,Indisponible,Indisponible,Indisponible,,,,,,,,,,,,,,
0479,Motisma,Lavage,,,,,,,,,,,,Indisponible,Indisponible,Indisponible,Indisponible,Indisponible,Indisponible,Indisponible,Indisponible,Indisponible,Indisponible,Indisponible,Indisponible,Indisponible,,,,,,,,,,,,,,
0480,Créhelf,,,,,,,,,,,,,Caverne Savoir,Caverne Savoir,Caverne Savoir,Indisponible,Indisponible,Indisponible,Indisponible,Devant le musée de Maillard (après l'avoir rencontré à la Caverne des Esprits),Devant le musée de Maillard (après l'avoir rencontré à la Caverne des Esprits),Indisponible,Indisponible,"Grotte Oubliée (Coucher du Soleil, de 20h à 21h, avec 3 Pokémon au bonheur max dans l'équipe)","Grotte Oubliée (Coucher du Soleil, de 20h à 21h, avec 3 Pokémon au bonheur max dans l'équipe)",Échange,Échange,"Ultra-Dimension, brèche bleue","Ultra-Dimension, brèche bleue",,,Expédition Dynamax,Expédition Dynamax,Caverne Savoir,Caverne Savoir,??,,,
0481,Créfollet,,,,,,,,,,,,,Pokémon mouvant de Sinnoh après l'avoir vu à la Caverne Vérité,Pokémon mouvant de Sinnoh après l'avoir vu à la Caverne Vérité,Pokémon mouvant de Sinnoh après l'avoir vu à la Caverne Vérité,Indisponible,Indisponible,Indisponible,Indisponible,Sommet de la Tour des Cieux (après l'avoir rencontré à la Caverne des Esprits),Sommet de la Tour des Cieux (après l'avoir rencontré à la Caverne des Esprits),Indisponible,Indisponible,"Grotte Oubliée (Jour, de 4h à 20h, avec 3 Pokémon au bonheur max dans l'équipe)","Grotte Oubliée (Jour, de 4h à 20h, avec 3 Pokémon au bonheur max dans l'équipe)",Échange,Échange,"Ultra-Dimension, brèche bleue","Ultra-Dimension, brèche bleue",,,Expédition Dynamax,Expédition Dynamax,Pokémon mouvant de Sinnoh après l'avoir vu à la Caverne Vérité,Pokémon mouvant de Sinnoh après l'avoir vu à la Caverne Vérité,??,,,
0482,Créfadet,,,,,,,,,,,,,Caverne Courage,Caverne Courage,Caverne Courage,Indisponible,Indisponible,Indisponible,Indisponible,Route 23 (après l'avoir rencontré à la Caverne des Esprits),Route 23 (après l'avoir rencontré à la Caverne des Esprits),Indisponible,Indisponible,"Grotte Oubliée (Nuit, de 21h à 4h, avec 3 Pokémon au bonheur max dans l'équipe)","Grotte Oubliée (Nuit, de 21h à 4h, avec 3 Pokémon au bonheur max dans l'équipe)",Échange,Échange,"Ultra-Dimension, brèche bleue","Ultra-Dimension, brèche bleue",,,Expédition Dynamax,Expédition Dynamax,Caverne Courage,Caverne Courage,??,,,
0483,Dialga,,,,,,,,,,,,,Sommet du Mont Couronné,Indisponible,Sommet du Mont Couronné (avec l'Orbe Adamant),Ruines Sinjoh (Événement),Ruines Sinjoh (Événement),Indisponible,Indisponible,Indisponible,Indisponible,Indisponible,Indisponible,Indisponible,Faille Spatio-Temporelle avec les trois esprits dans l'équipe,Échange,Échange,"Ultra-Dimension, brèche verte",Ultra-Dimension,,,Expédition Dynamax,Expédition Dynamax,Sommet du Mont Couronné,Échange,??,,,
0483,Dialga,Originelle,,,,,,,,,,,,,,,,,,,,,,,,,,,,,,,,,,,,,,
0484,Palkia,,,,,,,,,,,,,Indisponible,Sommet du Mont Couronné,Sommet du Mont Couronné (avec l'Orbe Perlé),Ruines Sinjoh (Événement),Ruines Sinjoh (Événement),Indisponible,Indisponible,Indisponible,Indisponible,Indisponible,Indisponible,Faille Spatio-Temporelle avec les trois esprits dans l'équipe,Indisponible,Échange,Échange,Ultra-Dimension,"Ultra-Dimension, brèche jaune",,,Expédition Dynamax,Expédition Dynamax,Échange,Sommet du Mont Couronné,??,,,
0484,Palkia,Originelle,,,,,,,,,,,,,,,,,,,,,,,,,,,,,,,,,,,,,,
0485,Heatran,,,,,,,,,,,,,Entrailles du Mont Abrupt,Entrailles du Mont Abrupt,Entrailles du Mont Abrupt,Indisponible,Indisponible,Indisponible,Indisponible,Mont Renenvers (avec la Pierre Magma trouvée sur la Route 18),Mont Renenvers (avec la Pierre Magma trouvée sur la Route 18),Indisponible,Indisponible,"Fond de la Grotte Zénith, une fois la Primo-Résurgence du jeu vaincue","Fond de la Grotte Zénith, une fois la Primo-Résurgence du jeu vaincue",Échange,Échange,"Ultra-Dimension, brèche verte",Ultra-Dimension,,,Expédition Dynamax,Expédition Dynamax,"Dernière salle du Mont Abrupt, après avoir rempli la quête de la Pierre Magma","Dernière salle du Mont Abrupt, après avoir rempli la quête de la Pierre Magma",??,,,
0486,Regigigas,,,,,,,,,,,,,"Fond du Temple Frimapic avec Regirock, Regice et Registeel dans l'équipe","Fond du Temple Frimapic avec Regirock, Regice et Registeel dans l'équipe","Fond du Temple Frimapic avec Regirock, Regice et Registeel dans l'équipe",Indisponible,Indisponible,Indisponible,Indisponible,"Mont Foré (avec Regirock, Regice et Registeel dans l'équipe)","Mont Foré (avec Regirock, Regice et Registeel dans l'équipe)",Indisponible,Indisponible,"Grotte de l'Îlot, second passage, avec le Trio des golems dans l'équipe, et Regice renommé et portant un objet gelé","Grotte de l'Îlot, second passage, avec le Trio des golems dans l'équipe, et Regice renommé et portant un objet gelé",Échange,Échange,Ultra-Dimension,"Ultra-Dimension, brèche jaune",,,"Repos du Géant — Nécessite d'avoir Regirock, Regice, Registeel, Regieleki et Regidrago dans son équipe (Capturés dans leurs temples respectifs à Couronneige)","Repos du Géant — Nécessite d'avoir Regirock, Regice, Registeel, Regieleki et Regidrago dans son équipe (Capturés dans leurs temples respectifs à Couronneige)","Temple Frimapic (À condition d'avoir Regirock, Regice et Registeel dans l'équipe)","Temple Frimapic (À condition d'avoir Regirock, Regice et Registeel dans l'équipe)",??,,,
0487,Giratina,,,,,,,,,,,,,Grotte Retour,Grotte Retour,Indisponible,Ruines Sinjoh (Événement),Ruines Sinjoh (Événement),Indisponible,Indisponible,Indisponible,Indisponible,Indisponible,Indisponible,Faille Spatio-Temporelle avec Dialga et Palkia dans l'équipe,Faille Spatio-Temporelle avec Dialga et Palkia dans l'équipe,Échange,Échange,"Ultra-Dimension, brèche jaune, nécessite Palkia et Dialga dans l'équipe","Ultra-Dimension, brèche jaune, nécessite Palkia et Dialga dans l'équipe",,,Expédition Dynamax,Expédition Dynamax,Grotte Retour,Grotte Retour,??,,,
0487,Giratina,Originalle,,,,,,,,,,,,,,Monde Distorsion,Indisponible,Indisponible,Indisponible,Indisponible,Indisponible,Indisponible,Indisponible,Indisponible,Indisponible,Indisponible,,,,,,,,,,,,,,
0488,Cresselia,,,,,,,,,,,,,Pokémon mouvant de Sinnoh après l'avoir vu sur l'Île Pleine Lune,Pokémon mouvant de Sinnoh après l'avoir vu sur l'Île Pleine Lune,Pokémon mouvant de Sinnoh après l'avoir vu sur l'Île Pleine Lune,Indisponible,Indisponible,Indisponible,Indisponible,Pont de l'Inconnu (avec la Lun'Aile trouvée au Manoir de l'Étrange),Pont de l'Inconnu (avec la Lun'Aile trouvée au Manoir de l'Étrange),Indisponible,Indisponible,"Île de l'Arc, mirage journalier","Île de l'Arc, mirage journalier",Échange,Échange,"Ultra-Dimension, brèche rouge","Ultra-Dimension, brèche rouge",,,Expédition Dynamax,Expédition Dynamax,Pokémon mouvant de Sinnoh après l'avoir vu sur l'Île Pleine Lune,Pokémon mouvant de Sinnoh après l'avoir vu sur l'Île Pleine Lune,??,,,
0489,Phione,,,,,,,,,,,,,Indisponible,Indisponible,Indisponible,Indisponible,Indisponible,Indisponible,Indisponible,Indisponible,Indisponible,Indisponible,Indisponible,Indisponible,Indisponible,À transférer via Banque Pokémon,À transférer via Banque Pokémon,À transférer via Banque Pokémon,À transférer via Banque Pokémon,,,Incompatible,Incompatible,Faire reproduire Manaphy,Faire reproduire Manaphy,??,,,
0490,Manaphy,,,,,,,,,,,,,Indisponible,Indisponible,Indisponible,Indisponible,Indisponible,Indisponible,Indisponible,Indisponible,Indisponible,Indisponible,Indisponible,Indisponible,Indisponible,À transférer via Banque Pokémon,À transférer via Banque Pokémon,À transférer via Banque Pokémon,À transférer via Banque Pokémon,,,Incompatible,Incompatible,Œuf de Manaphy distribué du 19 novembre 2021 au 21 février 2022,Œuf de Manaphy distribué du 19 novembre 2021 au 21 février 2022,??,,,
0491,Darkrai,,,,,,,,,,,,,Île Nouvellune,Île Nouvellune,Île Nouvellune,Indisponible,Indisponible,Indisponible,Indisponible,Indisponible,Indisponible,Indisponible,Indisponible,Indisponible,Indisponible,À transférer via Banque Pokémon,À transférer via Banque Pokémon,À transférer via Banque Pokémon,À transférer via Banque Pokémon,,,Incompatible,Incompatible,Événement Nintendo,Événement Nintendo,??,,,
0492,Shaymin,Terrestre,,,,,,,,,,,,Paradis Fleuri,Paradis Fleuri,Paradis Fleuri,Indisponible,Indisponible,Indisponible,Indisponible,Indisponible,Indisponible,Indisponible,Indisponible,Indisponible,Indisponible,À transférer via Banque Pokémon,À transférer via Banque Pokémon,À transférer via Banque Pokémon,À transférer via Banque Pokémon,,,Incompatible,Incompatible,Événement Nintendo,Événement Nintendo,??,,,
0492,Shaymin,Céleste,,,,,,,,,,,,Indisponible,Indisponible,Indisponible,Indisponible,Indisponible,Indisponible,Indisponible,Indisponible,Indisponible,Indisponible,Indisponible,Indisponible,Indisponible,,,,,,,,,,,,,,
0493,Arceus,,,,,,,,,,,,,Salle Originelle,Salle Originelle,Salle Originelle,Indisponible,Indisponible,Indisponible,Indisponible,Indisponible,Indisponible,Indisponible,Indisponible,Indisponible,Indisponible,À transférer via Banque Pokémon,À transférer via Banque Pokémon,À transférer via Banque Pokémon,À transférer via Banque Pokémon,,,Incompatible,Incompatible,Événement Nintendo,Événement Nintendo,??,,,
0494,Victini,,,,,,,,,,,,,,,,,,Phare de la Liberté de Pokémon Noir et Blanc (Événement Nintendo),Phare de la Liberté de Pokémon Noir et Blanc (Événement Nintendo),Indisponible,Indisponible,Indisponible,Indisponible,Indisponible,Indisponible,À transférer via Banque Pokémon,À transférer via Banque Pokémon,À transférer via Banque Pokémon,À transférer via Banque Pokémon,,,Événement Nintendo,Événement Nintendo,Incompatible,Incompatible,,,,
0495,Vipélierre,,,,,,,,,,,,,,,,,,Pokémon de départ à Renouet,Pokémon de départ à Renouet,Pokémon de départ à Pavonnay,Pokémon de départ à Pavonnay,Indisponible,Indisponible,"Donné par le Professeur Seko après l'Épisode Delta (choix entre lui, Gruikui et Moustillon)","Donné par le Professeur Seko après l'Épisode Delta (choix entre lui, Gruikui et Moustillon)",Faire reproduire Majaspic,Faire reproduire Majaspic,Échange,Échange,,,Incompatible,Incompatible,Incompatible,Incompatible,,,,
0496,Lianaja,,,,,,,,,,,,,,,,,,Indisponible,Indisponible,Indisponible,Indisponible,Indisponible,Indisponible,Indisponible,Indisponible,Faire reproduire Majaspic,Faire reproduire Majaspic,Échange,Échange,,,Incompatible,Incompatible,Incompatible,Incompatible,,,,
0497,Majaspic,,,,,,,,,,,,,,,,,,Indisponible,Indisponible,Indisponible,Indisponible,Indisponible,Indisponible,Indisponible,Indisponible,"Scanner des Îles : Jeudi, Île Noadkoko","Scanner des Îles : Jeudi, Île Noadkoko",Échange,Échange,,,Incompatible,Incompatible,Incompatible,Incompatible,,,,
0498,Gruikui,,,,,,,,,,,,,,,,,,Pokémon de départ à Renouet,Pokémon de départ à Renouet,Pokémon de départ à Pavonnay,Pokémon de départ à Pavonnay,Indisponible,Indisponible,"Donné par le Professeur Seko après l'Épisode Delta (choix entre lui, Vipélierre et Moustillon)","Donné par le Professeur Seko après l'Épisode Delta (choix entre lui, Vipélierre et Moustillon)",Faire reproduire Roitiflam,Faire reproduire Roitiflam,Échange,Échange,,,Incompatible,Incompatible,Incompatible,Incompatible,,,,
0499,Grotichon,,,,,,,,,,,,,,,,,,Indisponible,Indisponible,Indisponible,Indisponible,Indisponible,Indisponible,Indisponible,Indisponible,Faire reproduire Roitiflam,Faire reproduire Roitiflam,Échange,Échange,,,Incompatible,Incompatible,Incompatible,Incompatible,,,,
0500,Roitiflam,,,,,,,,,,,,,,,,,,Indisponible,Indisponible,Indisponible,Indisponible,Indisponible,Indisponible,Indisponible,Indisponible,"Scanner des Îles : Samedi, Vieille Route","Scanner des Îles : Samedi, Vieille Route",Échange,Échange,,,Incompatible,Incompatible,Incompatible,Incompatible,,,,
0501,Moustillon,,,,,,,,,,,,,,,,,,Pokémon de départ à Renouet,Pokémon de départ à Renouet,Pokémon de départ à Pavonnay,Pokémon de départ à Pavonnay,Indisponible,Indisponible,"Donné par le Professeur Seko après l'Épisode Delta (choix entre lui, Vipélierre et gruikui)","Donné par le Professeur Seko après l'Épisode Delta (choix entre lui, Vipélierre et gruikui)",Faire reproduire Clamiral,Faire reproduire Clamiral,Échange,Échange,,,Incompatible,Incompatible,??,??,,,,
0502,Mateloutre,,,,,,,,,,,,,,,,,,Indisponible,Indisponible,Indisponible,Indisponible,Indisponible,Indisponible,Indisponible,Indisponible,Faire reproduire Clamiral,Faire reproduire Clamiral,Échange,Échange,,,Incompatible,Incompatible,??,??,,,,
0503,Clamiral,,,,,,,,,,,,,,,,,,Indisponible,Indisponible,Indisponible,Indisponible,Indisponible,Indisponible,Indisponible,Indisponible,"Scanner des Îles : Vendredi, Prairie de Poni","Scanner des Îles : Vendredi, Prairie de Poni",Échange,Échange,,,Incompatible,Incompatible,Incompatible,Incompatible,,,,
0503,Clamiral,Hisui,,,,,,,,,,,,,,,,,,,,,,,,,,,,,,,,,,,,,,
0504,Ratentif,,,,,,,,,,,,,,,,,,"Route 1, Route 2, Route 3, Vestiges du Rêve","Route 1, Route 2, Route 3, Vestiges du Rêve","Route 19, Route 20, Ranch d'Amaillide, Z.I. d'Ondes-sur-Mer","Route 19, Route 20, Ranch d'Amaillide, Z.I. d'Ondes-sur-Mer",Indisponible,Indisponible,Indisponible,Indisponible,À transférer via Banque Pokémon,À transférer via Banque Pokémon,À transférer via Banque Pokémon,À transférer via Banque Pokémon,,,Incompatible,Incompatible,Incompatible,Incompatible,,,,
0505,Miradar,,,,,,,,,,,,,,,,,,"Route 1, Route 15 (Herbes sombres), Route 7, Route 18, Vestiges du Rêve, Labo P2,","Route 1, Route 15 (Herbes sombres), Route 7, Route 18, Vestiges du Rêve, Labo P2,","Route 1, Route 7, Route 18, Vestiges du Rêve, Labo P2, Trouée Cachée (Routes 2 et 7)","Route 1, Route 7, Route 18, Vestiges du Rêve, Labo P2, Trouée Cachée (Routes 2 et 7)",Route 15,Route 15,Indisponible,Indisponible,À transférer via Banque Pokémon,À transférer via Banque Pokémon,À transférer via Banque Pokémon,À transférer via Banque Pokémon,,,Incompatible,Incompatible,Incompatible,Incompatible,,,,
0506,Ponchiot,,,,,,,,,,,,,,,,,,"Route 1, Route 2, Route 3","Route 1, Route 2, Route 3",Ranch d'Amaillide,Ranch d'Amaillide,"Safari des Amis Normal, position 1 (3755-4058-9239)","Safari des Amis Normal, position 1 (3755-4058-9239)","Route 101, Route 102, Route 103 (Navi-Dex)","Route 101, Route 102, Route 103 (Navi-Dex)","Routes 4, 5*, et 6, Ranch Ohana, Colline Clapotis*","Routes 4, 5*, et 6, Ranch Ohana, Colline Clapotis*","Routes 4, 5*, et 6, Ranch Ohana, Colline Clapotis*","Routes 4, 5*, et 6, Ranch Ohana, Colline Clapotis*",,,Plaine des Efforts,Plaine des Efforts,Incompatible,Incompatible,,,,
0507,Ponchien,,,,,,,,,,,,,,,,,,"Route 1 (Herbes sombres), Route 10, Hangar Frigorifique, Labo P2","Route 1 (Herbes sombres), Route 10, Hangar Frigorifique, Labo P2","Route 1, Route 2, Route 3, Labo P2, Trouée Cachée (Ranch d'Amaillide*)","Route 1, Route 2, Route 3, Labo P2, Trouée Cachée (Ranch d'Amaillide*)",Indisponible,Indisponible,Indisponible,Indisponible,Faire évoluer Ponchiot (niveau 16),Faire évoluer Ponchiot (niveau 16),Faire évoluer Ponchiot (niveau 16),Faire évoluer Ponchiot (niveau 16),,,Plaine des Efforts,Plaine des Efforts,Incompatible,Incompatible,,,,
0508,Mastouffe,,,,,,,,,,,,,,,,,,"Route 10, Hangar Frigorifique, Labo P2 (Herbes mouvantes)","Route 10, Hangar Frigorifique, Labo P2 (Herbes mouvantes)","Route 3, Labo P2 (Herbes mouvantes)","Route 3, Labo P2 (Herbes mouvantes)",Indisponible,Indisponible,Indisponible,Indisponible,Faire évoluer Ponchien (niveau 32),Faire évoluer Ponchien (niveau 32),Faire évoluer Ponchien (niveau 32),Faire évoluer Ponchien (niveau 32),,,"Plaine des Efforts, Expédition Dynamax","Plaine des Efforts, Expédition Dynamax",Incompatible,Incompatible,,,,
0509,Chacripan,,,,,,,,,,,,,,,,,,"Route 2, Route 3, Vestiges du Rêve","Route 2, Route 3, Vestiges du Rêve","Route 19, Route 20, Route 3","Route 19, Route 20, Route 3",Indisponible,Indisponible,Indisponible,Indisponible,À transférer via Banque Pokémon,À transférer via Banque Pokémon,À transférer via Banque Pokémon,À transférer via Banque Pokémon,,,"Route 2, Bois de Clairjour, Lac Coupenotte Ouest, Tour en ruines, Lac Coupenotte Est, Lac Milobellus Nord, Berges de Motorby","Route 2, Bois de Clairjour, Lac Coupenotte Ouest, Tour en ruines, Lac Coupenotte Est, Lac Milobellus Nord, Berges de Motorby",Incompatible,Incompatible,,,,
0510,Léopardus,,,,,,,,,,,,,,,,,,"Route 5, Route 9, Route 16, Vestiges du Rêve (Intérieur)","Route 5, Route 9, Route 16, Vestiges du Rêve (Intérieur)","Route 2, Route 5, Route 9, Route 16, Vestiges du Rêve, Trouée Cachée (Routes 5 et 9)","Route 2, Route 5, Route 9, Route 16, Vestiges du Rêve, Trouée Cachée (Routes 5 et 9)",Indisponible,Route 15,Indisponible,Indisponible,À transférer via Banque Pokémon,À transférer via Banque Pokémon,À transférer via Banque Pokémon,À transférer via Banque Pokémon,,,"Route 7, Route 9, Œil du Lac, Siège du Géant, Prairie Entre-Ponts, Coiffe du Géant, Expédition Dynamax","Route 7, Route 9, Œil du Lac, Siège du Géant, Prairie Entre-Ponts, Coiffe du Géant, Expédition Dynamax",Incompatible,Incompatible,,,,
0511,Feuillajou,,,,,,,,,,,,,,,,,,"Forêt d'Empoigne (Intérieur), Bois des Illusions (Herbes mouvantes), Donné aux Vestiges du Rêve si le Pokémon de départ choisi est Gruikui","Forêt d'Empoigne (Intérieur), Bois des Illusions (Herbes mouvantes), Donné aux Vestiges du Rêve si le Pokémon de départ choisi est Gruikui","Forêt d'Empoigne (Intérieur), Bois des Illusions (Herbes mouvantes)","Forêt d'Empoigne (Intérieur), Bois des Illusions (Herbes mouvantes)",Forêt de Neuvartault,Forêt de Neuvartault,Indisponible,Indisponible,À transférer via Banque Pokémon,À transférer via Banque Pokémon,À transférer via Banque Pokémon,À transférer via Banque Pokémon,,,Incompatible,Incompatible,Incompatible,Incompatible,,,,
0512,Feuiloutan,,,,,,,,,,,,,,,,,,Indisponible,Indisponible,Indisponible,Indisponible,Indisponible,Indisponible,Indisponible,Indisponible,À transférer via Banque Pokémon,À transférer via Banque Pokémon,À transférer via Banque Pokémon,À transférer via Banque Pokémon,,,Incompatible,Incompatible,Incompatible,Incompatible,,,,
0513,Flamajou,,,,,,,,,,,,,,,,,,"Forêt d'Empoigne (Intérieur), Bois des Illusions (Herbes mouvantes), Donné aux Vestiges du Rêve si le Pokémon de départ choisi est Moustillon","Forêt d'Empoigne (Intérieur), Bois des Illusions (Herbes mouvantes), Donné aux Vestiges du Rêve si le Pokémon de départ choisi est Moustillon","Forêt d'Empoigne (Intérieur), Bois des Illusions (Herbes mouvantes)","Forêt d'Empoigne (Intérieur), Bois des Illusions (Herbes mouvantes)",Forêt de Neuvartault,Forêt de Neuvartault,Indisponible,Indisponible,À transférer via Banque Pokémon,À transférer via Banque Pokémon,À transférer via Banque Pokémon,À transférer via Banque Pokémon,,,Incompatible,Incompatible,Incompatible,Incompatible,,,,
0514,Flamoutan,,,,,,,,,,,,,,,,,,Indisponible,Indisponible,Indisponible,Indisponible,Indisponible,Indisponible,Indisponible,Indisponible,À transférer via Banque Pokémon,À transférer via Banque Pokémon,À transférer via Banque Pokémon,À transférer via Banque Pokémon,,,Incompatible,Incompatible,Incompatible,Incompatible,,,,
0515,Flotajou,,,,,,,,,,,,,,,,,,"Forêt d'Empoigne (Intérieur), Bois des Illusions (Herbes mouvantes), Donné aux Vestiges du Rêve si le Pokémon de départ choisi est Vipélierre","Forêt d'Empoigne (Intérieur), Bois des Illusions (Herbes mouvantes), Donné aux Vestiges du Rêve si le Pokémon de départ choisi est Vipélierre","Forêt d'Empoigne (Intérieur), Bois des Illusions (Herbes mouvantes)","Forêt d'Empoigne (Intérieur), Bois des Illusions (Herbes mouvantes)",Forêt de Neuvartault,Forêt de Neuvartault,Indisponible,Indisponible,À transférer via Banque Pokémon,À transférer via Banque Pokémon,À transférer via Banque Pokémon,À transférer via Banque Pokémon,,,Incompatible,Incompatible,Incompatible,Incompatible,,,,
0516,Flotoutan,,,,,,,,,,,,,,,,,,Indisponible,Indisponible,Indisponible,Indisponible,Indisponible,Indisponible,Indisponible,Indisponible,À transférer via Banque Pokémon,À transférer via Banque Pokémon,À transférer via Banque Pokémon,À transférer via Banque Pokémon,,,Incompatible,Incompatible,Incompatible,Incompatible,,,,
0517,Munna,,,,,,,,,,,,,,,,,,Vestiges du Rêve,Vestiges du Rêve,Vestiges du Rêve,Vestiges du Rêve,"Safari des Amis Psy, position 1 (4787-4440-4496)","Safari des Amis Psy, position 1 (4787-4440-4496)","Île Mirage (Sud du Chenal 133), Mont Mirage (Sud-est du Chenal 129)","Île Mirage (Sud du Chenal 133), Mont Mirage (Sud-est du Chenal 129)",À transférer via Banque Pokémon,À transférer via Banque Pokémon,À transférer via Banque Pokémon,À transférer via Banque Pokémon,,,"Forêt de Sleepwood, Plaine Verdoyante, Lac Coupenotte Est, Œil du Lac, Siège du Géant, Coiffe du Géant, Prairie Entre-Ponts, Plaine Rocheuse","Forêt de Sleepwood, Plaine Verdoyante, Lac Coupenotte Est, Œil du Lac, Siège du Géant, Coiffe du Géant, Prairie Entre-Ponts, Plaine Rocheuse",Incompatible,Incompatible,,,,
0518,Mushana,,,,,,,,,,,,,,,,,,"Vestiges du Rêve (Herbes mouvantes), Vestiges du Rêve (un tous les vendredi, fixe)","Vestiges du Rêve (Herbes mouvantes), Vestiges du Rêve (un tous les vendredi, fixe)",Vestiges du Rêve (Herbes mouvantes),Vestiges du Rêve (Herbes mouvantes),Indisponible,Indisponible,Indisponible,Indisponible,À transférer via Banque Pokémon,À transférer via Banque Pokémon,À transférer via Banque Pokémon,À transférer via Banque Pokémon,,,"Siège du Géant, Prairie Entre-Ponts, Expédition Dynamax","Siège du Géant, Prairie Entre-Ponts, Expédition Dynamax",Incompatible,Incompatible,,,,
0519,Poichigeon,,,,,,,,,,,,,,,,,,"Route 3, Forêt d'Empoigne","Route 3, Forêt d'Empoigne","Route 20, Ranch d'Amaillide","Route 20, Ranch d'Amaillide",Indisponible,Indisponible,"Route 104, Route 115, Route 116 (Navi-Dex)","Route 104, Route 115, Route 116 (Navi-Dex)",À transférer via Banque Pokémon,À transférer via Banque Pokémon,À transférer via Banque Pokémon,À transférer via Banque Pokémon,,,"Plaine Verdoyante, Lac Coupenotte Est, Lac Milobellus Nord, Tour en ruines","Plaine Verdoyante, Lac Coupenotte Est, Lac Milobellus Nord, Tour en ruines",Incompatible,Incompatible,,,,
0520,Colombeau,,,,,,,,,,,,,,,,,,"Route 6, Route 7 (Sauf hiver), Forêt d'Empoigne (Intérieur, Herbes sombres), Route 12, Bois des Illusions, Tour Dragospire","Route 6, Route 7 (Sauf hiver), Forêt d'Empoigne (Intérieur, Herbes sombres), Route 12, Bois des Illusions, Tour Dragospire","Tour Dragospire (sauf hiver), Route 3, Route 6, Route 7, Route 12, Route Victoire","Tour Dragospire (sauf hiver), Route 3, Route 6, Route 7, Route 12, Route Victoire","Safari des Amis Vol, position 2 (0963-5270-2305)","Safari des Amis Vol, position 2 (0963-5270-2305)",Indisponible,Indisponible,À transférer via Banque Pokémon,À transférer via Banque Pokémon,À transférer via Banque Pokémon,À transférer via Banque Pokémon,,,"Siège du Géant, Coiffe du Géant, Prairie Entre-Ponts, Plaine Rocheuse","Siège du Géant, Coiffe du Géant, Prairie Entre-Ponts, Plaine Rocheuse",Incompatible,Incompatible,,,,
0521,Déflaisan,Mâle,,,,,,,,,,,,,,,,,"Route 7 (sauf hiver), Route 6, Route 12, Bois des Illusions, Tour Dragospire (Herbes mouvantes)","Route 7 (sauf hiver), Route 6, Route 12, Bois des Illusions, Tour Dragospire (Herbes mouvantes)"," Tour Dragospire (sauf hiver), Route 3, Route 6, Route 7, Route 12, Route Victoire (Herbes mouvantes)"," Tour Dragospire (sauf hiver), Route 3, Route 6, Route 7, Route 12, Route Victoire (Herbes mouvantes)",Indisponible,Indisponible,Indisponible,Indisponible,À transférer via Banque Pokémon,À transférer via Banque Pokémon,À transférer via Banque Pokémon,À transférer via Banque Pokémon,,,"Œil du Lac, Plateau de Kickenham, Expédition Dynamax","Œil du Lac, Plateau de Kickenham, Expédition Dynamax",Incompatible,Incompatible,,,,
0521,Déflaisan,Femelle,,,,,,,,,,,,,,,,,"Route 7 (sauf hiver), Route 6, Route 12, Bois des Illusions, Tour Dragospire (Herbes mouvantes)","Route 7 (sauf hiver), Route 6, Route 12, Bois des Illusions, Tour Dragospire (Herbes mouvantes)"," Tour Dragospire (sauf hiver), Route 3, Route 6, Route 7, Route 12, Route Victoire (Herbes mouvantes)"," Tour Dragospire (sauf hiver), Route 3, Route 6, Route 7, Route 12, Route Victoire (Herbes mouvantes)",Indisponible,Indisponible,Indisponible,Indisponible,,,,,,,,,,,,,,
0522,Zébibron,,,,,,,,,,,,,,,,,,Route 3,Route 3,Indisponible,Indisponible,Indisponible,Indisponible,Indisponible,Indisponible,À transférer via Banque Pokémon,À transférer via Banque Pokémon,À transférer via Banque Pokémon,À transférer via Banque Pokémon,,,Incompatible,Incompatible,Incompatible,Incompatible,,,,
0523,Zéblitz,,,,,,,,,,,,,,,,,,Route 7,Route 7,"Route 3, Route 7, Trouée Cachée (Route 3)","Route 3, Route 7, Trouée Cachée (Route 3)",Indisponible,Indisponible,"Île Mirage (Ouest de Mérouville, Sud-est du Chenal 109, Nord de la Grotte Tréfonds, Ouest de Myokara), Mont Mirage (Sud du Chenal 129)","Île Mirage (Ouest de Mérouville, Sud-est du Chenal 109, Nord de la Grotte Tréfonds, Ouest de Myokara), Mont Mirage (Sud du Chenal 129)",À transférer via Banque Pokémon,À transférer via Banque Pokémon,À transférer via Banque Pokémon,À transférer via Banque Pokémon,,,Incompatible,Incompatible,Incompatible,Incompatible,,,,
0524,Nodulithe,,,,,,,,,,,,,,,,,,Veine Souterraine,Veine Souterraine,Chemin Enfoui (Entrée Sud),Chemin Enfoui (Entrée Sud),Grotte Miroitante (Marche et Horde),Grotte Miroitante (Marche et Horde),Chemin Ardent (Navi-Dex),Chemin Ardent (Navi-Dex),Colline Dicarat,Colline Dicarat,Colline Dicarat,Colline Dicarat,,,"Mine de Galar, Abords de Motorby, Plaine Rocheuse, Plaine Verdoyante, Route de l'Épreuve","Mine de Galar, Abords de Motorby, Plaine Rocheuse, Plaine Verdoyante, Route de l'Épreuve",Incompatible,Incompatible,,,,
0525,Géolithe,,,,,,,,,,,,,,,,,,"Grotte Électrolithe, Grotte Parsemille, Mont Foré, Route Victoire, Grotte Cyclopéenne (Forêt du Cratère), Antre d'Entraînement","Grotte Électrolithe, Grotte Parsemille, Mont Foré, Route Victoire, Grotte Cyclopéenne (Forêt du Cratère), Antre d'Entraînement","Chemin Enfoui (Entrée Nord), Grotte Électrolithe, Grotte Parsemille, Mont Foré, Mont Renenvers, Route Victoire","Chemin Enfoui (Entrée Nord), Grotte Électrolithe, Grotte Parsemille, Mont Foré, Mont Renenvers, Route Victoire","Safari des Amis Roche, position 1 (2468-1492-9939)","Safari des Amis Roche, position 1 (2468-1492-9939)","Grotte Mirage (Nord de Cimetronelle, Ouest de la Route 115, Nord du Chenal 124, Sud-est du Chenal 129, Éclate-Roc)","Grotte Mirage (Nord de Cimetronelle, Ouest de la Route 115, Nord du Chenal 124, Sud-est du Chenal 129, Éclate-Roc)",Grand Canyon de Poni,Grand Canyon de Poni,Grand Canyon de Poni,Grand Canyon de Poni,,,"Route 8, Plaine Rocheuse, Miroir du Géant, Coiffe du Géant, Lac Ouragan, Expédition Dynamax","Route 8, Plaine Rocheuse, Miroir du Géant, Coiffe du Géant, Lac Ouragan, Expédition Dynamax",Incompatible,Incompatible,,,,
0526,Gigalithe,,,,,,,,,,,,,,,,,,Indisponible,Indisponible,Échange interne contre un Emolga sur la Route 7,Échange interne contre un Emolga sur la Route 7,Indisponible,Indisponible,Indisponible,Indisponible,Faire évoluer Géolithe par échange,Faire évoluer Géolithe par échange,Faire évoluer Géolithe par échange,Faire évoluer Géolithe par échange,,,"Fosse des Sables, Grotte du Pugilat","Fosse des Sables, Grotte du Pugilat",Incompatible,Incompatible,,,,
0527,Chovsourir,,,,,,,,,,,,,,,,,,"Veine Souterraine, Mont Foré, Grotte Parsemille, Route Victoire, Antre d'Entraînement","Veine Souterraine, Mont Foré, Grotte Parsemille, Route Victoire, Antre d'Entraînement","Veine Souterraine, Mont Foré, Grotte Parsemille, Mont Renenvers, Trouée Cachée (Route 6)","Veine Souterraine, Mont Foré, Grotte Parsemille, Mont Renenvers, Trouée Cachée (Route 6)","Grotte Étincelante, Grotte Miroitante (Embuscades, chutant du plafond)","Grotte Étincelante, Grotte Miroitante (Embuscades, chutant du plafond)",Indisponible,Indisponible,À transférer via Banque Pokémon,À transférer via Banque Pokémon,À transférer via Banque Pokémon,À transférer via Banque Pokémon,,,"Mine de Galar, Tour en ruines, Prairie Entre-Ponts, Miroir du Géant, Caverne Pugnacité, Grotte du Pugilat","Mine de Galar, Tour en ruines, Prairie Entre-Ponts, Miroir du Géant, Caverne Pugnacité, Grotte du Pugilat",Incompatible,Incompatible,,,,
0528,Rhinolove,,,,,,,,,,,,,,,,,,Indisponible,Indisponible,Indisponible,Indisponible,Indisponible,Indisponible,Indisponible,Indisponible,À transférer via Banque Pokémon,À transférer via Banque Pokémon,À transférer via Banque Pokémon,À transférer via Banque Pokémon,,,"Plage de l'Épreuve, Caverne Pugnacité, Grotte du Pugilat, Plaine des Efforts, Expédition Dynamax","Plage de l'Épreuve, Caverne Pugnacité, Grotte du Pugilat, Plaine des Efforts, Expédition Dynamax",Incompatible,Incompatible,,,,
0529,Rototaupe,,,,,,,,,,,,,,,,,,"Veine Souterraine, Grotte Électrolithe, Mont Foré, Grotte Parsemille (Poussières)","Veine Souterraine, Grotte Électrolithe, Mont Foré, Grotte Parsemille (Poussières)","Grotte Électrolithe, Grotte Parsemille, Chemin Enfoui (Poussières)","Grotte Électrolithe, Grotte Parsemille, Chemin Enfoui (Poussières)",Indisponible,Indisponible,Indisponible,Indisponible,À transférer via Banque Pokémon,À transférer via Banque Pokémon,À transférer via Banque Pokémon,À transférer via Banque Pokémon,,,"Mine de Galar, Plaine Rocheuse, Miroir du Géant, Miroir du Géant, Fosse des Sables, Plateau de Kickenham","Mine de Galar, Plaine Rocheuse, Miroir du Géant, Miroir du Géant, Fosse des Sables, Plateau de Kickenham",Incompatible,Incompatible,,,,
0530,Minotaupe,,,,,,,,,,,,,,,,,,"Route Victoire, Antre d'Entraînement, Grotte Cyclopéenne (Grottes) (Poussières)","Route Victoire, Antre d'Entraînement, Grotte Cyclopéenne (Grottes) (Poussières)","Mont Foré, Route Bardane, Mont Renenvers, Grotte Littorale, Grotte Cyclopéenne (Grottes), Route Victoire, Veine Souterraine (Poussières)","Mont Foré, Route Bardane, Mont Renenvers, Grotte Littorale, Grotte Cyclopéenne (Grottes), Route Victoire, Veine Souterraine (Poussières)",Indisponible,Indisponible,"Grotte Mirage (Nord de Cimetronelle, Nord du Chenal 132)","Grotte Mirage (Nord de Cimetronelle, Nord du Chenal 132)",À transférer via Banque Pokémon,À transférer via Banque Pokémon,À transférer via Banque Pokémon,À transférer via Banque Pokémon,,,"Miroir du Géant, Coiffe du Géant, Lac Ouragan","Miroir du Géant, Coiffe du Géant, Lac Ouragan",Incompatible,Incompatible,,,,
0531,Nanméouïe,,,,,,,,,,,,,,,,,,"Totalité des routes, villes et lieux avec des Hautes herbes (Herbes mouvantes)","Totalité des routes, villes et lieux avec des Hautes herbes (Herbes mouvantes)","Totalité des routes, villes et lieux avec des Hautes herbes (Sauf Route 19) (Herbes mouvantes)","Totalité des routes, villes et lieux avec des Hautes herbes (Sauf Route 19) (Herbes mouvantes)","Route 6 (Embuscades, depuis un buisson)","Route 6 (Embuscades, depuis un buisson)","Mont Mirage (Nord d'Algatia), Forêt Mirage (Sud du Chenal 132, Sud du Chenal 108), Île Mirage (Sud de Pacifiville)","Mont Mirage (Nord d'Algatia), Forêt Mirage (Sud du Chenal 132, Sud du Chenal 108), Île Mirage (Sud de Pacifiville)",Échange,Échange,"Ultra-Dimension, brèche verte","Ultra-Dimension, brèche verte",,,"Plateau Beau-Gant, Plaine Granfroy, Repos du Géant, Cimetière Ancien, Pente Enneigée, Galeries Monte-Pic, Sentier Blanche-Cime, Empreinte du Géant, Cavernes Gronde-Mer, Mer Banquise, Croisée Trois-Voies, Lac Poké Ball, Grotte du Lac, Expédition Dynamax","Plateau Beau-Gant, Plaine Granfroy, Repos du Géant, Cimetière Ancien, Pente Enneigée, Galeries Monte-Pic, Sentier Blanche-Cime, Empreinte du Géant, Cavernes Gronde-Mer, Mer Banquise, Croisée Trois-Voies, Lac Poké Ball, Grotte du Lac, Expédition Dynamax",Incompatible,Incompatible,,,,
0532,Charpenti,,,,,,,,,,,,,,,,,,"Forêt d'Empoigne (Extérieur), Hangar Frigorifique","Forêt d'Empoigne (Extérieur), Hangar Frigorifique",Chemin Enfoui (Entrée Sud),Chemin Enfoui (Entrée Sud),Indisponible,Indisponible,Grotte Granite (Navi-Dex),Grotte Granite (Navi-Dex),Faire reproduire Bétochef,Faire reproduire Bétochef,Échange,Échange,,,Mine de Galar,Mine de Galar,Incompatible,Incompatible,,,,
0533,Ouvrifier,,,,,,,,,,,,,,,,,,Mont Foré,Mont Foré,"Mont Foré, Chemin Enfoui (Entrée Nord), Route Victoire, Forêt d'Empoigne (Extérieur)","Mont Foré, Chemin Enfoui (Entrée Nord), Route Victoire, Forêt d'Empoigne (Extérieur)","Route 18, Route Victoire","Route 18, Route Victoire",Indisponible,Indisponible,Faire reproduire Bétochef,Faire reproduire Bétochef,Échange,Échange,,,"Route 8, Fosse des Sables, Plaine Rocheuse, Plaine Verdoyante, Repos du Géant, Empreinte du Géant, Expédition Dynamax","Route 8, Fosse des Sables, Plaine Rocheuse, Repos du Géant, Empreinte du Géant, Expédition Dynamax",Incompatible,Incompatible,,,,
0534,Bétochef,,,,,,,,,,,,,,,,,,Indisponible,Indisponible,Indisponible,Indisponible,Indisponible,Indisponible,Indisponible,Indisponible,"Scanner des Îles : Lundi, Plaine de Poni","Scanner des Îles : Lundi, Plaine de Poni",Échange,Échange,,,"Berges de Motorby, Repos du Géant, Empreinte du Géant","Berges de Motorby, Repos du Géant, Empreinte du Géant",Incompatible,Incompatible,,,,
0535,Tritonde,,,,,,,,,,,,,,,,,,Forêt d'Empoigne (Extérieur),Forêt d'Empoigne (Extérieur),Forêt d'Empoigne (Pokémon de N),Forêt d'Empoigne (Pokémon de N),Indisponible,Indisponible,"Route 102, Route 114, Route 117 (Navi-Dex)","Route 102, Route 114, Route 117 (Navi-Dex)",À transférer via Banque Pokémon,À transférer via Banque Pokémon,À transférer via Banque Pokémon,À transférer via Banque Pokémon,,,"Bois de Clairjour, Lac Coupenotte Ouest, Lac Milobellus Nord, Lac Milobellus Sud, Tour en ruines","Bois de Clairjour, Lac Coupenotte Ouest, Lac Milobellus Nord, Lac Milobellus Sud, Tour en ruines",Incompatible,Incompatible,,,,
0536,Batracné,,,,,,,,,,,,,,,,,,"Route 8, Flocombe, Tourbière Flocombe (Surf, sauf en Hiver)","Route 8, Flocombe, Tourbière Flocombe (Surf, sauf en Hiver)","Route 8, Flocombe, Tourbière Flocombe (Surf, sauf en Hiver), Forêt d'Empoigne*","Route 8, Flocombe, Tourbière Flocombe (Surf, sauf en Hiver), Forêt d'Empoigne*",Indisponible,Indisponible,Indisponible,Indisponible,À transférer via Banque Pokémon,À transférer via Banque Pokémon,À transférer via Banque Pokémon,À transférer via Banque Pokémon,,,"Lac Milobellus Nord, Siège du Géant, Miroir du Géant, Coiffe du Géant, Prairie Entre-Ponts, Fosse des Sables, Plateau de Kickenham, Lac Coupenotte Ouest, Expédition Dynamax","Lac Milobellus Nord, Siège du Géant, Miroir du Géant, Coiffe du Géant, Prairie Entre-Ponts, Fosse des Sables, Plateau de Kickenham, Lac Coupenotte Ouest, Expédition Dynamax",Incompatible,Incompatible,,,,
0537,Crapustule,,,,,,,,,,,,,,,,,,"Route 8, Flocombe, Tourbière Flocombe (Surf tourbillons, sauf en Hiver)","Route 8, Flocombe, Tourbière Flocombe (Surf tourbillons, sauf en Hiver)","Route 8, Flocombe, Tourbière Flocombe (Surf tourbillons, sauf en Hiver), Forêt d'Empoigne (Extérieur) (Herbes mouvantes)","Route 8, Flocombe, Tourbière Flocombe (Surf tourbillons, sauf en Hiver), Forêt d'Empoigne (Extérieur) (Herbes mouvantes)",Indisponible,Indisponible,Indisponible,Indisponible,À transférer via Banque Pokémon,À transférer via Banque Pokémon,À transférer via Banque Pokémon,À transférer via Banque Pokémon,,,"Route 7, Œil du Lac, Lac Ouragan, Prairie Entre-Ponts, Bois de Clairjour, Fosse des Sables, Coiffe du Géant, Miroir du Géant, Lac Milobellus Nord, Expédition Dynamax","Route 7, Œil du Lac, Lac Ouragan, Prairie Entre-Ponts, Bois de Clairjour, Fosse des Sables, Coiffe du Géant, Miroir du Géant, Lac Milobellus Nord, Expédition Dynamax",Incompatible,Incompatible,,,,
0538,Judokrak,,,,,,,,,,,,,,,,,,"Route 10, Route 15, Route 18, Forêt d'Empoigne (Extérieur) (Herbes mouvantes)","Route 10, Route 15, Route 18, Forêt d'Empoigne (Extérieur) (Hautes herbes)","Route 15, Route 18, Route 23, Forêt d'Empoigne* (Herbes mouvantes), Route Victoire (Hautes Herbes)","Route 15, Route 18, Route 23, Forêt d'Empoigne* (Hautes herbes), Route Victoire (Hautes Herbes)","Safari des Amis Combat, position 2 (3970-1643-2637)",Route 11,Route 112 (Navi-Dex),Indisponible,À transférer via Banque Pokémon,À transférer via Banque Pokémon,À transférer via Banque Pokémon,À transférer via Banque Pokémon,,,Échange,"Route 8, Prairie Entre-Ponts, Miroir du Géant, Abords de Motorby, Berges de Motorby",Incompatible,Incompatible,,,,
0539,Karaclée,,,,,,,,,,,,,,,,,,"Route 10, Route 15, Route 18, Forêt d'Empoigne (Extérieur) (Hautes herbes)","Route 10, Route 15, Route 18, Forêt d'Empoigne (Extérieur) (Herbes mouvantes)","Route 15, Route 18, Route 23, Forêt d'Empoigne* (Hautes herbes), Route Victoire (Hautes Herbes)","Route 15, Route 18, Route 23, Forêt d'Empoigne* (Herbes mouvantes), Route Victoire (Hautes Herbes)",Route 11,"Safari des Amis Combat, position 2 (1435-5917-4909)",Indisponible,Route 112 (Navi-Dex),À transférer via Banque Pokémon,À transférer via Banque Pokémon,À transférer via Banque Pokémon,À transférer via Banque Pokémon,,,"Route 8, Prairie Entre-Ponts, Miroir du Géant, Abords de Motorby, Berges de Motorby",Échange,Incompatible,Incompatible,,,,
0540,Larveyette,,,,,,,,,,,,,,,,,,Forêt d'Empoigne (Intérieur) (Hautes herbes),Forêt d'Empoigne (Intérieur) (Hautes herbes),"Route 12, Route 20","Route 12, Route 20",Indisponible,Indisponible,"Route 101, Route 104 (Navi-Dex)","Route 101, Route 104 (Navi-Dex)",Faire reproduire Manternel,Faire reproduire Manternel,Échange,Échange,,,Incompatible,Incompatible,Incompatible,Incompatible,,,,
0541,Couverdure,,,,,,,,,,,,,,,,,,"Route 6, Forêt d'Empoigne (Intérieur, Herbes Sombres), Bois des Illusions","Route 6, Forêt d'Empoigne (Intérieur, Herbes Sombres), Bois des Illusions","Route 6, Forêt d'Empoigne (Intérieur), Bois des Illusions","Route 6, Forêt d'Empoigne (Intérieur), Bois des Illusions","Safari des Amis Plante, position 2 (2964-9061-9695)","Safari des Amis Plante, position 2 (2964-9061-9695)",Indisponible,Indisponible,Faire reproduire Manternel,Faire reproduire Manternel,Échange,Échange,,,Incompatible,Incompatible,Incompatible,Incompatible,,,,
0542,Manternel,,,,,,,,,,,,,,,,,,"Route 6, Bois des Illusions (Herbes mouvantes)","Route 6, Bois des Illusions (Herbes mouvantes)","Route 6, Route 12, Bois des Illusions (Herbes mouvantes), Trouée Cachée (Bois des Illusions)","Route 6, Route 12, Bois des Illusions (Herbes mouvantes), Trouée Cachée (Bois des Illusions)",Indisponible,Indisponible,Indisponible,Indisponible,"Scanner des Îles : Mercredi, Jardin de Poni","Scanner des Îles : Mercredi, Jardin de Poni",Échange,Échange,,,Incompatible,Incompatible,Incompatible,Incompatible,,,,
0543,Venipatte,,,,,,,,,,,,,,,,,,"Forêt d'Empoigne (Intérieur Hautes Herbes), Bois des Illusions","Forêt d'Empoigne (Intérieur Hautes Herbes), Bois des Illusions","Route 20 (Herbes sombres), Bois des Illusions (Hautes herbes)","Route 20 (Herbes sombres), Bois des Illusions (Hautes herbes)","Route 6 (Embuscades, depuis un buisson)","Route 6 (Embuscades, depuis un buisson)",Indisponible,Indisponible,"Scanner des Îles : Jeudi, Route 4","Scanner des Îles : Jeudi, Route 4",Échange,Échange,,,Forêt Flexion,Forêt Flexion,Incompatible,Incompatible,,,,
0544,Scobolide,,,,,,,,,,,,,,,,,,Forêt d'Empoigne (Intérieur Herbes Sombres),Forêt d'Empoigne (Intérieur Herbes Sombres),"Forêt d'Empoigne (Intérieur), Bois des Illusions (Herbes sombres)","Forêt d'Empoigne (Intérieur), Bois des Illusions (Herbes sombres)",Indisponible,Indisponible,Indisponible,Indisponible,Faire évoluer Venipatte (niveau 22),Faire évoluer Venipatte (niveau 22),Échange,Échange,,,Raid Dynamax,Raid Dynamax,Incompatible,Incompatible,,,,
0545,Brutapode,,,,,,,,,,,,,,,,,,Indisponible,Indisponible,Forêt d'Empoigne (Intérieur) (Herbes mouvantes),Forêt d'Empoigne (Intérieur) (Herbes mouvantes),Indisponible,Indisponible,Indisponible,Indisponible,Faire évoluer Scobolide (niveau 30),Faire évoluer Scobolide (niveau 30),Échange,Échange,,,"Forêt Flexion, Expédition Dynamax","Forêt Flexion, Expédition Dynamax",Incompatible,Incompatible,,,,
0546,Doudouvet,,,,,,,,,,,,,,,,,,"Forêt d'Empoigne (Intérieur), Bois des Illusions, Autel Abondance",Échange interne contre un Chlorobule à Maillard,"Volucité, Route Victoire, Autel Abondance, Bois des Illusions, Forêt d'Empoigne (Intérieur)",Échange interne contre un Chlorobule sur la Route 4,Indisponible,Indisponible,Bois Clémenti (Navi-Dex),Bois Clémenti (Navi-Dex),"Jardin de Mele-Mele, Parc de Malié, Jardin d'Ula-Ula, Plaine de Poni, Jardin de Poni","Jardin de Mele-Mele, Parc de Malié, Jardin d'Ula-Ula, Plaine de Poni","Jardin de Mele-Mele, Parc de Malié, Jardin d'Ula-Ula, Plaine de Poni, Jardin de Poni","Jardin de Mele-Mele, Parc de Malié, Jardin d'Ula-Ula, Plaine de Poni",,,"Plaine Rocheuse, Lac Poké Ball","Plaine Rocheuse, Lac Poké Ball",Incompatible,Incompatible,,,,
0547,Farfaduvet,,,,,,,,,,,,,,,,,,"Forêt d'Empoigne (Intérieur), Bois des Illusions, Autel Abondance (Herbes mouvantes)",Indisponible,"Volucité, Route Victoire, Autel Abondance, Bois des Illusions, Forêt d'Empoigne (Intérieur) (Herbes mouvantes)",Indisponible,Indisponible,Indisponible,Indisponible,Indisponible,Faire évoluer Doudouvet avec une Pierre Soleil,Faire évoluer Doudouvet avec une Pierre Soleil,Faire évoluer Doudouvet avec une Pierre Soleil,Faire évoluer Doudouvet avec une Pierre Soleil,,,"Lac Poké Ball, Expédition Dynamax","Lac Poké Ball, Expédition Dynamax",Incompatible,Incompatible,,,,
0548,Chlorobule,,,,,,,,,,,,,,,,,,Échange interne contre un Doudouvet à Maillard,"Forêt d'Empoigne (Intérieur), Bois des Illusions, Autel Abondance",Échange interne contre un Doudouvet sur la Route 4,"Volucité, Route Victoire, Autel Abondance, Bois des Illusions, Forêt d'Empoigne (Intérieur)","Safari des Amis Plante, position 2 (5086-1979-3364)","Safari des Amis Plante, position 2 (5086-1979-3364)","Forêt Mirage (Nord-ouest de la Route 114, Sud du Chenal 132)","Forêt Mirage (Nord-ouest de la Route 114, Sud du Chenal 132)","Jardin de Mele-Mele, Parc de Malié, Jardin d'Ula-Ula, Plaine de Poni","Jardin de Mele-Mele, Parc de Malié, Jardin d'Ula-Ula, Plaine de Poni, Jardin de Poni","Jardin de Mele-Mele, Parc de Malié, Jardin d'Ula-Ula, Plaine de Poni","Jardin de Mele-Mele, Parc de Malié, Jardin d'Ula-Ula, Plaine de Poni, Jardin de Poni",,,Îlot Calméole,Îlot Calméole,??,??,,,,
0549,Fragilady,,,,,,,,,,,,,,,,,,Indisponible,"Forêt d'Empoigne (Intérieur), Bois des Illusions, Autel Abondance (Herbes mouvantes)",Indisponible,"Volucité, Route Victoire, Autel Abondance, Bois des Illusions, Forêt d'Empoigne (Intérieur) (Herbes mouvantes)",Indisponible,Indisponible,Indisponible,Indisponible,Faire évoluer Chlorobule avec une Pierre Soleil,Faire évoluer Chlorobule avec une Pierre Soleil,Faire évoluer Chlorobule avec une Pierre Soleil,Faire évoluer Chlorobule avec une Pierre Soleil,,,"Lande Boldair, Plaine des Efforts, Îlot Calméole, Expédition Dynamax","Lande Boldair, Plaine des Efforts, Îlot Calméole, Expédition Dynamax",Incompatible,Incompatible,,,,
0549,Fragilady,Hisui,,,,,,,,,,,,,,,,,,,,,,,,,,,,,,,,,,,,,,
0550,Bargantua,Motif Rouge,,,,,,,,,,,,,,,,,"Nombreux routes, villes et lieux avec un (point d'eau) (Surf et Méga Canne)","Nombreux routes, villes et lieux avec un (point d'eau) (Surf et Méga Canne)","Nombreux routes, villes et lieux avec un (point d'eau) (Surf et Méga Canne)","Nombreux routes, villes et lieux avec un (point d'eau) (Surf et Méga Canne)","Monts de Kalos (Super Canne et Méga Canne, Sauf Route 19)","Monts de Kalos (Super Canne et Méga Canne, Sauf Route 19)",Indisponible,Indisponible,Échange,Échange,"Colline Clapotis*, Parc de Malié, Grand Canyon de Poni (Canne à Pêche)","Colline Clapotis*, Parc de Malié",,,"Berges de Motorby, Cavernes Gronde-Mer, Repos du Géant, Empreinte du Géant, Lac Poké Ball Canne à Pêche : Skifford, Berges de Motorby, Lac Milobellus Nord, Pente Enneigée, Mer Banquise, Repos du Géant, Empreinte du Géant, Lac Poké Ball, Expédition Dynamax","Berges de Motorby, Cavernes Gronde-Mer, Repos du Géant, Empreinte du Géant, Lac Poké Ball Canne à Pêche : Skifford, Berges de Motorby, Lac Milobellus Nord, Pente Enneigée, Mer Banquise, Repos du Géant, Empreinte du Géant, Lac Poké Ball, Expédition Dynamax",??,??,,,,
0550,Bargantua,Motif Bleu,,,,,,,,,,,,,,,,,"Nombreux routes, villes et lieux avec un (point d'eau) (Surf et Méga Canne)","Nombreux routes, villes et lieux avec un (point d'eau) (Surf et Méga Canne)","Nombreux routes, villes et lieux avec un (point d'eau) (Surf et Méga Canne)","Nombreux routes, villes et lieux avec un (point d'eau) (Surf et Méga Canne)","Monts de Kalos (Super Canne et Méga Canne, Sauf Route 19)","Monts de Kalos (Super Canne et Méga Canne, Sauf Route 19)",Indisponible,Indisponible,Échange,Échange,"Colline Clapotis*, Parc de Malié","Colline Clapotis*, Parc de Malié, Grand Canyon de Poni (Canne à Pêche)",,,,,,,,,,
0550,Bargantua,Motif Blanc,,,,,,,,,,,,,,,,,,,,,,,,,,,,,,,,,,,,,,
0551,Mascaïman,,,,,,,,,,,,,,,,,,"Route 4, Désert Délassant, Château Enfoui (Sous-Sol 1 et 2)","Route 4, Désert Délassant, Château Enfoui (Sous-Sol 1 et 2)","Route 4, Désert Délassant, Château Enfoui  (Sous-Sol 1 et 2)","Route 4, Désert Délassant, Château Enfoui  (Sous-Sol 1 et 2)",Route 9,Route 9,Route 111 (Navi-Dex),Route 111 (Navi-Dex),Désert Haina,Désert Haina,Faire reproduire Escroco ou Crocorible,Faire reproduire Escroco ou Crocorible,,,Sables de Kudsac,Sables de Kudsac,Incompatible,Incompatible,,,,
0552,Escroco,,,,,,,,,,,,,,,,,,Château Enfoui (Sous-Sol 2 à 6 et Passage),Château Enfoui (Sous-Sol 2 à 6 et Passage),Château Enfoui (Passage),Château Enfoui (Passage),Indisponible,Indisponible,Indisponible,Indisponible,Faire évoluer Mascaïman (niveau 29),Faire évoluer Mascaïman (niveau 29),Désert Haina,Désert Haina,,,Sables de Kudsac,Sables de Kudsac,Incompatible,Incompatible,,,,
0553,Crocorible,,,,,,,,,,,,,,,,,,Indisponible,Indisponible,Indisponible,Indisponible,Indisponible,Indisponible,Indisponible,Indisponible,Faire évoluer Escroco (niveau 40),Faire évoluer Escroco (niveau 40),Faire évoluer Escroco (niveau 40),Faire évoluer Escroco (niveau 40),,,"Sables de Kudsac, Expédition Dynamax","Sables de Kudsac, Expédition Dynamax",Incompatible,Incompatible,,,,
0554,Darumarond,,,,,,,,,,,,,,,,,,"Route 4, Désert Délassant","Route 4, Désert Délassant","Route 4, Désert Délassant","Route 4, Désert Délassant",Indisponible,Indisponible,Indisponible,Indisponible,À transférer via Banque Pokémon,À transférer via Banque Pokémon,À transférer via Banque Pokémon,À transférer via Banque Pokémon,,,Échange contre un Darumarond de Galar à Régiona,Échange,Incompatible,Incompatible,,,,
0554,Darumarond,Galar,,,,,,,,,,,,,,,,,,,,,,,,,,,,,,,"Route 8, Route 10, Pente Enneigée",Échange,Incompatible,Incompatible,,,,
0555,Darumacho,,,,,,,,,,,,,,,,,,"Désert Délassant (fixes, avec Mode Transe)","Désert Délassant (fixes, avec Mode Transe)",Désert Délassant (de N),Désert Délassant (de N),Indisponible,Indisponible,"Mont Mirage (Est d'Algatia), Île Mirage (Nord d'Autéquia, Ouest de Mérouville)","Mont Mirage (Est d'Algatia), Île Mirage (Nord d'Autéquia, Ouest de Mérouville)",À transférer via Banque Pokémon,À transférer via Banque Pokémon,À transférer via Banque Pokémon,À transférer via Banque Pokémon,,,"Faire évoluer Darumarond, (niveau 35)","Faire évoluer Darumarond, Échange",Incompatible,Incompatible,,,,
0555,Darumacho,Galar,,,,,,,,,,,,,,,,,,,,,,,,,,,,,,,Pente Enneigée,Échange,Incompatible,Incompatible,,,,
0556,Maracachi,,,,,,,,,,,,,,,,,,Désert Délassant,Désert Délassant,Désert Délassant,Désert Délassant,Indisponible,Indisponible,Île Mirage (Est d'Algatia),Île Mirage (Est d'Algatia),À transférer via Banque Pokémon,À transférer via Banque Pokémon,À transférer via Banque Pokémon,À transférer via Banque Pokémon,,,"Route 6, Prairie Entre-Ponts, Plaine Rocheuse, Plateau de Kickenham, Expédition Dynamax","Route 6, Prairie Entre-Ponts, Plaine Rocheuse, Plateau de Kickenham, Expédition Dynamax",Incompatible,Incompatible,,,,
0557,Crabicoque,,,,,,,,,,,,,,,,,,"Route 18 (Hautes herbes), Désert Délassant","Route 18 (Hautes herbes), Désert Délassant",Désert Délassant,Désert Délassant,"Route 8, Route 12, Roche-sur-Gliffe, Relifac-le-Haut, Grotte Étincelante, Baie Azur (Éclate-Roc)","Route 8, Route 12, Roche-sur-Gliffe, Relifac-le-Haut, Grotte Étincelante, Baie Azur (Éclate-Roc)",Route 111 (Navi-Dex),Route 111 (Navi-Dex),Échange,Échange,Faire reproduire Crabaraque,Faire reproduire Crabaraque,,,"Plaine Verdoyante, Lac Coupenotte Ouest, Lac Coupenotte Est, Lac Milobellus Nord, Lac Milobellus Sud, Tour en ruines, Siège du Géant, Plaine Rocheuse, Plateau de Kickenham, Caverne Pugnacité, Lagune Circulaire","Plaine Verdoyante, Lac Coupenotte Ouest, Lac Coupenotte Est, Lac Milobellus Nord, Lac Milobellus Sud, Tour en ruines, Siège du Géant, Plaine Rocheuse, Plateau de Kickenham, Caverne Pugnacité, Lagune Circulaire",Incompatible,Incompatible,,,,
0558,Crabaraque,,,,,,,,,,,,,,,,,,Route 18 (Herbes sombres),Route 18 (Herbes sombres),"Route 18, Bloque la route dans la Grotte Littorale","Route 18, Bloque la route dans la Grotte Littorale",Indisponible,Indisponible,"Mont Mirage (Nord d'Algatia, Sud-est du Chenal 129)","Mont Mirage (Nord d'Algatia, Sud-est du Chenal 129)",Échange,Échange,"Ultra-Dimension, brèche jaune","Ultra-Dimension, brèche jaune",,,"Route 8, Œil du Lac, Route de l'Épreuve, Expédition Dynamax","Route 8, Œil du Lac, Route de l'Épreuve, Expédition Dynamax",Incompatible,Incompatible,,,,
0559,Baggiguane,,,,,,,,,,,,,,,,,,"Route 1 (Herbes sombres), Route 4, Route 18, Désert Délassant, Labo P2","Route 1 (Herbes sombres), Route 4, Route 18, Désert Délassant, Labo P2","Route 4, Désert Délassant","Route 4, Désert Délassant",Route 5 (Horde),Route 5 (Horde),Route 113 (Navi-Dex),Route 113 (Navi-Dex),Échange,Échange,Routes 16 et 17,Routes 16 et 17,,,"Mine de Galar n° 2, Abords de Motorby, Prairie Entre-Ponts, Plaine Rocheuse, Fosse des Sables, Coiffe du Géant, Miroir du Géant, Route de l'Épreuve, Sables de Kudsac",Échange,Incompatible,Incompatible,,,,
0560,Baggaïd,,,,,,,,,,,,,,,,,,Indisponible,Indisponible,"Route 1, Route 15, Route 18, Labo P2","Route 1, Route 15, Route 18, Labo P2",Indisponible,Indisponible,Indisponible,Indisponible,Échange,Échange,Faire évoluer Baggiguane (niveau 39),Faire évoluer Baggiguane (niveau 39),,,"Route de l'Épreuve, Plaine des Efforts",Échange,Incompatible,Incompatible,,,,
0561,Cryptéro,,,,,,,,,,,,,,,,,,Désert Délassant,Désert Délassant,Désert Délassant,Désert Délassant,Route 10,Route 10,Indisponible,Indisponible,Échange,Échange,"Ultra-Dimension, brèche rouge","Ultra-Dimension, brèche rouge",,,"Lac Ouragan, Plaine Rocheuse, Berges de Motorby, Expédition Dynamax","Lac Ouragan, Plaine Rocheuse, Berges de Motorby, Expédition Dynamax",Incompatible,Incompatible,,,,
0562,Tutafeh,,,,,,,,,,,,,,,,,,Château Enfoui (Rez-de-Chaussé et Sous-Sol 1),Château Enfoui (Rez-de-Chaussé et Sous-Sol 1),Château Enfoui,Château Enfoui,Indisponible,Indisponible,Indisponible,Indisponible,À transférer via Banque Pokémon,À transférer via Banque Pokémon,À transférer via Banque Pokémon,À transférer via Banque Pokémon,,,"Échange interne avec un Tutafeh de Galar, dans le Stade de Corrifey","Échange interne avec un Tutafeh de Galar, dans le Stade de Corrifey",Incompatible,Incompatible,,,,
0562,Tutafeh,Galar,,,,,,,,,,,,,,,,,,,,,,,,,,,,,,,Route 6,Route 6,Incompatible,Incompatible,,,,
0563,Tutankafer,,,,,,,,,,,,,,,,,,Château Enfoui (Sous-Sol 2 à 6 et Passage),Château Enfoui (Sous-Sol 2 à 6 et Passage),Indisponible,Indisponible,Indisponible,Indisponible,"Grotte Mirage (Nord du Chenal 124, Sud du Chenal 131)","Grotte Mirage (Nord du Chenal 124, Sud du Chenal 131)",À transférer via Banque Pokémon,À transférer via Banque Pokémon,À transférer via Banque Pokémon,À transférer via Banque Pokémon,,,Expédition Dynamax,Expédition Dynamax,Incompatible,Incompatible,,,,
0564,Carapagos,,,,,,,,,,,,,,,,,,Réanimer le Fossile Plaque au Musée de Maillard (choix entre lui et le Fossile Plume au Château Enfoui),Réanimer le Fossile Plaque au Musée de Maillard (choix entre lui et le Fossile Plume au Château Enfoui),Réanimer le Fossile Plaque au Musée de Maillard (choix entre lui et le Fossile Plume à Maillard),Réanimer le Fossile Plaque au Musée de Maillard (choix entre lui et le Fossile Plume à Maillard),Réanimer le Fossile Plaque au Bureau d'Étude des Fossiles à Roche-sur-Gliffe (Fossile trouvé avec Éclate-Roc dans la Grotte Étincelante),Réanimer le Fossile Plaque au Bureau d'Étude des Fossiles à Roche-sur-Gliffe (Fossile trouvé avec Éclate-Roc dans la Grotte Étincelante),Indisponible,"Réanimer le Fossile Plaque à la Devon, à Mérouville (Fossile trouvé avec Éclate-Roc dans les Grottes Mirage)","Acheter le Fossile Plaque à la boutique d'Alyxia à Konikoni, Trouver le Fossile Plaque, via le Poké Loisir","Trouver le Fossile Plaque, via le Poké Loisir","Acheter le Fossile Plaque à la boutique d'Alyxia à Konikoni, Trouver le Fossile Plaque, via le Poké Loisir, Îlot Farfouille","Trouver le Fossile Plaque, via le Poké Loisir, Îlot Farfouille",,,Mer Banquise,Mer Banquise,Incompatible,Incompatible,,,,
0565,Mégapagos,,,,,,,,,,,,,,,,,,Indisponible,Indisponible,Indisponible,Indisponible,Indisponible,Indisponible,Indisponible,Indisponible,Faire évoluer Carapagos (niveau 37),Faire évoluer Carapagos (niveau 37),Faire évoluer Carapagos (niveau 37),Faire évoluer Carapagos (niveau 37),,,Mer Banquise,Mer Banquise,Incompatible,Incompatible,,,,
0566,Arkéapti,,,,,,,,,,,,,,,,,,Réanimer le Fossile Plume au Musée de Maillard (choix entre lui et le Fossile Plaque au Château Enfoui),Réanimer le Fossile Plume au Musée de Maillard (choix entre lui et le Fossile Plaque au Château Enfoui),Réanimer le Fossile Plume au Musée de Maillard (choix entre lui et le Fossile Plaque à Maillard),Réanimer le Fossile Plume au Musée de Maillard (choix entre lui et le Fossile Plaque à Maillard),Réanimer le Fossile Plume au Bureau d'Étude des Fossiles à Roche-sur-Gliffe (Fossile trouvé avec Éclate-Roc dans la Grotte Étincelante),Réanimer le Fossile Plume au Bureau d'Étude des Fossiles à Roche-sur-Gliffe (Fossile trouvé avec Éclate-Roc dans la Grotte Étincelante),"Réanimer le Fossile Plume à la Devon, à Mérouville (Fossile trouvé avec Éclate-Roc dans les Grottes Mirage)",Indisponible,"Acheter le Fossile Plume à la boutique d'Alyxia à Konikoni, Trouver le Fossile Plume, via le Poké Loisir","Trouver le Fossile Plume, via le Poké Loisir","Acheter le Fossile Plume à la boutique d'Alyxia à Konikoni, Trouver le Fossile Plume, via le Poké Loisir, Îlot Farfouille","Trouver le Fossile Plume, via le Poké Loisir, Îlot Farfouille",,,Empreinte du Géant,Empreinte du Géant,Incompatible,Incompatible,,,,
0567,Aéroptéryx,,,,,,,,,,,,,,,,,,Indisponible,Indisponible,Indisponible,Indisponible,Indisponible,Indisponible,Indisponible,Indisponible,Faire évoluer Arkéapti (niveau 37),Faire évoluer Arkéapti (niveau 37),Faire évoluer Arkéapti (niveau 37),Faire évoluer Arkéapti (niveau 37),,,Faire évoluer Arkéapti (niveau 37),Faire évoluer Arkéapti (niveau 37),Incompatible,Incompatible,,,,
0568,Miamiasme,,,,,,,,,,,,,,,,,,"Route 5, Route 16","Route 5, Route 16","Route 4, Route 5, Route 16","Route 5, Route 16",Hôtel Désolation (Poubelles),Hôtel Désolation (Poubelles),Route 110 (Navi-Dex),Route 110 (Navi-Dex),Cap Passiloin,Cap Passiloin,Cap Passiloin,Cap Passiloin,,,Route 3,Route 3,Incompatible,Incompatible,,,,
0569,Miasmax,,,,,,,,,,,,,,,,,,Route 9,Route 9,"Route 9, Trouée Cachée (Route 9)","Route 9, Trouée Cachée (Route 9)","Hôtel Désolation, Village Pokémon (Poubelles)","Hôtel Désolation, Village Pokémon (Poubelles)",Indisponible,Indisponible,Intrusion* (Miamiasme*),Intrusion* (Miamiasme*),Faire évoluer Miamiasme (niveau 36),Faire évoluer Miamiasme (niveau 36),,,"Lac Ouragan, Expédition Dynamax","Lac Ouragan, Expédition Dynamax",Incompatible,Incompatible,,,,
0570,Zorua,,,,,,,,,,,,,,,,,,"Volucité, avec un Celebi évènementiel","Volucité, avec un Celebi évènementiel",Donné par Carmine à Port Yoneuve,Donné par Carmine à Port Yoneuve,Indisponible,Indisponible,Route 101 (Navi-Dex),Route 101 (Navi-Dex),Échange,Échange,Abords d'Ekaeka (École des dresseurs),Abords d'Ekaeka (École des dresseurs),,,"Forêt Flexion, Plaine Salutation, Lande Boldair","Forêt Flexion, Plaine Salutation, Lande Boldair",Incompatible,Incompatible,,,,
0570,Zorua,Hisui,,,,,,,,,,,,,,,,,,,,,,,,,,,,,,,,,,,,,,
0571,Zoroark,,,,,,,,,,,,,,,,,,"Bois des Illusions, avec une des bêtes légendaires chromatiques évènementielles","Bois des Illusions, avec une des bêtes légendaires chromatiques évènementielles",Indisponible,Indisponible,"Route 20, Village Pokémon","Route 20, Village Pokémon",Indisponible,Indisponible,Échange,Échange,Forêt de Poni,Forêt de Poni,,,"Lagune Circulaire, Mer Isol'Îlots","Lagune Circulaire, Mer Isol'Îlots",Incompatible,Incompatible,,,,
0571,Zoroark,Hisui,,,,,,,,,,,,,,,,,,,,,,,,,,,,,,,,,,,,,,
0572,Chinchidou,,,,,,,,,,,,,,,,,,"Route 5, Route 9, Route 16, Hangar Frigorifique","Route 5, Route 9, Route 16, Hangar Frigorifique","Route 5, Route 9, Route 16, Trouée Cachée (Route 5)","Route 4, Route 5, Route 9, Route 16, Trouée Cachée (Route 5)","Safari des Amis Normal, position 2 (1264-3013-5093)","Safari des Amis Normal, position 2 (1264-3013-5093)",Forêt Mirage (Est d'Algatia),Forêt Mirage (Est d'Algatia),Échange,Échange,Cap Passiloin,Cap Passiloin,,,"Route 5, Plaine Verdoyante, Lac Coupenotte Est, Coiffe du Géant","Route 5, Plaine Verdoyante, Lac Coupenotte Est, Coiffe du Géant",Incompatible,Incompatible,,,,
0573,Pashmilla,,,,,,,,,,,,,,,,,,"Route 5, Route 9, Route 16, Hangar Frigorifique (Herbes mouvantes)","Route 5, Route 9, Route 16, Hangar Frigorifique (Herbes mouvantes)","Route 5, Route 9, Route 16 (Herbes mouvantes)","Route 5, Route 9, Route 16 (Herbes mouvantes)",Indisponible,Indisponible,Indisponible,Indisponible,Échange,Échange,Faire évoluer Chinchidou avec une Pierre Éclat,Faire évoluer Chinchidou avec une Pierre Éclat,,,"Coiffe du Géant, Expédition Dynamax","Coiffe du Géant, Expédition Dynamax",Incompatible,Incompatible,,,,
0574,Scrutella,,,,,,,,,,,,,,,,,,"Route 5, Route 16",Indisponible,"Route 5, Route 16, Manoir de l'Étrange",Indisponible,Indisponible,Indisponible,Route 102 (Navi-Dex),Route 102 (Navi-Dex),"Scanner des Îles : Dimanche, Route 6","Scanner des Îles : Dimanche, Route 6",Échange,Échange,,,"Coiffe du Géant, Plateau Beau-Gant, Plaine Granfroy",Échange,Incompatible,Incompatible,,,,
0575,Mesmérella,,,,,,,,,,,,,,,,,,Route 9,Indisponible,"Route 9, Manoir de l'Étrange",Indisponible,"Route 20, Village Pokémon","Route 20, Village Pokémon",Indisponible,Indisponible,Faire évoluer Scrutella (niveau 32),Faire évoluer Scrutella (niveau 32),Échange,Échange,,,"Coiffe du Géant, Fosse des Sables, Plateau Beau-Gant, Plaine Granfroy",Échange,Incompatible,Incompatible,,,,
0576,Sidérella,,,,,,,,,,,,,,,,,,Route 9 (Herbes mouvantes),Indisponible,Route 9 (Herbes mouvantes),Indisponible,Indisponible,Indisponible,Indisponible,Indisponible,Faire évoluer Mesmérella (niveau 41),Faire évoluer Mesmérella (niveau 41),Échange,Échange,,,"Lac Ouragan, Plateau Beau-Gant, Plaine Granfroy","Plaine Granfroy, Échange",Incompatible,Incompatible,,,,
0577,Nucléos,,,,,,,,,,,,,,,,,,Indisponible,"Route 5, Route 16",Indisponible,"Route 5, Route 16, Manoir de l'Étrange",Grotte Miroitante,Grotte Miroitante,Indisponible,Indisponible,Faire reproduire Méios,Faire reproduire Méios,Échange,Échange,,,Échange,"Coiffe du Géant, Plateau Beau-Gant, Plaine Granfroy",Incompatible,Incompatible,,,,
0578,Méios,,,,,,,,,,,,,,,,,,Indisponible,Route 9,Indisponible,"Route 9, Manoir de l'Étrange",Indisponible,Indisponible,Indisponible,Indisponible,"Scanner des Îles : Mardi, Route 16","Scanner des Îles : Mardi, Route 16",Échange,Échange,,,Échange,"Coiffe du Géant, Fosse des Sables, Plateau Beau-Gant, Plaine Granfroy",Incompatible,Incompatible,,,,
0579,Symbios,,,,,,,,,,,,,,,,,,Indisponible,Route 9 (Herbes mouvantes),Indisponible,Route 9 (Herbes mouvantes),Indisponible,Indisponible,Indisponible,Indisponible,Faire évoluer Méios (niveau 41),Faire évoluer Méios (niveau 41),Échange,Échange,,,Échange,"Lac Ouragan, Plateau Beau-Gant, Plaine Granfroy",Incompatible,Incompatible,,,,
0580,Couaneton,,,,,,,,,,,,,,,,,,Pont Yoneuve (ombres),Pont Yoneuve (ombres),Pont Yoneuve (ombres),Pont Yoneuve (ombres),Route 7,Route 7,Indisponible,Indisponible,Échange,Échange,Faire reproduire Lakmécygne,Faire reproduire Lakmécygne,,,Incompatible,Incompatible,Incompatible,Incompatible,,,,
0581,Lakmécygne,,,,,,,,,,,,,,,,,,Pont de l'Inconnu (ombres),Pont de l'Inconnu (ombres),Pont de l'Inconnu (ombres),Pont de l'Inconnu (ombres),"Safari des Amis Vol, position 2 (3222-6962-3730)","Safari des Amis Vol, position 2 (3222-6962-3730)",Indisponible,Indisponible,Échange,Échange,"Ultra-Dimension, brèche rouge","Ultra-Dimension, brèche rouge",,,Incompatible,Incompatible,Incompatible,Incompatible,,,,
0582,Sorbébé,,,,,,,,,,,,,,,,,,"Route 6 (Hiver), Hangar Frigorifique, Tour Dragospire (Hautes herbes Hiver)","Route 6 (Hiver), Hangar Frigorifique, Tour Dragospire (Hautes herbes Hiver)",Indisponible,Indisponible,Caverne Gelée (Horde),Caverne Gelée (Horde),Indisponible,Indisponible,Village Toko : Intrusion* sous Grêle (Par n'importe quel Pokémon),Village Toko : Intrusion* sous Grêle (Par n'importe quel Pokémon),Village Toko : Intrusion* sous Grêle (Par n'importe quel Pokémon),Village Toko : Intrusion* sous Grêle (Par n'importe quel Pokémon),,,"Plaine Verdoyante, Bois de Clairjour, Lac Coupenotte Ouest, Lac Coupenotte Est, Lac Milobellus Nord, Lac Milobellus Sud, Berges de Motorby, Prairie Entre-Ponts, Miroir du Géant, Coiffe du Géant, Plateau de Kickenham, Fosse des Sables, Lac Ouragan, Plaine Granfroy, Repos du Géant, Cimetière Ancien, Pente Enneigée, Empreinte du Géant, Mer Banquise, Croisée Trois-Voies, Lac Poké Ball","Plaine Verdoyante, Bois de Clairjour, Lac Coupenotte Ouest, Lac Coupenotte Est, Lac Milobellus Nord, Lac Milobellus Sud, Berges de Motorby, Prairie Entre-Ponts, Miroir du Géant, Coiffe du Géant, Plateau de Kickenham, Fosse des Sables, Lac Ouragan, Plaine Granfroy, Repos du Géant, Cimetière Ancien, Pente Enneigée, Empreinte du Géant, Mer Banquise, Croisée Trois-Voies, Lac Poké Ball",Incompatible,Incompatible,,,,
0583,Sorboul,,,,,,,,,,,,,,,,,,"Tour Dragospire (Hiver uniquement), Faire évoluer Sorbébé au N.35","Tour Dragospire (Hiver uniquement), Faire évoluer Sorbébé au N.35","Tour Dragospire (Hiver), Grotte Cyclopéenne (Entrée)","Tour Dragospire (Hiver), Grotte Cyclopéenne (Entrée)",Indisponible,Indisponible,Indisponible,Indisponible,Mont Lanakila : Intrusion* sous Grêle (Par n'importe quel Pokémon),Mont Lanakila : Intrusion* sous Grêle (Par n'importe quel Pokémon),Mont Lanakila : Intrusion* sous Grêle (Par n'importe quel Pokémon),Mont Lanakila : Intrusion* sous Grêle (Par n'importe quel Pokémon),,,"Route 8, Route 10, Œil du Lac, Fosse des Sables, Bois de Clairjour, Lac Milobellus Nord, Plaine Granfroy, Repos du Géant, Cimetière Ancien, Pente Enneigée, Empreinte du Géant, Mer Banquise, Mer Banquise, Lac Poké Ball, Expédition Dynamax","Route 8, Route 10, Œil du Lac, Fosse des Sables, Bois de Clairjour, Lac Milobellus Nord, Plaine Granfroy, Repos du Géant, Cimetière Ancien, Pente Enneigée, Empreinte du Géant, Mer Banquise, Mer Banquise, Lac Poké Ball, Expédition Dynamax",Incompatible,Incompatible,,,,
0584,Sorbouboul,,,,,,,,,,,,,,,,,,Indisponible,Indisponible,"Tour Dragospire (Hiver), Grotte Cyclopéenne(Entrée) (Herbes mouvantes)","Tour Dragospire (Hiver), Grotte Cyclopéenne(Entrée) (Herbes mouvantes)",Indisponible,Indisponible,Indisponible,Indisponible,Faire évoluer Sorboul,Faire évoluer Sorboul,Mont Lanakila : Intrusion* sous Grêle (Par n'importe quel Pokémon),Mont Lanakila : Intrusion* sous Grêle (Par n'importe quel Pokémon),,,"Route 10, Lac Ouragan, Prairie Entre-Ponts, Lac Coupenotte Ouest, Lac Coupenotte Est, Lac Milobellus Nord, Lac Milobellus Sud, Plaine Granfroy, Repos du Géant, Pente Enneigée, Lac Poké Ball","Route 10, Lac Ouragan, Prairie Entre-Ponts, Lac Coupenotte Ouest, Lac Coupenotte Est, Lac Milobellus Nord, Lac Milobellus Sud, Plaine Granfroy, Repos du Géant, Pente Enneigée, Lac Poké Ball",Incompatible,Incompatible,,,,
0585,Vivaldaim,Printemps,,,,,,,,,,,,,,,,,"Route 6, Route 7, Tour Dragospire","Route 6, Route 7, Tour Dragospire","Route 6, Route 7","Route 6, Route 7",Indisponible,Indisponible,Route 117 (Navi-Dex),Route 117 (Navi-Dex),À transférer via Banque Pokémon,À transférer via Banque Pokémon,À transférer via Banque Pokémon,À transférer via Banque Pokémon,,,Incompatible,Incompatible,Incompatible,Incompatible,,,,
0585,Vivaldaim,Été,,,,,,,,,,,,,,,,,"Route 6, Route 7, Tour Dragospire","Route 6, Route 7, Tour Dragospire","Route 6, Route 8","Route 6, Route 8",Indisponible,Indisponible,Indisponible,Indisponible,,,,,,,,,,,,,,
0585,Vivaldaim,Automne,,,,,,,,,,,,,,,,,"Route 6, Route 7, Tour Dragospire","Route 6, Route 7, Tour Dragospire","Route 6, Route 9","Route 6, Route 9",Indisponible,Indisponible,Indisponible,Indisponible,,,,,,,,,,,,,,
0585,Vivaldaim,Hiver,,,,,,,,,,,,,,,,,"Route 6, Route 7, Tour Dragospire","Route 6, Route 7, Tour Dragospire","Route 6, Route 10","Route 6, Route 10",Indisponible,Indisponible,Indisponible,Indisponible,,,,,,,,,,,,,,
0586,Haydaim,Printemps,,,,,,,,,,,,,,,,,Indisponible,Indisponible,Tour Dragospire,Tour Dragospire,"Safari des Amis Plante, position 2 (4725-8118-2182)","Safari des Amis Plante, position 2 (4725-8118-2182)",Indisponible,Indisponible,À transférer via Banque Pokémon,À transférer via Banque Pokémon,À transférer via Banque Pokémon,À transférer via Banque Pokémon,,,Incompatible,Incompatible,Incompatible,Incompatible,,,,
0586,Haydaim,Été,,,,,,,,,,,,,,,,,Indisponible,Indisponible,Tour Dragospire,Tour Dragospire,Indisponible,Indisponible,Indisponible,Indisponible,,,,,,,,,,,,,,
0586,Haydaim,Automne,,,,,,,,,,,,,,,,,Indisponible,Indisponible,Tour Dragospire,Tour Dragospire,Indisponible,Indisponible,Indisponible,Indisponible,,,,,,,,,,,,,,
0586,Haydaim,Hiver,,,,,,,,,,,,,,,,,"Tour Dragospire (Herbes sombres, Hiver uniquement)","Tour Dragospire (Herbes sombres, Hiver uniquement)",Tour Dragospire,Tour Dragospire,Indisponible,Indisponible,Indisponible,Indisponible,,,,,,,,,,,,,,
0587,Emolga,,,,,,,,,,,,,,,,,,"Route 5, Route 6, Route 7, Route 9, Route 10, Route 11, Route 12, Route 13, Route 14, Route 15, Route 16, Bois des Illusions, Tour Dragospire, Pont du Hameau, Autel Abondance, Grotte Cyclopéenne* (Herbes mouvantes)","Route 5, Route 6, Route 7, Route 9, Route 10, Route 11, Route 12, Route 13, Route 14, Route 15, Route 16, Bois des Illusions, Tour Dragospire, Pont du Hameau, Autel Abondance, Grotte Cyclopéenne* (Herbes mouvantes)","Route 5, Route 6, Route 7, Route 9, Route 11, Route 12, Route 13, Route 14, Route 15, Route 16, Route 22, Route 23, Bois des Illusions, Tour Dragospire, Pont du Hameau, Autel Abondance (Herbes mouvantes)","Route 5, Route 6, Route 7, Route 9, Route 11, Route 12, Route 13, Route 14, Route 15, Route 16, Route 22, Route 23, Bois des Illusions, Tour Dragospire, Pont du Hameau, Autel Abondance (Herbes mouvantes)",Route 10,Route 10,Indisponible,Indisponible,Plaine de Poni (embuscade depuis un arbre),Plaine de Poni (embuscade depuis un arbre),Plaine de Poni (embuscade depuis un arbre),Plaine de Poni (embuscade depuis un arbre),,,"Forêt Flexion, Expédition Dynamax","Forêt Flexion, Expédition Dynamax",Incompatible,Incompatible,,,,
0588,Carabing,,,,,,,,,,,,,,,,,,"Route 6, Route 11","Route 6, Route 11","Route 8, Flocombe, Tourbière Flocombe (Sauf en Hiver), Route 6, Route 11","Route 8, Flocombe, Tourbière Flocombe (Sauf en Hiver), Route 6, Route 11","Route 14, Route 19 (Hautes herbes et Marécage)","Route 14, Route 19 (Hautes herbes et Marécage)",Indisponible,Indisponible,À transférer via Banque Pokémon,À transférer via Banque Pokémon,À transférer via Banque Pokémon,À transférer via Banque Pokémon,,,"Route 7, Prairie Entre-Ponts, Berges de Motorby, Plateau de Kickenham, Coiffe du Géant, Forêt Flexion, Plaine des Efforts, Cimetière Ancien","Route 7, Prairie Entre-Ponts, Berges de Motorby, Plateau de Kickenham, Forêt Flexion, Plaine des Efforts, Cimetière Ancien",Incompatible,Incompatible,,,,
0589,Lançargot,,,,,,,,,,,,,,,,,,Indisponible,Indisponible,Indisponible,Indisponible,Indisponible,Indisponible,Indisponible,Indisponible,À transférer via Banque Pokémon,À transférer via Banque Pokémon,À transférer via Banque Pokémon,À transférer via Banque Pokémon,,,"Plaine des Efforts, Forêt Flexion, Expédition Dynamax","Plaine des Efforts, Forêt Flexion, Expédition Dynamax",Incompatible,Incompatible,,,,
0590,Trompignon,,,,,,,,,,,,,,,,,,"Route 6, Route 7, Route 10 (Hautes herbes)","Route 6, Route 7, Route 10 (Hautes herbes)","Route 6, Route 7, Trouée Cachée (Routes 5, 6 et 13)","Route 6, Route 7, Trouée Cachée (Routes 5, 6 et 13)","Route 15, Route 16 (Hautes herbes et Horde), Route 20, Village Pokémon (Horde)","Route 15, Route 16 (Hautes herbes et Horde), Route 20, Village Pokémon (Horde)",Indisponible,Indisponible,À transférer via Banque Pokémon,À transférer via Banque Pokémon,À transférer via Banque Pokémon,À transférer via Banque Pokémon,,,Forêt Flexion,Forêt Flexion,Incompatible,Incompatible,,,,
0591,Gaulet,,,,,,,,,,,,,,,,,,"Route 10 (Herbes sombres), Route 11","Route 10 (Herbes sombres), Route 11","Route 11, Route 22, Route 23, Trouée Cachée (Routes 22, Forêt d'Empoigne, Autel Abondance)","Route 11, Route 22, Route 23, Trouée Cachée (Routes 22, Forêt d'Empoigne, Autel Abondance)","Route 20, Village Pokémon","Route 20, Village Pokémon",Indisponible,Indisponible,À transférer via Banque Pokémon,À transférer via Banque Pokémon,À transférer via Banque Pokémon,À transférer via Banque Pokémon,,,"Forêt Flexion, Expédition Dynamax","Forêt Flexion, Expédition Dynamax",Incompatible,Incompatible,,,,
0592,Viskuse,Mâle,,,,,,,,,,,,,,,,,"Route 4, Chenal 17, Route 18, Port Yoneuve, Labo P2 (Surf)","Route 4, Chenal 17, Route 18, Port Yoneuve, Labo P2 (Surf)","Route 4, Route 13, Chenal 17, Route 18, Chenal 21, Ondes-sur-Mer, Vaguelone, Z.I. d'Ondes-sur-Mer, Baie Vaguelone, Grotte Littorale, Labo P2 (Surf)","Route 4, Route 13, Chenal 17, Route 18, Chenal 21, Ondes-sur-Mer, Vaguelone, Z.I. d'Ondes-sur-Mer, Baie Vaguelone, Grotte Littorale, Labo P2 (Surf)",Indisponible,Indisponible,Totalité des chenaux de Hoenn (Navi-Dex),Totalité des chenaux de Hoenn (Navi-Dex),Échange,Échange,Sur l'eau : Route 14,Sur l'eau : Route 14,,,"Lac Coupenotte Est, Prairie Entre-Ponts, Lac Coupenotte Ouest, Lac Milobellus Nord, Fosse des Sables, Miroir du Géant, Mer Align'Îlots","Lac Coupenotte Est, Prairie Entre-Ponts, Lac Coupenotte Ouest, Lac Milobellus Nord, Fosse des Sables, Miroir du Géant, Mer Align'Îlots",Incompatible,Incompatible,,,,
0592,Viskuse,Femelle,,,,,,,,,,,,,,,,,"Route 4, Chenal 17, Route 18, Port Yoneuve, Labo P2 (Surf)","Route 4, Chenal 17, Route 18, Port Yoneuve, Labo P2 (Surf)","Route 4, Route 13, Chenal 17, Route 18, Chenal 21, Ondes-sur-Mer, Vaguelone, Z.I. d'Ondes-sur-Mer, Baie Vaguelone, Grotte Littorale, Labo P2 (Surf)","Route 4, Route 13, Chenal 17, Route 18, Chenal 21, Ondes-sur-Mer, Vaguelone, Z.I. d'Ondes-sur-Mer, Baie Vaguelone, Grotte Littorale, Labo P2 (Surf)",Indisponible,Indisponible,Totalité des chenaux de Hoenn (Navi-Dex),Totalité des chenaux de Hoenn (Navi-Dex),,,,,,,,,,,,,,
0593,Moyade,Mâle,,,,,,,,,,,,,,,,,"Route 4, Chenal 17, Route 18, Port Yoneuve, Labo P2 (Surf tourbillons)","Route 4, Chenal 17, Route 18, Port Yoneuve, Labo P2 (Surf tourbillons)","Route 4, Chenal 17, Route 18, Ondes-sur-Mer, Z.I. d'Ondes-sur-Mer, Labo P2 (Commun, Surf tourbillons), Route 13, Chenal 21, Vaguelone, Papeloa, Baie Vaguelone, Grotte Littorale (Rare, Surf tourbillons)","Route 4, Chenal 17, Route 18, Ondes-sur-Mer, Z.I. d'Ondes-sur-Mer, Labo P2 (Commun, Surf tourbillons), Route 13, Chenal 21, Vaguelone, Papeloa, Baie Vaguelone, Grotte Littorale (Rare, Surf tourbillons)",Indisponible,Indisponible,Indisponible,Indisponible,Échange,Échange,Faire évoluer Viskuse (niveau 40),Faire évoluer Viskuse (niveau 40),,,"Route 9, Lac Ouragan, Mer Eau-Hisse, Mer Align'Îlots, Mer Isol'Îlots, Îlot Calméole, Mer Calméole, Expédition Dynamax","Route 9, Lac Ouragan, Mer Eau-Hisse, Mer Align'Îlots, Mer Isol'Îlots, Îlot Calméole, Mer Calméole, Expédition Dynamax",Incompatible,Incompatible,,,,
0593,Moyade,Femelle,,,,,,,,,,,,,,,,,"Route 4, Chenal 17, Route 18, Port Yoneuve, Labo P2 (Surf tourbillons)","Route 4, Chenal 17, Route 18, Port Yoneuve, Labo P2 (Surf tourbillons)","Route 4, Chenal 17, Route 18, Ondes-sur-Mer, Z.I. d'Ondes-sur-Mer, Labo P2 (Commun, Surf tourbillons), Route 13, Chenal 21, Vaguelone, Papeloa, Baie Vaguelone, Grotte Littorale (Rare, Surf tourbillons)","Route 4, Chenal 17, Route 18, Ondes-sur-Mer, Z.I. d'Ondes-sur-Mer, Labo P2 (Commun, Surf tourbillons), Route 13, Chenal 21, Vaguelone, Papeloa, Baie Vaguelone, Grotte Littorale (Rare, Surf tourbillons)",Indisponible,Indisponible,Indisponible,Indisponible,,,,,,,,,,,,,,
0594,Mamanbo,,,,,,,,,,,,,,,,,,"Route 4, Chenal 17, Route 18, Port Yoneuve, Labo P2 (Surf tourbillons)","Route 4, Chenal 17, Route 18, Port Yoneuve, Labo P2 (Surf tourbillons)","Route 4, Chenal 17, Route 18, Ondes-sur-Mer, Z.I. d'Ondes-sur-Mer, Labo P2 (Surf tourbillons)","Route 4, Chenal 17, Route 18, Ondes-sur-Mer, Z.I. d'Ondes-sur-Mer, Labo P2 (Surf tourbillons)","Yantreizh, Baie Azur (Méga Canne)","Yantreizh, Baie Azur (Méga Canne)","Chenal 122, Chenal 124, Chenal 126, Chenal 127, Chenal 128, Chenal 129, Chenal 130, Chenal 131, Chenal 132, Chenal 133, Chenal 134 (Navi-Dex)","Chenal 122, Chenal 124, Chenal 126, Chenal 127, Chenal 128, Chenal 129, Chenal 130, Chenal 131, Chenal 132, Chenal 133, Chenal 134 (Navi-Dex)",Colline Clapotis* (Canne à Pêche*),Colline Clapotis* (Canne à Pêche*),Colline Clapotis* (Canne à Pêche*),Colline Clapotis* (Canne à Pêche*),,,Incompatible,Incompatible,Incompatible,Incompatible,,,,
0595,Statitik,,,,,,,,,,,,,,,,,,Grotte Électrolithe,Grotte Électrolithe,Grotte Électrolithe,Grotte Électrolithe,Indisponible,Indisponible,Route 116 (Navi-Dex),Route 116 (Navi-Dex),À transférer via Banque Pokémon,À transférer via Banque Pokémon,À transférer via Banque Pokémon,À transférer via Banque Pokémon,,,"Route 4, Plaine Verdoyante, Bois de Clairjour, Lac Coupenotte Ouest, Lac Coupenotte Est, Lac Milobellus Nord, Lac Milobellus Sud, Miroir du Géant, Coiffe du Géant","Route 4, Plaine Verdoyante, Bois de Clairjour, Lac Coupenotte Ouest, Lac Coupenotte Est, Lac Milobellus Nord, Lac Milobellus Sud, Miroir du Géant, Coiffe du Géant",Incompatible,Incompatible,,,,
0596,Mygavolt,,,,,,,,,,,,,,,,,,Indisponible,Indisponible,Indisponible,Indisponible,Indisponible,Indisponible,Indisponible,Indisponible,À transférer via Banque Pokémon,À transférer via Banque Pokémon,À transférer via Banque Pokémon,À transférer via Banque Pokémon,,,"Route 7, Lac Ouragan, Siège du Géant, Coiffe du Géant, Lac Milobellus Sud, Repos du Géant, Cimetière Ancien, Empreinte du Géant, Croisée Trois-Voies, Lac Poké Ball, Expédition Dynamax","Route 7, Lac Ouragan, Siège du Géant, Coiffe du Géant, Lac Milobellus Sud, Repos du Géant, Cimetière Ancien, Empreinte du Géant, Croisée Trois-Voies, Lac Poké Ball, Expédition Dynamax",Incompatible,Incompatible,,,,
0597,Grindur,,,,,,,,,,,,,,,,,,Grotte Électrolithe,Grotte Électrolithe,Grotte Électrolithe,Grotte Électrolithe,"Grotte Étincelante, Grotte Miroitante (Embuscades, chutant du plafond),","Grotte Étincelante, Grotte Miroitante (Embuscades, chutant du plafond),",Indisponible,Indisponible,À transférer via Banque Pokémon,À transférer via Banque Pokémon,À transférer via Banque Pokémon,À transférer via Banque Pokémon,,,"Route 4, Prairie Entre-Ponts, Berges de Motorby, Plaine Rocheuse, Grotte du Lac","Route 4, Prairie Entre-Ponts, Berges de Motorby, Plaine Rocheuse, Grotte du Lac",Incompatible,Incompatible,,,,
0598,Noacier,,,,,,,,,,,,,,,,,,Indisponible,Indisponible,Indisponible,Indisponible,Indisponible,Indisponible,Indisponible,Indisponible,À transférer via Banque Pokémon,À transférer via Banque Pokémon,À transférer via Banque Pokémon,À transférer via Banque Pokémon,,,"Fosse des Sables, Prairie Entre-Ponts, Grotte du Lac","Fosse des Sables, Prairie Entre-Ponts, Grotte du Lac",Incompatible,Incompatible,,,,
0599,Tic,,,,,,,,,,,,,,,,,,"Grotte Électrolithe, Labo P2","Grotte Électrolithe, Labo P2",Grotte Électrolithe,Grotte Électrolithe,Indisponible,Indisponible,"Grotte Mirage (Nord du Chenal 124, Nord de Cimetronelle, Ouest de la Route 115)","Grotte Mirage (Nord du Chenal 124, Nord de Cimetronelle, Ouest de la Route 115)","Scanner des Îles : Jeudi, Ekaeka","Scanner des Îles : Jeudi, Ekaeka",Échange,Échange,,,"Route 3, Bois de Clairjour, Lac Coupenotte Ouest, Œil du Lac, Lac Milobellus Nord, Lac Milobellus Sud, Plateau de Kickenham","Route 3, Bois de Clairjour, Lac Coupenotte Ouest, Œil du Lac, Lac Milobellus Nord, Lac Milobellus Sud, Plateau de Kickenham",Incompatible,Incompatible,,,,
0600,Clic,,,,,,,,,,,,,,,,,,Indisponible,Indisponible,Labo P2,Labo P2,"Safari des Amis Acier, position 2 (3368-4717-0069)","Safari des Amis Acier, position 2 (3368-4717-0069)",Indisponible,Indisponible,Faire évoluer Tic (niveau 38),Faire évoluer Tic (niveau 38),Échange,Échange,,,"Route 10, Fosse des Sables, Plateau de Kickenham, Expédition Dynamax","Route 10, Fosse des Sables, Plateau de Kickenham, Expédition Dynamax",Incompatible,Incompatible,,,,
0601,Cliticlic,,,,,,,,,,,,,,,,,,Indisponible,Indisponible,Labo P2 (Herbes mouvantes),Labo P2 (Herbes mouvantes),Indisponible,Indisponible,Indisponible,Indisponible,Faire évoluer Clic (niveau 49),Faire évoluer Clic (niveau 49),Échange,Échange,,,"Plateau de Kickenham, Lac Ouragan, Expédition Dynamax","Plateau de Kickenham, Lac Ouragan, Expédition Dynamax",Incompatible,Incompatible,,,,
0602,Anchwatt,,,,,,,,,,,,,,,,,,Grotte Électrolithe,Grotte Électrolithe,"Grotte Électrolithe, Grotte Littorale","Grotte Électrolithe, Grotte Littorale",Indisponible,Indisponible,"Grotte Mirage (Nord d'Autéquia, Ouest de la Route 115, Nord de Cimetronelle, Sud-est du Chenal 129, Sud du Chenal 131, Nord du Chenal 132)","Grotte Mirage (Nord d'Autéquia, Ouest de la Route 115, Nord de Cimetronelle, Sud-est du Chenal 129, Sud du Chenal 131, Nord du Chenal 132)",Faire reproduire Ohmassacre,Faire reproduire Ohmassacre,Faire reproduire Ohmassacre,Faire reproduire Ohmassacre,,,Incompatible,Incompatible,Incompatible,Incompatible,,,,
0603,Lampéroie,,,,,,,,,,,,,,,,,,Indisponible,Indisponible,Grotte Littorale (étage inférieur),Grotte Littorale (étage inférieur),Indisponible,Indisponible,Indisponible,Indisponible,Faire reproduire Ohmassacre,Faire reproduire Ohmassacre,Faire reproduire Ohmassacre,Faire reproduire Ohmassacre,,,Incompatible,Incompatible,Incompatible,Incompatible,,,,
0604,Ohmassacre,,,,,,,,,,,,,,,,,,Indisponible,Indisponible,Indisponible,Indisponible,Indisponible,Indisponible,Indisponible,Indisponible,"Scanner des Îles : Dimanche, Forêt de Poni","Scanner des Îles : Dimanche, Forêt de Poni","Scanner des Îles : Dimanche, Forêt de Poni","Scanner des Îles : Dimanche, Forêt de Poni",,,Incompatible,Incompatible,Incompatible,Incompatible,,,,
0605,Lewsor,,,,,,,,,,,,,,,,,,Tour des Cieux,Tour des Cieux,Tour des Cieux,Tour des Cieux,Indisponible,Indisponible,"Route 121, Mont Mémoria (Navi-Dex)","Route 121, Mont Mémoria (Navi-Dex)",Échange,Échange,Mont Hokulani,Mont Hokulani,,,Prairie Entre-Ponts,Prairie Entre-Ponts,Incompatible,Incompatible,,,,
0606,Neitram,,,,,,,,,,,,,,,,,,Route 14,Route 14,Indisponible,Indisponible,Indisponible,Indisponible,Indisponible,Indisponible,Échange,Échange,Faire évoluer Lewsor,Faire évoluer Lewsor,,,"Prairie Entre-Ponts, Lac Ouragan, Expédition Dynamax","Prairie Entre-Ponts, Lac Ouragan, Expédition Dynamax",Incompatible,Incompatible,,,,
0607,Funécire,,,,,,,,,,,,,,,,,,Tour des Cieux,Tour des Cieux,"Tour des Cieux, Manoir de l'Étrange","Tour des Cieux, Manoir de l'Étrange",Hôtel Désolation,Hôtel Désolation,Indisponible,Indisponible,"Scanner des Îles : Samedi, Cimetière d'Ekaeka","Scanner des Îles : Samedi, Cimetière d'Ekaeka","Scanner des Îles : Samedi, Cimetière d'Ekaeka","Scanner des Îles : Samedi, Cimetière d'Ekaeka",,,"Prairie Entre-Ponts, Berges de Motorby","Prairie Entre-Ponts, Berges de Motorby",Incompatible,Incompatible,,,,
0608,Mélancolux,,,,,,,,,,,,,,,,,,Indisponible,Indisponible,Indisponible,Indisponible,"Safari des Amis Spectre, position 1 (4957-8100-0186)","Safari des Amis Spectre, position 1 (4957-8100-0186)",Indisponible,Indisponible,Faire évoluer Funécire,Faire évoluer Funécire,Faire évoluer Funécire,Faire évoluer Funécire,,,"Lac Ouragan, Repos du Géant, Cimetière Ancien, Expédition Dynamax","Lac Ouragan, Repos du Géant, Cimetière Ancien, Expédition Dynamax",Incompatible,Incompatible,,,,
0609,Lugulabre,,,,,,,,,,,,,,,,,,Indisponible,Indisponible,Indisponible,Indisponible,Indisponible,Indisponible,Indisponible,Indisponible,Faire évoluer Mélancolux avec une Pierre Nuit,Faire évoluer Mélancolux avec une Pierre Nuit,Faire évoluer Mélancolux avec une Pierre Nuit,Faire évoluer Mélancolux avec une Pierre Nuit,,,"Lac Ouragan, Repos du Géant","Lac Ouragan, Repos du Géant",Incompatible,Incompatible,,,,
0610,Coupenotte,,,,,,,,,,,,,,,,,,Grotte Parsemille,Grotte Parsemille,Grotte Parsemille,Grotte Parsemille,Cave Connecterre (Marche et Horde),Cave Connecterre (Marche et Horde),Grotte Granite (Navi-Dex),Grotte Granite (Navi-Dex),"Scanner des Îles : Samedi, Mont Hokulani","Scanner des Îles : Samedi, Mont Hokulani","Scanner des Îles : Samedi, Mont Hokulani","Scanner des Îles : Samedi, Mont Hokulani",,,"Route 6, Œil du Lac, Plateau de Kickenham","Route 6, Œil du Lac",Incompatible,Incompatible,,,,
0611,Incisache,,,,,,,,,,,,,,,,,,Route Victoire,Route Victoire,"Réserve Naturelle, Faire évoluer Coupenotte au N.38","Réserve Naturelle, Faire évoluer Coupenotte au N.38","Safari des Amis Dragon, position 1 (2896-3911-5663)","Safari des Amis Dragon, position 1 (2896-3911-5663)",Indisponible,Indisponible,Faire évoluer Coupenotte (niveau 38),Faire évoluer Coupenotte (niveau 38),Faire évoluer Coupenotte (niveau 38),Faire évoluer Coupenotte (niveau 38),,,"Raid Dynamax, Expédition Dynamax","Raid Dynamax, Expédition Dynamax",Incompatible,Incompatible,,,,
0612,Tranchodon,,,,,,,,,,,,,,,,,,Indisponible,Indisponible,Indisponible,Indisponible,Indisponible,Indisponible,Indisponible,Indisponible,Faire évoluer Incisache (niveau 48),Faire évoluer Incisache (niveau 48),Faire évoluer Incisache (niveau 48),Faire évoluer Incisache (niveau 48),,,"Œil du Lac, Lac Ouragan","Œil du Lac, Lac Ouragan",Incompatible,Incompatible,,,,
0613,Polarhume,,,,,,,,,,,,,,,,,,"Route 7 (Hiver), Tour Dragospire (Hautes herbes Hiver), Mont Foré","Route 7 (Hiver), Tour Dragospire (Hautes herbes Hiver), Mont Foré","Route 7 (Hiver uniquement), Reproduction de Polagriffe, Trouée Cachée (Route 7)","Route 7 (Hiver uniquement), Reproduction de Polagriffe, Trouée Cachée (Route 7)",Caverne Gelée (Horde),Caverne Gelée (Horde),Grotte Tréfonds (Navi-Dex),Grotte Tréfonds (Navi-Dex),À transférer via Banque Pokémon,À transférer via Banque Pokémon,À transférer via Banque Pokémon,À transférer via Banque Pokémon,,,"Route 10, Prairie Entre-Ponts, Fosse des Sables, Miroir du Géant, Plateau de Kickenham, Plaine Rocheuse","Route 10, Prairie Entre-Ponts, Fosse des Sables, Miroir du Géant, Plateau de Kickenham, Plaine Rocheuse",Incompatible,Incompatible,,,,
0614,Polagriffe,,,,,,,,,,,,,,,,,,"Tour Dragospire (Herbes sombres, Hiver uniquement)","Tour Dragospire (Herbes sombres, Hiver uniquement)","Mont Foré, Tour Dragospire (Hiver)","Mont Foré, Tour Dragospire (Hiver)",Caverne Gelée,Caverne Gelée,Indisponible,Indisponible,À transférer via Banque Pokémon,À transférer via Banque Pokémon,À transférer via Banque Pokémon,À transférer via Banque Pokémon,,,"Route 10, Prairie Entre-Ponts, Coiffe du Géant, Pente Enneigée, Mer Banquise, Expédition Dynamax","Route 10, Prairie Entre-Ponts, Coiffe du Géant, Pente Enneigée, Mer Banquise, Expédition Dynamax",Incompatible,Incompatible,,,,
0615,Hexagel,,,,,,,,,,,,,,,,,,Mont Foré,Mont Foré,Mont Foré,Mont Foré,Caverne Gelée,Caverne Gelée,Indisponible,Indisponible,À transférer via Banque Pokémon,À transférer via Banque Pokémon,À transférer via Banque Pokémon,À transférer via Banque Pokémon,,,"Plateau Beau-Gant, Plaine Granfroy, Repos du Géant, Cimetière Ancien, Pente Enneigée, Empreinte du Géant, Croisée Trois-Voies, Lac Poké Ball, Mer Banquise, Expédition Dynamax","Plateau Beau-Gant, Plaine Granfroy, Repos du Géant, Cimetière Ancien, Pente Enneigée, Empreinte du Géant, Croisée Trois-Voies, Lac Poké Ball, Mer Banquise, Expédition Dynamax",Incompatible,Incompatible,,,,
0616,Escargaume,,,,,,,,,,,,,,,,,,"Route 8, Flocombe, Tourbière Flocombe (Printemps, Été et Automne)","Route 8, Flocombe, Tourbière Flocombe (Printemps, Été et Automne)","Route 8, Flocombe, Tourbière Flocombe (Sauf hiver), Route 6, Route 11","Route 8, Flocombe, Tourbière Flocombe (Sauf hiver), Route 6, Route 11","Route 14, Route 19 (Hautes herbes et Marécage)","Route 14, Route 19 (Hautes herbes et Marécage)",Indisponible,Indisponible,À transférer via Banque Pokémon,À transférer via Banque Pokémon,À transférer via Banque Pokémon,À transférer via Banque Pokémon,,,"Route 7, Prairie Entre-Ponts, Berges de Motorby, Plateau de Kickenham, Lande Boldair, Forêt Flexion, Plaine des Efforts, Repos du Géant","Route 7, Prairie Entre-Ponts, Berges de Motorby, Plateau de Kickenham, Coiffe du Géant, Lande Boldair, Forêt Flexion, Plaine des Efforts, Repos du Géant",Incompatible,Incompatible,,,,
0617,Limaspeed,,,,,,,,,,,,,,,,,,Indisponible,Indisponible,Indisponible,Indisponible,Indisponible,Indisponible,Indisponible,Indisponible,À transférer via Banque Pokémon,À transférer via Banque Pokémon,À transférer via Banque Pokémon,À transférer via Banque Pokémon,,,"Plaine des Efforts, Forêt Flexion, Expédition Dynamax","Plaine des Efforts, Forêt Flexion, Expédition Dynamax",Incompatible,Incompatible,,,,
0618,Limonde,,,,,,,,,,,,,,,,,,"Route 8, Flocombe, Tourbière Flocombe (Marécage et Surf)","Route 8, Flocombe, Tourbière Flocombe (Marécage et Surf)","Route 8, Flocombe, Tourbière Flocombe (Marécage et Surf)","Route 8, Flocombe, Tourbière Flocombe (Marécage et Surf)","Route 14, Route 19 (Marécage et Surf)","Route 14, Route 19 (Marécage et Surf)",Indisponible,Indisponible,Échange,Échange,"Ultra-Dimension, brèche bleue","Ultra-Dimension, brèche bleue",,,"Échange contre un Limonde de Galar à Régiona, Expédition Dynamax","Échange contre un Limonde de Galar à Régiona, Expédition Dynamax",Incompatible,Incompatible,,,,
0618,Limonde,Galar,,,,,,,,,,,,,,,,,,,,,,,,,,,,,,,"Forêt de Sleepwood, Mine de Galar n° 2, Fosse des Sables, Lac Ouragan, Expédition Dynamax","Forêt de Sleepwood, Mine de Galar n° 2, Fosse des Sables, Lac Ouragan, Expédition Dynamax",Incompatible,Incompatible,,,,
0619,Kungfouine,,,,,,,,,,,,,,,,,,"Route 14 (Hautes herbes), Route Victoire, Tour Dragospire","Route 14 (Hautes herbes), Route Victoire, Tour Dragospire","Route 14, Route 22, Route 23 (Hautes herbes), Route Victoire, Tour Dragospire (Hiver, herbes sombres), Trouée Cachée (Route 22)","Route 14, Route 22, Route 23 (Hautes herbes), Route Victoire, Tour Dragospire (Hiver, herbes sombres), Trouée Cachée (Route 22)",Route 8,Route 8,Indisponible,Indisponible,Échange,Échange,Grand Canyon de Poni,Grand Canyon de Poni,,,Route de l'Épreuve,Route de l'Épreuve,Incompatible,Incompatible,,,,
0620,Shaofouine,,,,,,,,,,,,,,,,,,Route 14 (Herbes sombres),Route 14 (Herbes sombres),"Route 23 (Herbes sombres), Tour Dragospire","Route 23 (Herbes sombres), Tour Dragospire",Indisponible,Indisponible,Indisponible,Indisponible,Échange,Échange,Faire évoluer Kungfouine (niveau 50),Faire évoluer Kungfouine (niveau 50),,,"Route de l'Épreuve, Expédition Dynamax","Route de l'Épreuve, Expédition Dynamax",Incompatible,Incompatible,,,,
0621,Drakkarmin,,,,,,,,,,,,,,,,,,Tour Dragospire (Entrée et rez-de-chaussée),Tour Dragospire (Entrée et rez-de-chaussée),"Tour Dragospire, Route Victoire (Troisième étage)","Tour Dragospire, Route Victoire (Troisième étage)",Route Victoire,Route Victoire,Site Météore (Navi-Dex),Site Météore (Navi-Dex),Échange,Échange,Caverne Coda,Caverne Coda,,,"Pente Enneigée, Sentier Blanche-Cime, Croisée Trois-Voies, Grotte du Pugilat, Caverne Pugnacité, Galeries Monte-Pic, Expédition Dynamax","Pente Enneigée, Sentier Blanche-Cime, Croisée Trois-Voies, Grotte du Pugilat, Caverne Pugnacité, Galeries Monte-Pic, Expédition Dynamax",Incompatible,Incompatible,,,,
0622,Gringolem,,,,,,,,,,,,,,,,,,Tour Dragospire (Rez-de-Chaussée et 1er étage),Tour Dragospire (Rez-de-Chaussée et 1er étage),Indisponible,Indisponible,Route 10,Route 10,Indisponible,Indisponible,Échange,Échange,Désert Haina : Intrusion* (Par n'importe quel Pokémon),,,,"Route 8, Plaine Verdoyante, Bois de Clairjour, Tour en ruines, Lac Milobellus Nord, Siège du Géant, Coiffe du Géant, Plaine Rocheuse","Route 8, Plaine Verdoyante, Bois de Clairjour, Tour en ruines, Lac Milobellus Nord, Siège du Géant, Coiffe du Géant, Plaine Rocheuse",Incompatible,Incompatible,,,,
0623,Golemastoc,,,,,,,,,,,,,,,,,,Indisponible,Indisponible,"Route Victoire, Tour Dragospire","Route Victoire, Tour Dragospire",Indisponible,Indisponible,Indisponible,Indisponible,Échange,Échange,Faire évoluer Gringolem (niveau 43),,,,"Lac Ouragan, Fosse des Sables, Siège du Géant, Plaine Rocheuse, Tour en ruines, Croisée Trois-Voies, Expédition Dynamax","Lac Ouragan, Fosse des Sables, Siège du Géant, Plaine Rocheuse, Tour en ruines, Croisée Trois-Voies, Expédition Dynamax",Incompatible,Incompatible,,,,
0624,Scalpion,,,,,,,,,,,,,,,,,,"Route 9, Route 11 (Hautes herbes)","Route 9, Route 11 (Hautes herbes)",Route 9,Route 9,"Route 15, Hôtel Désolation","Route 15, Hôtel Désolation",Indisponible,Indisponible,Échange,Échange,Intrusion* (Scalproie*),Intrusion* (Scalproie*),,,"Route 8, Abords de Motorby, Coiffe du Géant, Miroir du Géant, Plaine Rocheuse, Berges de Motorby, Lande Boldair, Forêt Flexion, Route de l'Épreuve, Sables de Kudsac","Route 8, Abords de Motorby, Coiffe du Géant, Miroir du Géant, Plaine Rocheuse, Berges de Motorby, Lande Boldair, Forêt Flexion, Route de l'Épreuve, Sables de Kudsac",Incompatible,Incompatible,,,,
0625,Scalproie,,,,,,,,,,,,,,,,,,Route 11 (Herbes sombres uniquement),Route 11 (Herbes sombres uniquement),Indisponible,Indisponible,Indisponible,Indisponible,Indisponible,Indisponible,Échange,Échange,Route 17 (herbes marron),Route 17 (herbes marron),,,"Lac Ouragan, Siège du Géant, Berges de Motorby, Route de l'Épreuve, Plaine des Efforts, Expédition Dynamax","Lac Ouragan, Siège du Géant, Berges de Motorby, Route de l'Épreuve, Plaine des Efforts, Expédition Dynamax",Incompatible,Incompatible,,,,
0626,Frison,,,,,,,,,,,,,,,,,,Route 10,Route 10,"Route 23, Trouée Cachée (Route 9)","Route 23, Trouée Cachée (Route 9)",Indisponible,Indisponible,Route 113 (Navi-Dex),Route 113 (Navi-Dex),À transférer via Banque Pokémon,À transférer via Banque Pokémon,À transférer via Banque Pokémon,À transférer via Banque Pokémon,,,"Lande Boldair, Expédition Dynamax","Lande Boldair, Expédition Dynamax",Incompatible,Incompatible,,,,
0627,Furaiglon,,,,,,,,,,,,,,,,,,Indisponible,"Route 10, Route 11 (Hautes herbes), Pont du Hameau (Hautes herbes), Route Victoire",Indisponible,Route 23,Indisponible,Indisponible,Mont Mirage (Nord de Nénucrique),Mont Mirage (Nord de Nénucrique),Route 3*,,Route 3*,,,,"Route 8, Plaine Rocheuse, Prairie Entre-Ponts, Sables de Kudsac",Échange,??,??,,,,
0628,Gueriaigle,,,,,,,,,,,,,,,,,,Indisponible,"Route 11, Pont du Hameau (Herbes sombres uniquement)",Indisponible,"Fixe, Route 4 (Talent Caché, lundis uniquement), Faire évoluer Furaiglon au N.54",Indisponible,Indisponible,Grand Envol,Grand Envol,Plaine de Poni*,,Plaine de Poni*,,,,"Fosse des Sables, Lac Ouragan, Route de l'Épreuve, Sables de Kudsac",Échange,Incompatible,Incompatible,,,,
0628,Gueriaigle,Hisui,,,,,,,,,,,,,,,,,,,,,,,,,,,,,,,,,,,,,,
0629,Vostourno,,,,,,,,,,,,,,,,,,"Route 10, Route 11 (Hautes herbes), Pont du Hameau (Hautes herbes), Route Victoire",Indisponible,Route 23,Indisponible,"Safari des Amis Ténèbres, position 1 (0319-3394-0903)","Safari des Amis Ténèbres, position 1 (0319-3394-0903)",Mont Mirage (Nord-ouest de la Grotte Tréfonds),Mont Mirage (Nord-ouest de la Grotte Tréfonds),,Route 3*,,Route 3*,,,Échange,"Fosse des Sables, Lac Ouragan",Incompatible,Incompatible,,,,
0630,Vaututrice,,,,,,,,,,,,,,,,,,"Route 11, Pont du Hameau (Herbes sombres uniquement)",Indisponible,"Fixe, Route 4 (Talent Caché, jeudis uniquement), Faire évoluer Vostourno au N.54",Indisponible,Indisponible,Indisponible,Indisponible,Indisponible,,Plaine de Poni*,,Plaine de Poni*,,,Échange,"Route 8, Plaine Rocheuse, Prairie Entre-Ponts, Route de l'Épreuve, Sables de Kudsac",Incompatible,Incompatible,,,,
0631,Aflamanoir,,,,,,,,,,,,,,,,,,Route Victoire,Route Victoire,Mont Foré,Mont Foré,"Route 18 (Hautes herbes, Horde* et Embuscades d'un buisson)","Route 18 (Hautes herbes, Horde* et Embuscades d'un buisson)",Indisponible,Indisponible,À transférer via Banque Pokémon,À transférer via Banque Pokémon,À transférer via Banque Pokémon,À transférer via Banque Pokémon,,,"Route 6, Miroir du Géant, Lac Ouragan, Repos du Géant, Cimetière Ancien, Croisée Trois-Voies, Expédition Dynamax","Route 6, Miroir du Géant, Lac Ouragan, Repos du Géant, Cimetière Ancien, Croisée Trois-Voies, Expédition Dynamax",Incompatible,Incompatible,,,,
0632,Fermite,,,,,,,,,,,,,,,,,,Route Victoire,Route Victoire,"Mont Foré, Route Bardane","Mont Foré, Route Bardane","Route 18 (Hautes herbes, Horde et Embuscades d'un buisson), Grotte Coda (Marche et Horde)","Route 18 (Hautes herbes, Horde et Embuscades d'un buisson), Grotte Coda (Marche et Horde)",Indisponible,Indisponible,À transférer via Banque Pokémon,À transférer via Banque Pokémon,À transférer via Banque Pokémon,À transférer via Banque Pokémon,,,"Route 6, Miroir du Géant, Lac Ouragan, Repos du Géant, Cimetière Ancien, Croisée Trois-Voies, Expédition Dynamax","Route 6, Miroir du Géant, Lac Ouragan, Repos du Géant, Cimetière Ancien, Croisée Trois-Voies, Expédition Dynamax",Incompatible,Incompatible,,,,
0633,Solochi,,,,,,,,,,,,,,,,,,Route Victoire (Rez-de-chaussée et deuxième étage),Route Victoire (Rez-de-chaussée et deuxième étage),Indisponible,Indisponible,Indisponible,Indisponible,Site Météore (Navi-Dex),Site Météore (Navi-Dex),"Scanner des Îles : Mardi, Colline Dicarat*","Scanner des Îles : Mardi, Colline Dicarat*",Échange,Échange,,,"Lac Ouragan, Cavernes Gronde-Mer",Échange,Incompatible,Incompatible,,,,
0634,Diamat,,,,,,,,,,,,,,,,,,Indisponible,Indisponible,Route Victoire (Troisième étage de la grotte),Route Victoire (Troisième étage de la grotte),Route Victoire,Route Victoire,Indisponible,Indisponible,Faire évoluer Solochi (niveau 50),Faire évoluer Solochi (niveau 50),Échange,Échange,,,Lac Ouragan,Échange,Incompatible,Incompatible,,,,
0635,Trioxhydre,,,,,,,,,,,,,,,,,,Indisponible,Indisponible,Indisponible,Indisponible,"Route Victoire (Embuscades, du ciel)","Route Victoire (Embuscades, du ciel)",Indisponible,Indisponible,Faire évoluer Diamat (niveau 64),Faire évoluer Diamat (niveau 64),Échange,Échange,,,Cavernes Gronde-Mer,Échange,Incompatible,Incompatible,,,,
0636,Pyronille,,,,,,,,,,,,,,,,,,Œuf donné sur la Route 18,Œuf donné sur la Route 18,Indisponible,Indisponible,"Safari des Amis Feu, position 2 (2896-4240-0090)","Safari des Amis Feu, position 2 (2896-4240-0090)","Île Mirage (Nord d'Autéquia), Forêt Mirage (Nord de la Route 111)","Île Mirage (Nord d'Autéquia), Forêt Mirage (Nord de la Route 111)",Échange,Échange,Jungle Sombrefeuille*,Jungle Sombrefeuille*,,,"Forêt Flexion, Lagune Circulaire","Forêt Flexion, Lagune Circulaire",Incompatible,Incompatible,,,,
0637,Pyrax,,,,,,,,,,,,,,,,,,Fond du Château Enfoui,Fond du Château Enfoui,Fond du Château Enfoui (en passant par le Chemin Enfoui),Fond du Château Enfoui (en passant par le Chemin Enfoui),Indisponible,Indisponible,Indisponible,Indisponible,Échange,Échange,Intrusion* (Pyronille*),Intrusion* (Pyronille*),,,"Plage de l'Épreuve, Mer Isol'Îlots, Sables de Kudsac","Plage de l'Épreuve, Mer Isol'Îlots, Sables de Kudsac",Incompatible,Incompatible,,,,
0638,Cobaltium,,,,,,,,,,,,,,,,,,Grotte Parsemille - Espace Guide,Grotte Parsemille - Espace Guide,Route 13,Route 13,Indisponible,Indisponible,"Plaine Sans Nom (Mercredi, Vendredi et Dimanche, avec 3 Pokémon full EVs)","Plaine Sans Nom (Mercredi, Vendredi et Dimanche, avec 3 Pokémon full EVs)",Échange,Échange,"Ultra-Dimension, brèche verte","Ultra-Dimension, brèche verte",,,Expédition Dynamax,Expédition Dynamax,Incompatible,Incompatible,,,,
0639,Terrakium,,,,,,,,,,,,,,,,,,Route Victoire - Salle Épreuve,Route Victoire - Salle Épreuve,Route 22,Route 22,Indisponible,Indisponible,"Plaine Sans Nom (Mardi et Samedi, avec 3 Pokémon full EVs)","Plaine Sans Nom (Mardi et Samedi, avec 3 Pokémon full EVs)",Échange,Échange,"Ultra-Dimension, brèche verte","Ultra-Dimension, brèche verte",,,Expédition Dynamax,Expédition Dynamax,Incompatible,Incompatible,,,,
0640,Viridium,,,,,,,,,,,,,,,,,,Forêt d'Empoigne - Clairière Réflexion,Forêt d'Empoigne - Clairière Réflexion,Route 11,Route 11,Indisponible,Indisponible,"Plaine Sans Nom (Lundi et Jeudi, avec 3 Pokémon full EVs)","Plaine Sans Nom (Lundi et Jeudi, avec 3 Pokémon full EVs)",Échange,Échange,"Ultra-Dimension, brèche verte","Ultra-Dimension, brèche verte",,,Expédition Dynamax,Expédition Dynamax,Incompatible,Incompatible,,,,
0641,Boréas,Avatar,,,,,,,,,,,,,,,,,Pokémon mouvant après être entré dans la Route 10 et l'avoir vu sur la Route 7,Indisponible,Indisponible,Indisponible,Indisponible,Indisponible,Nuages noirs (avec Morphéo dans l'équipe),Indisponible,Échange,Échange,"Ultra-Dimension, brèche rouge",Ultra-Dimension,,,Expédition Dynamax,Expédition Dynamax,??,??,,,,
0641,Boréas,Totémique,,,,,,,,,,,,,,,,,,,Indisponible,Indisponible,Indisponible,Indisponible,Indisponible,Indisponible,,,,,,,,,,,,,,
0642,Fulguris,Avatar,,,,,,,,,,,,,,,,,Indisponible,Pokémon mouvant après être entré dans la Route 10 et l'avoir vu sur la Route 7,Indisponible,Indisponible,Indisponible,Indisponible,Indisponible,Nuages noirs (avec Morphéo dans l'équipe),Échange,Échange,Ultra-Dimension,"Ultra-Dimension, brèche rouge",,,Expédition Dynamax,Expédition Dynamax,??,??,,,,
0642,Fulguris,Totémique,,,,,,,,,,,,,,,,,,,Indisponible,Indisponible,Indisponible,Indisponible,Indisponible,Indisponible,,,,,,,,,,,,,,
0643,Reshiram,,,,,,,,,,,,,,,,,,"Palais de N, salle du trône",Indisponible,Indisponible,Invoquer avec le Galet Blanc à la Tour Dragospire (donné par N dans son palais),Indisponible,Indisponible,Grotte Évanescente (Avec un Pokémon niveau 100 dans l'équipe),Indisponible,Échange,Échange,"Ultra-Dimension, brèche verte",Ultra-Dimension,,,Expédition Dynamax,Expédition Dynamax,Incompatible,Incompatible,,,,
0644,Zekrom,,,,,,,,,,,,,,,,,,Indisponible,"Palais de N, salle du trône",Invoquer avec le Galet Noir à la Tour Dragospire (donné par N dans son palais),Indisponible,Indisponible,Indisponible,Indisponible,Grotte Évanescente (Avec un Pokémon niveau 100 dans l'équipe),Échange,Échange,Ultra-Dimension,"Ultra-Dimension, brèche verte",,,Expédition Dynamax,Expédition Dynamax,Incompatible,Incompatible,,,,
0645,Démétéros,Avatar,,,,,,,,,,,,,,,,,Autel Abondance avec Boréas et Fulguris dans l'équipe,Autel Abondance avec Boréas et Fulguris dans l'équipe,Indisponible,Indisponible,Indisponible,Indisponible,Nuages noirs (avec Boréas et Fulguris dans l'équipe),Nuages noirs (avec Boréas et Fulguris dans l'équipe),Échange,Échange,"Ultra-Dimension, brèche verte, nécessite Fulguris et Boréas dans l'équipe","Ultra-Dimension, brèche verte, nécessite Fulguris et Boréas dans l'équipe",,,Expédition Dynamax,Expédition Dynamax,??,??,,,,
0645,Démétéros,Totémique,,,,,,,,,,,,,,,,,,,Indisponible,Indisponible,Indisponible,Indisponible,Indisponible,Indisponible,,,,,,,,,,,,,,
0646,Kyurem,,,,,,,,,,,,,,,,,,"Grotte Cyclopéenne, fin fond du cratère","Grotte Cyclopéenne, fin fond du cratère","Grotte Cyclopéenne, fin fond du cratère, Forme noire ou blanche affrontée mais non capturée lors de l'aventure","Grotte Cyclopéenne, fin fond du cratère, Forme noire ou blanche affrontée mais non capturée lors de l'aventure",Indisponible,Indisponible,Gouffre Informe (avoir Reshiram et Zekrom dans l'équipe),Gouffre Informe (avoir Reshiram et Zekrom dans l'équipe),Échange,Échange,"Ultra-Dimension, brèche bleue, nécessite Zekrom et Reshiram dans l'équipe","Ultra-Dimension, brèche bleue, nécessite Zekrom et Reshiram dans l'équipe",,,Expédition Dynamax,Expédition Dynamax,Incompatible,Incompatible,,,,
0647,Keldeo,Aspect Normal,,,,,,,,,,,,,,,,,Indisponible,Indisponible,Indisponible,Indisponible,Indisponible,Indisponible,Indisponible,Indisponible,À transférer via Banque Pokémon,À transférer via Banque Pokémon,À transférer via Banque Pokémon,À transférer via Banque Pokémon,,,"Disponible après la quête de Sonya dans Couronneige sur une petite île du Lac Poké Ball à côté de la Butte du Dynarbre. Keldeo apparaît lorsque le joueur possède Cobaltium, Terrakium et Viridium dans son équipe après la préparation d'un curry.","Disponible après la quête de Sonya dans Couronneige sur une petite île du Lac Poké Ball à côté de la Butte du Dynarbre. Keldeo apparaît lorsque le joueur possède Cobaltium, Terrakium et Viridium dans son équipe après la préparation d'un curry.",Incompatible,Incompatible,,,,
0647,Keldeo,Aspect Décidé,,,,,,,,,,,,,,,,,Indisponible,Indisponible,Indisponible,Indisponible,Indisponible,Indisponible,Indisponible,Indisponible,,,,,,,,,,,,,,
0648,Meloetta,Chant,,,,,,,,,,,,,,,,,Indisponible,Indisponible,Indisponible,Indisponible,Indisponible,Indisponible,Indisponible,Indisponible,À transférer via Banque Pokémon,À transférer via Banque Pokémon,À transférer via Banque Pokémon,À transférer via Banque Pokémon,,,Incompatible,Incompatible,Incompatible,Incompatible,,,,
0648,Meloetta,Danse,,,,,,,,,,,,,,,,,Indisponible,Indisponible,Indisponible,Indisponible,Indisponible,Indisponible,Indisponible,Indisponible,,,,,,,,,,,,,,
0649,Genesect,,,,,,,,,,,,,,,,,,Indisponible,Indisponible,Indisponible,Indisponible,Indisponible,Indisponible,Indisponible,Indisponible,À transférer via Banque Pokémon,À transférer via Banque Pokémon,À transférer via Banque Pokémon,À transférer via Banque Pokémon,,,Événement Nintendo,Événement Nintendo,Incompatible,Incompatible,,,,
0649,Genesect,Module Aqua,,,,,,,,,,,,,,,,,Indisponible,Indisponible,Indisponible,Indisponible,Indisponible,Indisponible,Indisponible,Indisponible,,,,,,,,,,,,,,
0649,Genesect,Module Cryo,,,,,,,,,,,,,,,,,Indisponible,Indisponible,Indisponible,Indisponible,Indisponible,Indisponible,Indisponible,Indisponible,,,,,,,,,,,,,,
0649,Genesect,Module Choc,,,,,,,,,,,,,,,,,Indisponible,Indisponible,Indisponible,Indisponible,Indisponible,Indisponible,Indisponible,Indisponible,,,,,,,,,,,,,,
0649,Genesect,Module Pyro,,,,,,,,,,,,,,,,,Indisponible,Indisponible,Indisponible,Indisponible,Indisponible,Indisponible,Indisponible,Indisponible,,,,,,,,,,,,,,
0650,Marisson,,,,,,,,,,,,,,,,,,,,,,Pokémon de départ à Quarellis,Pokémon de départ à Quarellis,Indisponible,Indisponible,Échange,Échange,Faire reproduire Blindépique,Faire reproduire Blindépique,,,Incompatible,Incompatible,Incompatible,Incompatible,,,,
0651,Boguérisse,,,,,,,,,,,,,,,,,,,,,,Indisponible,Indisponible,Indisponible,Indisponible,Échange,Échange,Faire reproduire Blindépique,Faire reproduire Blindépique,,,Incompatible,Incompatible,Incompatible,Incompatible,,,,
0652,Blindépique,,,,,,,,,,,,,,,,,,,,,,Indisponible,Indisponible,Indisponible,Indisponible,Échange,Échange,"Scanner des Îles : Jeudi, Île Noadkoko","Scanner des Îles : Jeudi, Île Noadkoko",,,Incompatible,Incompatible,Incompatible,Incompatible,,,,
0653,Feunnec,,,,,,,,,,,,,,,,,,,,,,Pokémon de départ à Quarellis,Pokémon de départ à Quarellis,Indisponible,Indisponible,Échange,Échange,Faire reproduire Goupelin,Faire reproduire Goupelin,,,Incompatible,Incompatible,Incompatible,Incompatible,,,,
0654,Roussil,,,,,,,,,,,,,,,,,,,,,,Indisponible,Indisponible,Indisponible,Indisponible,Échange,Échange,Faire reproduire Goupelin,Faire reproduire Goupelin,,,Incompatible,Incompatible,Incompatible,Incompatible,,,,
0655,Goupelin,,,,,,,,,,,,,,,,,,,,,,Indisponible,Indisponible,Indisponible,Indisponible,Échange,Échange,"Scanner des Îles : Samedi, Vieille Route","Scanner des Îles : Samedi, Vieille Route",,,Incompatible,Incompatible,Incompatible,Incompatible,,,,
0656,Grenousse,,,,,,,,,,,,,,,,,,,,,,Pokémon de départ à Quarellis,Pokémon de départ à Quarellis,Indisponible,Indisponible,Échange,Échange,Faire reproduire Amphinobi,Faire reproduire Amphinobi,,,Incompatible,Incompatible,Incompatible,Incompatible,,,,
0657,Croâporal,,,,,,,,,,,,,,,,,,,,,,Indisponible,Indisponible,Indisponible,Indisponible,Échange,Échange,Faire reproduire Amphinobi,Faire reproduire Amphinobi,,,Incompatible,Incompatible,Incompatible,Incompatible,,,,
0658,Amphinobi,,,,,,,,,,,,,,,,,,,,,,Indisponible,Indisponible,Indisponible,Indisponible,Échange,Échange,"Scanner des Îles : Vendredi, Prairie de Poni","Scanner des Îles : Vendredi, Prairie de Poni",,,Incompatible,Incompatible,Incompatible,Incompatible,,,,
0658,Amphinobi,Sacha,,,,,,,,,,,,,,,,,,,,,,,,,,,,,,,,,,,,,,
0659,Sapereau,,,,,,,,,,,,,,,,,,,,,,"Route 22 (Hautes herbes), Route 2, Route 3, Route 5","Route 22 (Hautes herbes), Route 2, Route 3, Route 5",Indisponible,Indisponible,À transférer via Banque Pokémon,À transférer via Banque Pokémon,À transférer via Banque Pokémon,À transférer via Banque Pokémon,,,"Plaine Verdoyante, Bois de Clairjour, Lac Coupenotte Ouest, Lac Coupenotte Est, Lac Milobellus Nord, Coiffe du Géant","Plaine Verdoyante, Bois de Clairjour, Lac Coupenotte Ouest, Lac Coupenotte Est, Lac Milobellus Nord, Coiffe du Géant",Incompatible,Incompatible,,,,
0660,Excavarenne,,,,,,,,,,,,,,,,,,,,,,Route 22 (Fleurs),Route 22 (Fleurs),Indisponible,Indisponible,À transférer via Banque Pokémon,À transférer via Banque Pokémon,À transférer via Banque Pokémon,À transférer via Banque Pokémon,,,"Œil du Lac, Siège du Géant, Lac Milobellus Nord, Prairie Entre-Ponts, Miroir du Géant, Coiffe du Géant, Expédition Dynamax","Œil du Lac, Siège du Géant, Lac Milobellus Nord, Prairie Entre-Ponts, Miroir du Géant, Coiffe du Géant, Expédition Dynamax",Incompatible,Incompatible,,,,
0661,Passerouge,,,,,,,,,,,,,,,,,,,,,,"Route 2, Route 3, Forêt de Neuvartault","Route 2, Route 3, Forêt de Neuvartault",Indisponible,Indisponible,Parc Volcanique,Parc Volcanique,"Parc Volcanique, Route 8 (Alola)","Parc Volcanique, Route 8 (Alola)",,,"Route de l'Épreuve, Lagune Circulaire, Sables de Kudsac","Route de l'Épreuve, Lagune Circulaire, Sables de Kudsac",Incompatible,Incompatible,,,,
0662,Braisillon,,,,,,,,,,,,,,,,,,,,,,Indisponible,Indisponible,Indisponible,Indisponible,Route 8,Route 8,Intrusion* (Passerouge*),Intrusion* (Passerouge*),,,"Mer Eau-Hisse, Lagune Circulaire, Mer Align'Îlots, Mer Isol'Îlots, Îlot Calméole, Mer Calméole, Plaine Salutation, Lande Boldair, Plaine des Efforts","Mer Eau-Hisse, Lagune Circulaire, Mer Align'Îlots, Mer Isol'Îlots, Îlot Calméole, Mer Calméole, Plaine Salutation, Lande Boldair, Plaine des Efforts",Incompatible,Incompatible,,,,
0663,Flambusard,,,,,,,,,,,,,,,,,,,,,,Indisponible,Indisponible,Indisponible,Indisponible,"Faire évoluer Braisillon (niveau 35), Échange interne, Chemin du Défi","Faire évoluer Braisillon (niveau 35), Échange interne, Chemin du Défi","Faire évoluer Braisillon (niveau 35), Échange interne","Faire évoluer Braisillon (niveau 35), Échange interne",,,"Lande Boldair, Lagune Circulaire, Plaine des Efforts, Expédition Dynamax","Lande Boldair, Lagune Circulaire, Plaine des Efforts, Expédition Dynamax",Incompatible,Incompatible,,,,
0664,Lépidonille,,,,,,,,,,,,,,,,,,,,,,"Route 2, Forêt de Neuvartault","Route 2, Forêt de Neuvartault",Indisponible,Indisponible,Échange,Échange,"Scanner des Îles : Jeudi, Ekaeka","Scanner des Îles : Jeudi, Ekaeka",,,Incompatible,Incompatible,Incompatible,Incompatible,,,,
0665,Pérégrain,,,,,,,,,,,,,,,,,,,,,,Champ de Baies (Baies roses),Champ de Baies (Baies roses),Indisponible,Indisponible,Échange,Échange,Faire évoluer Lépidonille (niveau 9),Faire évoluer Lépidonille (niveau 9),,,Incompatible,Incompatible,Incompatible,Incompatible,,,,
0666,Prismillon,Motif Blizzard,,,,,,,,,,,,,,,,,,,,,Indisponible,Indisponible,Indisponible,Indisponible,Échange,Échange,Faire évoluer Pérégrain (niveau 12),Faire évoluer Pérégrain (niveau 12),,,Incompatible,Incompatible,Incompatible,Incompatible,,,,
0666,Prismillon,Motif Banquise,,,,,,,,,,,,,,,,,,,,,Indisponible,Indisponible,Indisponible,Indisponible,,,,,,,,,,,,,,
0666,Prismillon,Motif Glace,,,,,,,,,,,,,,,,,,,,,Indisponible,Indisponible,Indisponible,Indisponible,,,,,,,,,,,,,,
0666,Prismillon,Motif Continent,,,,,,,,,,,,,,,,,,,,,Indisponible,Indisponible,Indisponible,Indisponible,,,,,,,,,,,,,,
0666,Prismillon,Motif Verdure,,,,,,,,,,,,,,,,,,,,,Indisponible,Indisponible,Indisponible,Indisponible,,,,,,,,,,,,,,
0666,Prismillon,Motif Monarchie,,,,,,,,,,,,,,,,,,,,,Indisponible,Indisponible,Indisponible,Indisponible,,,,,,,,,,,,,,
0666,Prismillon,Motif Floraison,,,,,,,,,,,,,,,,,,,,,Indisponible,Indisponible,Indisponible,Indisponible,,,,,,,,,,,,,,
0666,Prismillon,Motif Métropole,,,,,,,,,,,,,,,,,,,,,Indisponible,Indisponible,Indisponible,Indisponible,,,,,,,,,,,,,,
0666,Prismillon,Motif Rivage,,,,,,,,,,,,,,,,,,,,,Indisponible,Indisponible,Indisponible,Indisponible,,,,,,,,,,,,,,
0666,Prismillon,Motif Archipel,,,,,,,,,,,,,,,,,,,,,Indisponible,Indisponible,Indisponible,Indisponible,,,,,,,,,,,,,,
0666,Prismillon,Motif Sécheresse,,,,,,,,,,,,,,,,,,,,,Indisponible,Indisponible,Indisponible,Indisponible,,,,,,,,,,,,,,
0666,Prismillon,Motif Sable,,,,,,,,,,,,,,,,,,,,,Indisponible,Indisponible,Indisponible,Indisponible,,,,,,,,,,,,,,
0666,Prismillon,Motif Delta,,,,,,,,,,,,,,,,,,,,,Indisponible,Indisponible,Indisponible,Indisponible,,,,,,,,,,,,,,
0666,Prismillon,Motif Cyclone,,,,,,,,,,,,,,,,,,,,,Indisponible,Indisponible,Indisponible,Indisponible,,,,,,,,,,,,,,
0666,Prismillon,Motif Mangrove,,,,,,,,,,,,,,,,,,,,,Indisponible,Indisponible,Indisponible,Indisponible,,,,,,,,,,,,,,
0666,Prismillon,Motif Zénith,,,,,,,,,,,,,,,,,,,,,Indisponible,Indisponible,Indisponible,Indisponible,,,,,,,,,,,,,,
0666,Prismillon,Motif Soleil Levant,,,,,,,,,,,,,,,,,,,,,Indisponible,Indisponible,Indisponible,Indisponible,,,,,,,,,,,,,,
0666,Prismillon,Motif Jungle,,,,,,,,,,,,,,,,,,,,,Indisponible,Indisponible,Indisponible,Indisponible,,,,,,,,,,,,,,
0666,Prismillon,Motif Fantaisie,,,,,,,,,,,,,,,,,,,,,Indisponible,Indisponible,Indisponible,Indisponible,,,,,,,,,,,,,,
0666,Prismillon,Motif Poké Ball,,,,,,,,,,,,,,,,,,,,,Indisponible,Indisponible,Indisponible,Indisponible,,,,,,,,,,,,,,
0667,Hélionceau,,,,,,,,,,,,,,,,,,,,,,Route 22,Route 22,Indisponible,Indisponible,Échange,Échange,Faire reproduire Némélios,Faire reproduire Némélios,,,Incompatible,Incompatible,Incompatible,Incompatible,,,,
0667,Némélios,Mâle,,,,,,,,,,,,,,,,,,,,,"Safari des Amis Feu, position 2 (1566-2154-0841)","Safari des Amis Feu, position 2 (1566-2154-0841)",Indisponible,Indisponible,Échange,Échange,Plaine de Poni,Plaine de Poni,,,Incompatible,Incompatible,Incompatible,Incompatible,,,,
0668,Némélios,Femelle,,,,,,,,,,,,,,,,,,,,,"Safari des Amis Feu, position 2 (1566-2154-0841)","Safari des Amis Feu, position 2 (1566-2154-0841)",Indisponible,Indisponible,,,,,,,,,,,,,,
0669,Flabébé,Fleur Rouge,,,,,,,,,,,,,,,,,,,,,"Route 4, Route 7","Route 4, Route 7",Indisponible,Indisponible,Échange,Échange,Jardin de Mele-Mele,Jardin de Mele-Mele,,,Incompatible,Incompatible,Incompatible,Incompatible,,,,
0669,Flabébé,Fleur Orange,,,,,,,,,,,,,,,,,,,,,"Route 4, Route 7","Route 4, Route 7",Indisponible,Indisponible,,,,,,,,,,,,,,
0669,Flabébé,Fleur Jaune,,,,,,,,,,,,,,,,,,,,,"Route 4, Route 7","Route 4, Route 7",Indisponible,Indisponible,,,,,,,,,,,,,,
0669,Flabébé,Fleur Bleu,,,,,,,,,,,,,,,,,,,,,"Route 4, Route 7","Route 4, Route 7",Indisponible,Indisponible,,,,,,,,,,,,,,
0669,Flabébé,Fleur Blanc,,,,,,,,,,,,,,,,,,,,,"Route 4, Route 7","Route 4, Route 7",Indisponible,Indisponible,,,,,,,,,,,,,,
0670,Floette,Fleur Rouge,,,,,,,,,,,,,,,,,,,,,Indisponible,Indisponible,Indisponible,Indisponible,Échange,Échange,Jardin d'Ula-Ula,Jardin d'Ula-Ula,,,Incompatible,Incompatible,Incompatible,Incompatible,,,,
0670,Floette,Fleur Orange,,,,,,,,,,,,,,,,,,,,,Indisponible,Indisponible,Indisponible,Indisponible,,,,,,,,,,,,,,
0670,Floette,Fleur Jaune,,,,,,,,,,,,,,,,,,,,,Indisponible,Indisponible,Indisponible,Indisponible,,,,,,,,,,,,,,
0670,Floette,Fleur Bleu,,,,,,,,,,,,,,,,,,,,,Indisponible,Indisponible,Indisponible,Indisponible,,,,,,,,,,,,,,
0670,Floette,Fleur Blanc,,,,,,,,,,,,,,,,,,,,,Indisponible,Indisponible,Indisponible,Indisponible,,,,,,,,,,,,,,
0670,Floette,Éternelle,,,,,,,,,,,,,,,,,,,,,Indisponible,Indisponible,Indisponible,Indisponible,Échange,Échange,Jardin de Poni,Jardin de Poni,,,,,,,,,,
0671,Florges,Fleur Rouge,,,,,,,,,,,,,,,,,,,,,Indisponible,Indisponible,Indisponible,Indisponible,Échange,Échange,Faire évoluer Floette avec une Pierre Éclat,Faire évoluer Floette avec une Pierre Éclat,,,Incompatible,Incompatible,Incompatible,Incompatible,,,,
0671,Florges,Fleur Orange,,,,,,,,,,,,,,,,,,,,,Indisponible,Indisponible,Indisponible,Indisponible,,,,,,,,,,,,,,
0671,Florges,Fleur Jaune,,,,,,,,,,,,,,,,,,,,,Indisponible,Indisponible,Indisponible,Indisponible,,,,,,,,,,,,,,
0671,Florges,Fleur Bleu,,,,,,,,,,,,,,,,,,,,,Indisponible,Indisponible,Indisponible,Indisponible,,,,,,,,,,,,,,
0671,Florges,Fleur Blanc,,,,,,,,,,,,,,,,,,,,,Indisponible,Indisponible,Indisponible,Indisponible,,,,,,,,,,,,,,
0672,Cabriolaine,,,,,,,,,,,,,,,,,,,,,,Indisponible,Indisponible,Indisponible,Indisponible,À transférer via Banque Pokémon,À transférer via Banque Pokémon,À transférer via Banque Pokémon,À transférer via Banque Pokémon,,,Incompatible,Incompatible,Incompatible,Incompatible,,,,
0673,Chevroum,,,,,,,,,,,,,,,,,,,,,,Indisponible,Indisponible,Indisponible,Indisponible,"Routes 10, 11, et 17","Routes 10, 11, et 17","Routes 10, 11","Routes 10, 11",,,"Route 3, Plaine Verdoyante, Lac Coupenotte Ouest, Lac Coupenotte Est","Route 3, Plaine Verdoyante, Lac Coupenotte Ouest, Lac Coupenotte Est",Incompatible,Incompatible,,,,
0674,Pandespiègle,,,,,,,,,,,,,,,,,,,,,,Route 5,Route 5,Indisponible,Indisponible,Intrusion* (Pandespiègle*),Intrusion* (Pandespiègle*),Intrusion* (Pandespiègle*),Intrusion* (Pandespiègle*),,,"Lac Ouragan, Expédition Dynamax","Lac Ouragan, Expédition Dynamax",Incompatible,Incompatible,,,,
0675,Pandarbare,,,,,,,,,,,,,,,,,,,,,,Indisponible,Indisponible,Indisponible,Indisponible,Échange,Échange,"Ekaeka, Route 2, Prairie de Poni, Vieille Route","Ekaeka, Route 2, Prairie de Poni, Vieille Route",,,Incompatible,Incompatible,Incompatible,Incompatible,,,,
0676,Couafarel,Sauvage,,,,,,,,,,,,,,,,,,,,,Route 5,Route 5,Indisponible,Indisponible,,,,,,,,,,,,,,
0676,Couafarel,Coupe Coeur,,,,,,,,,,,,,,,,,,,,,Indisponible,Indisponible,Indisponible,Indisponible,,,,,,,,,,,,,,
0676,Couafarel,Coupe Étoile,,,,,,,,,,,,,,,,,,,,,Indisponible,Indisponible,Indisponible,Indisponible,,,,,,,,,,,,,,
0676,Couafarel,Coupe Diamant,,,,,,,,,,,,,,,,,,,,,Indisponible,Indisponible,Indisponible,Indisponible,,,,,,,,,,,,,,
0676,Couafarel,Coupe Demoiselle,,,,,,,,,,,,,,,,,,,,,Indisponible,Indisponible,Indisponible,Indisponible,,,,,,,,,,,,,,
0676,Couafarel,Coupe Madame,,,,,,,,,,,,,,,,,,,,,Indisponible,Indisponible,Indisponible,Indisponible,,,,,,,,,,,,,,
0676,Couafarel,Coupe Monsieur,,,,,,,,,,,,,,,,,,,,,Indisponible,Indisponible,Indisponible,Indisponible,,,,,,,,,,,,,,
0676,Couafarel,Coupe Reine,,,,,,,,,,,,,,,,,,,,,Indisponible,Indisponible,Indisponible,Indisponible,,,,,,,,,,,,,,
0676,Couafarel,Coupe Kabuki,,,,,,,,,,,,,,,,,,,,,Indisponible,Indisponible,Indisponible,Indisponible,,,,,,,,,,,,,,
0676,Couafarel,Coupe Pharaon,,,,,,,,,,,,,,,,,,,,,Indisponible,Indisponible,Indisponible,Indisponible,À transférer via Banque Pokémon,À transférer via Banque Pokémon,À transférer via Banque Pokémon,À transférer via Banque Pokémon,,,"Route 5, Plateau de Kickenham, Berges de Motorby","Route 5, Plateau de Kickenham, Berges de Motorby",Incompatible,Incompatible,,,,
0677,Psystigri,,,,,,,,,,,,,,,,,,,,,,Route 6,Route 6,Indisponible,Indisponible,À transférer via Banque Pokémon,À transférer via Banque Pokémon,À transférer via Banque Pokémon,À transférer via Banque Pokémon,,,"Route 7, Fosse des Sables","Route 7, Fosse des Sables",Incompatible,Incompatible,,,,
0678,Mistigrix,Mâle,,,,,,,,,,,,,,,,,,,,,Indisponible,Indisponible,Indisponible,Indisponible,,,,,,,,,,,,,,
0678,Mistigrix,Femelle,,,,,,,,,,,,,,,,,,,,,Indisponible,Indisponible,Indisponible,Indisponible,"Scanner des Îles : Mercredi, Côte Reculée d'Akala","Scanner des Îles : Mercredi, Côte Reculée d'Akala","Scanner des Îles : Mercredi, Côte Reculée d'Akala","Scanner des Îles : Mercredi, Côte Reculée d'Akala",,,Plateau de Kickenham,Plateau de Kickenham,Incompatible,Incompatible,,,,
0679,Monorpale,,,,,,,,,,,,,,,,,,,,,,Route 6,Route 6,Indisponible,Indisponible,Faire évoluer Monorpale (niveau 35),Faire évoluer Monorpale (niveau 35),Faire évoluer Monorpale (niveau 35),Faire évoluer Monorpale (niveau 35),,,"Lac Ouragan, Coiffe du Géant, Expédition Dynamax","Lac Ouragan, Coiffe du Géant, Expédition Dynamax",Incompatible,Incompatible,,,,
0680,Dimoclès,,,,,,,,,,,,,,,,,,,,,,Indisponible,Indisponible,Indisponible,Indisponible,Faire évoluer Dimoclès avec une Pierre Nuit,Faire évoluer Dimoclès avec une Pierre Nuit,Faire évoluer Dimoclès avec une Pierre Nuit,Faire évoluer Dimoclès avec une Pierre Nuit,,,Coiffe du Géant,Coiffe du Géant,Incompatible,Incompatible,,,,
0681,Exagide,,,,,,,,,,,,,,,,,,,,,,Indisponible,Indisponible,Indisponible,Indisponible,À transférer via Banque Pokémon,À transférer via Banque Pokémon,À transférer via Banque Pokémon,À transférer via Banque Pokémon,,,Échange,"Route 5, Forêt de Lumirinth, Miroir du Géant, Plaine Rocheuse",Incompatible,Incompatible,,,,
0682,Fluvetin,,,,,,,,,,,,,,,,,,,,,,"Safari des Amis Fée, position 2 (4313-7297-4017)",Route 7,Indisponible,Indisponible,À transférer via Banque Pokémon,À transférer via Banque Pokémon,À transférer via Banque Pokémon,À transférer via Banque Pokémon,,,Échange,Raid Dynamax,Incompatible,Incompatible,,,,
0683,Cocotine,,,,,,,,,,,,,,,,,,,,,,Indisponible,Indisponible,Indisponible,Indisponible,À transférer via Banque Pokémon,À transférer via Banque Pokémon,À transférer via Banque Pokémon,À transférer via Banque Pokémon,,,"Route 5, Forêt de Lumirinth, Miroir du Géant, Plaine Rocheuse",Échange,Incompatible,Incompatible,,,,
0684,Sucroquin,,,,,,,,,,,,,,,,,,,,,,Route 7,"Safari des Amis Fée, position 2 (0361-7958-5316)",Indisponible,Indisponible,À transférer via Banque Pokémon,À transférer via Banque Pokémon,À transférer via Banque Pokémon,À transférer via Banque Pokémon,,,Raid Dynamax,Échange,Incompatible,Incompatible,,,,
0685,Cupcanaille,,,,,,,,,,,,,,,,,,,,,,Indisponible,Indisponible,Indisponible,Indisponible,Échange,Échange,"Abords d'Ekaeka, Vieille Route, Chemin du Défi, Prairie de Poni","Abords d'Ekaeka, Vieille Route, Chemin du Défi, Prairie de Poni",,,"Route 7, Route 9, Prairie Entre-Ponts, Fosse des Sables, Miroir du Géant, Plateau de Kickenham, Plaine Salutation, Plage de l'Épreuve, Plaine des Efforts, Lagune Circulaire","Route 7, Route 9, Prairie Entre-Ponts, Fosse des Sables, Miroir du Géant, Plateau de Kickenham, Plaine Salutation, Plage de l'Épreuve, Plaine des Efforts, Lagune Circulaire",Incompatible,Incompatible,,,,
0686,Sepiatop,,,,,,,,,,,,,,,,,,,,,,"Route 8, Baie Azur","Route 8, Baie Azur",Indisponible,Indisponible,Échange,Échange,Faire évoluer Sepiatop en retournant la console quand il passe au niveau 30,Faire évoluer Sepiatop en retournant la console quand il passe au niveau 30,,,"Plaine Salutation, Lande Boldair, Lagune Circulaire, Plaine des Efforts, Expédition Dynamax","Plaine Salutation, Lande Boldair, Lagune Circulaire, Plaine des Efforts, Expédition Dynamax",Incompatible,Incompatible,,,,
0687,Sepiatroce,,,,,,,,,,,,,,,,,,,,,,Indisponible,Indisponible,Indisponible,Indisponible,Échange,Échange,Faire reproduire Golgopathe,Faire reproduire Golgopathe,,,"Mine de Galar n° 2, Berges de Motorby, Prairie Entre-Ponts","Mine de Galar n° 2, Berges de Motorby, Prairie Entre-Ponts",Incompatible,Incompatible,,,,
0688,Opermine,,,,,,,,,,,,,,,,,,,,,,"Route 8, Route 12, Roche-sur-Gliffe, Baie Azur (Éclate-Roc)","Route 8, Route 12, Roche-sur-Gliffe, Relifac-le-Haut, Baie Azur (Éclate-Roc)","Île Mirage (Sud-est du Chenal 109, Sud de Pacifiville, Éclate-Roc)","Île Mirage (Sud-est du Chenal 109, Sud de Pacifiville, Éclate-Roc)",Échange,Échange,"Ultra-Dimension, brèche bleue","Ultra-Dimension, brèche bleue",,,"Route 9, Fosse des Sables, Expédition Dynamax","Route 9, Fosse des Sables, Expédition Dynamax",Incompatible,Incompatible,,,,
0689,Golgopathe,,,,,,,,,,,,,,,,,,,,,,Indisponible,Indisponible,Indisponible,Indisponible,Échange,Échange,Faire reproduire Kravarech,Faire reproduire Kravarech,,,Échange,"Mer Eau-Hisse, Mer Align'Îlots, Mer Isol'Îlots, Mer Calméole, Îlot Calméole",Incompatible,Incompatible,,,,
0690,Venalgue,,,,,,,,,,,,,,,,,,,,,,Indisponible,"Route 8, Roche-sur-Gliffe, Relifac-le-Haut (Super Canne)","Chenal 105, Chenal 106, Chenal 107, Chenal 108, Chenal 109 (Navi-Dex)",Indisponible,Échange,Échange,,Récif de Poni (embuscade jets d'eau),,,Échange,"Mer Eau-Hisse, Mer Align'Îlots, Mer Isol'Îlots, Mer Calméole, Îlot Calméole",Incompatible,Incompatible,,,,
0691,Kravarech,,,,,,,,,,,,,,,,,,,,,,Indisponible,"Route 8, Roche-sur-Gliffe, Relifac-le-Haut (Méga Canne)",Indisponible,Indisponible,Échange,Échange,Faire reproduire Gamblast,Faire reproduire Gamblast,,,"Mer Eau-Hisse, Mer Align'Îlots, Mer Isol'Îlots, Mer Calméole, Îlot Calméole",Échange,Incompatible,Incompatible,,,,
0692,Flingouste,,,,,,,,,,,,,,,,,,,,,,"Route 8, Roche-sur-Gliffe, Relifac-le-Haut (Super Canne)",Indisponible,Indisponible,"Chenal 105, Chenal 106, Chenal 107, Chenal 108, Chenal 109 (Navi-Dex)",Échange,Échange,Récif de Poni (embuscade jets d'eau),,,,"Mer Eau-Hisse, Mer Align'Îlots, Mer Isol'Îlots, Mer Calméole, Îlot Calméole",Échange,Incompatible,Incompatible,,,,
0693,Gamblast,,,,,,,,,,,,,,,,,,,,,,"Route 8, Roche-sur-Gliffe, Relifac-le-Haut (Méga Canne)",Indisponible,Indisponible,Indisponible,Échange,Échange,Faire reproduire Iguolta,Faire reproduire Iguolta,,,"Route 9, Miroir du Géant","Route 9, Miroir du Géant",Incompatible,Incompatible,,,,
0694,Galvaran,,,,,,,,,,,,,,,,,,,,,,Route 9,Route 9,Indisponible,Indisponible,Échange,Échange,"Ultra-Dimension, brèche verte","Ultra-Dimension, brèche verte",,,Expédition Dynamax,Expédition Dynamax,Incompatible,Incompatible,,,,
0695,Iguolta,,,,,,,,,,,,,,,,,,,,,,Indisponible,Indisponible,Indisponible,Indisponible,Échange,Échange,"Acheter le Fossile Mâchoire à la boutique d'Alyxia à Konikoni, Trouver le Fossile Mâchoire, via le Poké Loisir, Îlot Farfouille","Trouver le Fossile Mâchoire, via le Poké Loisir, Îlot Farfouille",,,Lac Poké Ball,Lac Poké Ball,Incompatible,Incompatible,,,,
0696,Ptyranidur,,,,,,,,,,,,,,,,,,,,,,"Réanimer le Fossile Mâchoire au Bureau d'Étude des Fossiles à Roche-sur-Gliffe (Fossile donné dans la Grotte Étincelante, choix entre lui et le Fossile Nageoire)","Réanimer le Fossile Mâchoire au Bureau d'Étude des Fossiles à Roche-sur-Gliffe (Fossile donné dans la Grotte Étincelante, choix entre lui et le Fossile Nageoire)",Indisponible,Indisponible,Échange,Échange,Faire évoluer Ptyranidur (niveau 39 le jour),Faire évoluer Ptyranidur (niveau 39 le jour),,,"Lac Poké Ball, Expédition Dynamax","Lac Poké Ball, Expédition Dynamax",Incompatible,Incompatible,,,,
0697,Rexillius,,,,,,,,,,,,,,,,,,,,,,Indisponible,Indisponible,Indisponible,Indisponible,Échange,Échange,"Trouver le Fossile Nageoire, via le Poké Loisir, Îlot Farfouille","Acheter le Fossile Nageoire à la boutique d'Alyxia à Konikoni, Trouver le Fossile Nageoire, via le Poké Loisir, Îlot Farfouille",,,"Plateau Beau-Gant, Plaine Granfroy, Pente Enneigée","Plateau Beau-Gant, Plaine Granfroy, Pente Enneigée",Incompatible,Incompatible,,,,
0698,Amagara,,,,,,,,,,,,,,,,,,,,,,"Réanimer le Fossile Nageoire au Bureau d'Étude des Fossiles à Roche-sur-Gliffe (Fossile donné dans la Grotte Étincelante, choix entre lui et le Fossile Mâchoire)","Réanimer le Fossile Nageoire au Bureau d'Étude des Fossiles à Roche-sur-Gliffe (Fossile donné dans la Grotte Étincelante, choix entre lui et le Fossile Mâchoire)",Indisponible,Indisponible,Échange,Échange,Faire évoluer Amagara (niveau 39 la nuit),Faire évoluer Amagara (niveau 39 la nuit),,,"Pente Enneigée, Expédition Dynamax","Pente Enneigée, Expédition Dynamax",Incompatible,Incompatible,,,,
0699,Dragmara,,,,,,,,,,,,,,,,,,,,,,Indisponible,Indisponible,Indisponible,Indisponible,Faire gagner un niveau à Évoli alors qu'il connaît une attaque de type Fée et a deux cœurs d'affection à la Poké Détente,Faire gagner un niveau à Évoli alors qu'il connaît une attaque de type Fée et a deux cœurs d'affection à la Poké Détente,Faire gagner un niveau à Évoli alors qu'il connaît une attaque de type Fée et a deux cœurs d'affection à la Poké Détente,Faire gagner un niveau à Évoli alors qu'il connaît une attaque de type Fée et a deux cœurs d'affection à la Poké Détente,,,"Lac Ouragan, Repos du Géant","Lac Ouragan, Repos du Géant",??,??,,,,
0700,Nymphali,,,,,,,,,,,,,,,,,,,,,,Indisponible,Indisponible,Indisponible,Indisponible,Échange,Échange,Route 3,Route 3,,,"Route 6, Plateau de Kickenham, Expédition Dynamax","Route 6, Plateau de Kickenham, Expédition Dynamax",Incompatible,Incompatible,,,,
0701,Brutalibré,,,,,,,,,,,,,,,,,,,,,,Route 10,Route 10,Indisponible,Indisponible,Échange,Échange,Mont Ardent,Mont Ardent,,,"Plage de l'Épreuve, Expédition Dynamax","Plage de l'Épreuve, Expédition Dynamax",Incompatible,Incompatible,,,,
0702,Dedenne,,,,,,,,,,,,,,,,,,,,,,Route 11,Route 11,Indisponible,Indisponible,"Colline Dicarat, Grand Canyon de Poni","Colline Dicarat, Grand Canyon de Poni","Colline Dicarat, Grand Canyon de Poni","Colline Dicarat, Grand Canyon de Poni",,,"Galeries Monte-Pic, Cavernes Gronde-Mer, Grotte du Lac","Galeries Monte-Pic, Cavernes Gronde-Mer, Grotte du Lac",Incompatible,Incompatible,,,,
0703,Strassie,,,,,,,,,,,,,,,,,,,,,,Grotte Étincelante (Marche et Horde*),Grotte Étincelante (Marche et Horde*),Indisponible,Indisponible,"Route 17, Jungle Sombrefeuille : Intrusion* sous Pluie (Par n'importe quel Pokémon)","Route 17, Jungle Sombrefeuille : Intrusion* sous Pluie (Par n'importe quel Pokémon)","Route 17, Jungle Sombrefeuille : Intrusion* sous Pluie (Par n'importe quel Pokémon)","Route 17, Jungle Sombrefeuille : Intrusion* sous Pluie (Par n'importe quel Pokémon)",,,Échange,"Lac Ouragan, Lande Boldair, Route de l'Épreuve",??,??,,,,
0704,Mucuscule,,,,,,,,,,,,,,,,,,,,,,"Route 14 (Hautes herbes, Marécage et Surf)","Route 14 (Hautes herbes, Marécage et Surf)",Indisponible,Indisponible,Île Noadkoko : Intrusion* sous Pluie (Par n'importe quel Pokémon),Île Noadkoko : Intrusion* sous Pluie (Par n'importe quel Pokémon),Île Noadkoko : Intrusion* sous Pluie (Par n'importe quel Pokémon),Île Noadkoko : Intrusion* sous Pluie (Par n'importe quel Pokémon),,,Échange,Lac Ouragan,Incompatible,Incompatible,,,,
0705,Colimucus,,,,,,,,,,,,,,,,,,,,,,"Route 19 (Hautes herbes, Marécage et Surf)","Route 19 (Hautes herbes, Marécage et Surf)",Indisponible,Indisponible,"Faire évoluer Colimucus (niveau 50, sous la pluie)","Faire évoluer Colimucus (niveau 50, sous la pluie)","Faire évoluer Colimucus (niveau 50, sous la pluie)","Faire évoluer Colimucus (niveau 50, sous la pluie)",,,Échange,Raid Dynamax,??,??,,,,
0705,Colimucus,Hisui,,,,,,,,,,,,,,,,,,,,,,,,,,,,,,,,,,,,,,
0706,Muplodocus,,,,,,,,,,,,,,,,,,,,,,Indisponible,Indisponible,Indisponible,Indisponible,Ancien site Bradley Prix,Ancien site Bradley Prix,Ancien site Bradley Prix,Ancien site Bradley Prix,,,"Plaine Salutation, Expédition Dynamax","Plaine Salutation, Expédition Dynamax",??,??,,,,
0706,Muplodocus,Hisui,,,,,,,,,,,,,,,,,,,,,,,,,,,,,,,,,,,,,,
0707,Trousselin,,,,,,,,,,,,,,,,,,,,,,"Route 15, Route 16 (Rare ; Hautes herbes, fleurs et Horde), Hôtel Désolation (Peu Commun)","Route 15, Route 16 (Rare ; Hautes herbes, fleurs et Horde), Hôtel Désolation (Peu Commun)",Route 113 (Navi-Dex),Route 113 (Navi-Dex),Colline Memento,Colline Memento,Colline Memento,Colline Memento,,,"Forêt de Lumirinth, Plateau Beau-Gant, Cimetière Ancien, Pente Enneigée, Empreinte du Géant, Croisée Trois-Voies","Forêt de Lumirinth, Plateau Beau-Gant, Cimetière Ancien, Pente Enneigée, Empreinte du Géant, Croisée Trois-Voies",Incompatible,Incompatible,,,,
0708,Brocélôme,,,,,,,,,,,,,,,,,,,,,,Route 16,Route 16,Bois Clémenti (Navi-Dex),Bois Clémenti (Navi-Dex),"Faire évoluer Brocélôme par échange, Échange interne","Faire évoluer Brocélôme par échange, Échange interne","Faire évoluer Brocélôme par échange, Échange interne, Village Toko","Faire évoluer Brocélôme par échange, Échange interne, Village Toko",,,"Plateau Beau-Gant, Cimetière Ancien, Pente Enneigée, Expédition Dynamax","Plateau Beau-Gant, Cimetière Ancien, Pente Enneigée, Expédition Dynamax",Incompatible,Incompatible,,,,
0709,Desséliande,,,,,,,,,,,,,,,,,,,,,,Route 20 (Hautes herbes et Horde),Route 20 (Hautes herbes et Horde),Indisponible,Indisponible,À transférer via Banque Pokémon,À transférer via Banque Pokémon,À transférer via Banque Pokémon,À transférer via Banque Pokémon,,,"Route 4, Miroir du Géant, Plateau de Kickenham","Route 4, Miroir du Géant, Plateau de Kickenham",Incompatible,Incompatible,,,,
0710,Pitrouille,Petite,,,,,,,,,,,,,,,,,,,,,Route 16 (Hautes herbes),Route 16 (Hautes herbes),Indisponible,Indisponible,,,,,,,,,,,,,,
0710,Pitrouille,Moyenne,,,,,,,,,,,,,,,,,,,,,Route 16 (Hautes herbes),Route 16 (Hautes herbes),Indisponible,Indisponible,,,,,,,,,,,,,,
0710,Pitrouille,Grande,,,,,,,,,,,,,,,,,,,,,Route 16 (Hautes herbes),Route 16 (Hautes herbes),Indisponible,Indisponible,,,,,,,,,,,,,,
0710,Pitrouille,Giga,,,,,,,,,,,,,,,,,,,,,Route 16 (Hautes herbes),Route 16 (Hautes herbes),Indisponible,Indisponible,À transférer via Banque Pokémon,À transférer via Banque Pokémon,À transférer via Banque Pokémon,À transférer via Banque Pokémon,,,"Plateau de Kickenham, Expédition Dynamax","Plateau de Kickenham, Expédition Dynamax",Incompatible,Incompatible,,,,
0711,Banshitrouye,Petite,,,,,,,,,,,,,,,,,,,,,Indisponible,Indisponible,Indisponible,Indisponible,,,,,,,,,,,,,,
0711,Banshitrouye,Moyenne,,,,,,,,,,,,,,,,,,,,,Indisponible,Indisponible,Indisponible,Indisponible,,,,,,,,,,,,,,
0711,Banshitrouye,Grande,,,,,,,,,,,,,,,,,,,,,Indisponible,Indisponible,Indisponible,Indisponible,,,,,,,,,,,,,,
0711,Banshitrouye,Giga,,,,,,,,,,,,,,,,,,,,,Indisponible,Indisponible,Indisponible,Indisponible,À transférer via Banque Pokémon,À transférer via Banque Pokémon,À transférer via Banque Pokémon,À transférer via Banque Pokémon,,,"Route 9, Lac Ouragan, Mer Banquise, Croisée Trois-Voies","Route 9, Lac Ouragan, Mer Banquise, Croisée Trois-Voies",??,??,,,,
0712,Grelaçon,,,,,,,,,,,,,,,,,,,,,,Caverne Gelée,Caverne Gelée,Indisponible,Indisponible,À transférer via Banque Pokémon,À transférer via Banque Pokémon,À transférer via Banque Pokémon,À transférer via Banque Pokémon,,,"Lac Ouragan, Mer Banquise, Croisée Trois-Voies","Lac Ouragan, Mer Banquise, Croisée Trois-Voies",Incompatible,Incompatible,,,,
0713,Séracrawl,,,,,,,,,,,,,,,,,,,,,,Faire évoluer Grelaçon au N.37,Faire évoluer Grelaçon au N.37,Indisponible,Indisponible,Échange,Échange,Grotte Verdoyante,Grotte Verdoyante,,,Incompatible,Incompatible,??,??,,,,
0713,Séracrawl,Hisui,,,,,,,,,,,,,,,,,,,,,,,,,,,,,,,,,,,,,,
0714,Sonistrelle,,,,,,,,,,,,,,,,,,,,,,"Grotte Coda, Route Victoire (Embuscades, chutant du plafond)","Grotte Coda, Route Victoire (Embuscades, chutant du plafond)",Indisponible,Indisponible,Échange,Échange,Caverne Coda,Caverne Coda,,,"Mine de Galar n° 2, Prairie Entre-Ponts, Tour en ruines","Mine de Galar n° 2, Prairie Entre-Ponts, Tour en ruines",Incompatible,Incompatible,,,,
0715,Bruyverne,,,,,,,,,,,,,,,,,,,,,,Indisponible,Indisponible,Indisponible,Indisponible,Échange,Échange,"Ultra-Dimension, brèche verte",Ultra-Dimension,,,"Lac Ouragan, Prairie Entre-Ponts, Lac Poké Ball, Grotte du Lac","Lac Ouragan, Prairie Entre-Ponts, Lac Poké Ball, Grotte du Lac",Incompatible,Incompatible,,,,
0716,Xerneas,,,,,,,,,,,,,,,,,,,,,,"Repaire Team Flare, salle finale",Repaire Team Flare,Indisponible,Indisponible,Échange,Échange,Ultra-Dimension,"Ultra-Dimension, brèche rouge",,,Expédition Dynamax,Expédition Dynamax,Incompatible,Incompatible,,,,
0717,Yveltal,,,,,,,,,,,,,,,,,,,,,,Repaire Team Flare,"Repaire Team Flare, salle finale",Indisponible,Indisponible,"Route 16, Boîte Zygarde : rassembler au moins 10 cellules","Route 16, Boîte Zygarde : rassembler au moins 10 cellules",Route 16,Route 16,,,Expédition Dynamax,Expédition Dynamax,Incompatible,Incompatible,,,,
0718,Zygarde,10%,,,,,,,,,,,,,,,,,,,,,"Grotte Coda, salle du fond","Grotte Coda, salle du fond",Indisponible,Indisponible,"Route 16, Boîte Zygarde : rassembler au moins 50 cellules","Route 16, Boîte Zygarde : rassembler au moins 50 cellules",Caverne Coda,Caverne Coda,,,Expédition Dynamax,Expédition Dynamax,Incompatible,Incompatible,,,,
0718,Zygarde,50%,,,,,,,,,,,,,,,,,,,,,,,,,,,,,,,,,,,,,,
0718,Zygarde,Parfaite,,,,,,,,,,,,,,,,,,,,,,,,,,,,,,,,,,,,,,
0719,Diancie,,,,,,,,,,,,,,,,,,,,,,Indisponible,Indisponible,Indisponible,Indisponible,À transférer via Banque Pokémon,À transférer via Banque Pokémon,À transférer via Banque Pokémon,À transférer via Banque Pokémon,,,Événement Nintendo,Événement Nintendo,Incompatible,Incompatible,,,,
0720,Hoopa,Enchaîné,,,,,,,,,,,,,,,,,,,,,Indisponible,Indisponible,Indisponible,Indisponible,À transférer via Banque Pokémon,À transférer via Banque Pokémon,À transférer via Banque Pokémon,À transférer via Banque Pokémon,,,Incompatible,Incompatible,Incompatible,Incompatible,,,,
0720,Hoopa,Déchaîné,,,,,,,,,,,,,,,,,,,,,Indisponible,Indisponible,Indisponible,Indisponible,À transférer via Banque Pokémon,À transférer via Banque Pokémon,À transférer via Banque Pokémon,À transférer via Banque Pokémon,,,Événement Nintendo,Événement Nintendo,Incompatible,Incompatible,,,,
0721,Volcanion,,,,,,,,,,,,,,,,,,,,,,Indisponible,Indisponible,Indisponible,Indisponible,,,,,,,,,,,,,,
0722,Brindibou,,,,,,,,,,,,,,,,,,,,,,,,,,Pokémon de départ à Lili'i,Pokémon de départ à Lili'i,Pokémon de départ sur la Route 1,Pokémon de départ sur la Route 1,Incompatible,Incompatible,"Récompense de la Quête des Taupiqueur d'Alola, après avoir retrouvé 100 Taupiqueur d'Alola (uniquement si le Pokémon de départ est Ouistempo).","Récompense de la Quête des Taupiqueur d'Alola, après avoir retrouvé 100 Taupiqueur d'Alola (uniquement si le Pokémon de départ est Ouistempo).",??,??,,,,
0723,Efflèche,,,,,,,,,,,,,,,,,,,,,,,,,,Faire évoluer Brindibou (niveau 17),Faire évoluer Brindibou (niveau 17),Faire évoluer Brindibou (niveau 17),Faire évoluer Brindibou (niveau 17),Incompatible,Incompatible,Faire évoluer Brindibou (niveau 17),Faire évoluer Brindibou (niveau 17),??,??,,,,
0724,Archéduc,,,,,,,,,,,,,,,,,,,,,,,,,,Faire évoluer Efflèche (niveau 34),Faire évoluer Efflèche (niveau 34),Faire évoluer Efflèche (niveau 34),Faire évoluer Efflèche (niveau 34),Incompatible,Incompatible,Faire évoluer Efflèche (niveau 34),Faire évoluer Efflèche (niveau 34),Incompatible,Incompatible,,,,
0724,Archéduc,Hisui,,,,,,,,,,,,,,,,,,,,,,,,,,,,,,,Incompatible,Incompatible,??,??,,,,
0725,Flamiaou,,,,,,,,,,,,,,,,,,,,,,,,,,Pokémon de départ à Lili'i,Pokémon de départ à Lili'i,Pokémon de départ sur la Route 1,Pokémon de départ sur la Route 1,Incompatible,Incompatible,"Récompense de la Quête des Taupiqueur d'Alola, après avoir retrouvé 100 Taupiqueur d'Alola (uniquement si le Pokémon de départ est Flambino).","Récompense de la Quête des Taupiqueur d'Alola, après avoir retrouvé 100 Taupiqueur d'Alola (uniquement si le Pokémon de départ est Flambino).",Incompatible,Incompatible,,,,
0726,Matoufeu,,,,,,,,,,,,,,,,,,,,,,,,,,Faire évoluer Flamiaou (niveau 17),Faire évoluer Flamiaou (niveau 17),Faire évoluer Flamiaou (niveau 17),Faire évoluer Flamiaou (niveau 17),Incompatible,Incompatible,Faire évoluer Flamiaou (niveau 17),Faire évoluer Flamiaou (niveau 17),Incompatible,Incompatible,,,,
0727,Félinferno,,,,,,,,,,,,,,,,,,,,,,,,,,Faire évoluer Matoufeu (niveau 34),Faire évoluer Matoufeu (niveau 34),Faire évoluer Matoufeu (niveau 34),Faire évoluer Matoufeu (niveau 34),Incompatible,Incompatible,Faire évoluer Matoufeu (niveau 34),Faire évoluer Matoufeu (niveau 34),Incompatible,Incompatible,,,,
0728,Otaquin,,,,,,,,,,,,,,,,,,,,,,,,,,Pokémon de départ à Lili'i,Pokémon de départ à Lili'i,Pokémon de départ sur la Route 1,Pokémon de départ sur la Route 1,Incompatible,Incompatible,"Récompense de la Quête des Taupiqueur d'Alola, après avoir retrouvé 100 Taupiqueur d'Alola (uniquement si le Pokémon de départ est Larméléon).","Récompense de la Quête des Taupiqueur d'Alola, après avoir retrouvé 100 Taupiqueur d'Alola (uniquement si le Pokémon de départ est Larméléon).",Incompatible,Incompatible,,,,
0729,Otarlette,,,,,,,,,,,,,,,,,,,,,,,,,,Faire évoluer Otaquin (niveau 17),Faire évoluer Otaquin (niveau 17),Faire évoluer Otaquin (niveau 17),Faire évoluer Otaquin (niveau 17),Incompatible,Incompatible,Faire évoluer Otaquin (niveau 17),Faire évoluer Otaquin (niveau 17),Incompatible,Incompatible,,,,
0730,Oratoria,,,,,,,,,,,,,,,,,,,,,,,,,,Faire évoluer Otarlette (niveau 34),Faire évoluer Otarlette (niveau 34),Faire évoluer Otarlette (niveau 34),Faire évoluer Otarlette (niveau 34),Incompatible,Incompatible,Faire évoluer Otarlette (niveau 34),Faire évoluer Otarlette (niveau 34),Incompatible,Incompatible,,,,
0731,Picassaut,,,,,,,,,,,,,,,,,,,,,,,,,,"Route 1, Route 4, Route 5, Route 6","Route 1, Route 4, Route 5, Route 6","Route 1, Route 4, Route 5, Route 6","Route 1, Route 4, Route 5, Route 6",Incompatible,Incompatible,Incompatible,Incompatible,Incompatible,Incompatible,,,,
0732,Piclairon,,,,,,,,,,,,,,,,,,,,,,,,,,"Routes 5*, 8 et 11, Jungle Sombrefeuille, Forêt de Poni, Plaine de Poni","Routes 5*, 8 et 11, Jungle Sombrefeuille, Forêt de Poni, Plaine de Poni","Routes 5*, 8 et 11, Jungle Sombrefeuille, Forêt de Poni, Plaine de Poni","Routes 5*, 8 et 11, Jungle Sombrefeuille, Forêt de Poni, Plaine de Poni",Incompatible,Incompatible,Incompatible,Incompatible,Incompatible,Incompatible,,,,
0733,Bazoucan,,,,,,,,,,,,,,,,,,,,,,,,,,Faire évoluer Piclairon (niveau 28),Faire évoluer Piclairon (niveau 28),Intrusion* (Piclairon*),Intrusion* (Piclairon*),Incompatible,Incompatible,Incompatible,Incompatible,Incompatible,Incompatible,,,,
0734,Manglouton,,,,,,,,,,,,,,,,,,,,,,,,,,"En journée : Routes 1, 2*, 3, 4, 6, et 8, Ekaeka, Abords d'Ekaeka*, Baie de Kala'e, Grotte VerdoyanteSUS*","En journée : Routes 1, 2*, 3, 4, 6, et 8, Ekaeka, Abords d'Ekaeka*, Baie de Kala'e, Grotte VerdoyanteSUS*","En journée : Routes 1, 2*, 4, 6, et 8, Ekaeka, Abords d'Ekaeka*, Baie de Kala'e, Grotte VerdoyanteSUS*","En journée : Routes 1, 2*, 4, 6, et 8, Ekaeka, Abords d'Ekaeka*, Baie de Kala'e, Grotte VerdoyanteSUS*",Incompatible,Incompatible,Incompatible,Incompatible,Incompatible,Incompatible,,,,
0735,Argouste,,,,,,,,,,,,,,,,,,,,,,,,,,"En journée : Routes 10, 11, 15, 16 et 17, Côte Reculée d'Akala, Village Toko, Plaine de Poni, Vieille Route, Chemin du Défi, Cap Passiloin, Prairie de Poni, Forêt de Poni","En journée : Routes 10, 11, 15, 16 et 17, Côte Reculée d'Akala, Village Toko, Plaine de Poni, Vieille Route, Chemin du Défi, Cap Passiloin, Prairie de Poni, Forêt de Poni","En journée : Routes 10, 15, 16 et 17, Côte Reculée d'Akala, Village Toko, Plaine de Poni, Mont Lanakila, Raphaël Chen","En journée : Routes 10, 15, 16 et 17, Côte Reculée d'Akala, Village Toko, Plaine de Poni, Mont Lanakila, Raphaël Chen",Incompatible,Incompatible,Incompatible,Incompatible,Incompatible,Incompatible,,,,
0736,Larvibule,,,,,,,,,,,,,,,,,,,,,,,,,,"Routes 1*, 4, 5 et 6","Routes 1*, 4, 5 et 6","Routes 1*, 4, 5 et 6","Routes 1*, 4, 5 et 6",Incompatible,Incompatible,"Route 1, Lac Coupenotte Est, Lac Milobellus Nord, Forêt de Sleepwood, Tour en ruines","Route 1, Lac Coupenotte Est, Lac Milobellus Nord, Forêt de Sleepwood, Tour en ruines",Incompatible,Incompatible,,,,
0737,Chrysapile,,,,,,,,,,,,,,,,,,,,,,,,,,Mont Ardent,Mont Ardent,Mont Ardent,Mont Ardent,Incompatible,Incompatible,"Œil du Lac, Fosse des Sables, Plateau de Kickenham, Expédition Dynamax","Œil du Lac, Fosse des Sables, Plateau de Kickenham, Expédition Dynamax",Incompatible,Incompatible,,,,
0738,Lucanon,,,,,,,,,,,,,,,,,,,,,,,,,,Faire gagner un niveau à Chrysapile au Grand Canyon de Poni,Faire gagner un niveau à Chrysapile au Grand Canyon de Poni,Intrusion* (Chrysapile*),Intrusion* (Chrysapile*),Incompatible,Incompatible,"Siège du Géant, Expédition Dynamax","Siège du Géant, Expédition Dynamax",Incompatible,Incompatible,,,,
0739,Crabagarre,,,,,,,,,,,,,,,,,,,,,,,,,,Tas de Baies d'Alola (sauf dans le Champ de Baies),Tas de Baies d'Alola (sauf dans le Champ de Baies),Tas de Baies d'Alola (sauf dans le Champ de Baies),Tas de Baies d'Alola (sauf dans le Champ de Baies),Incompatible,Incompatible,Incompatible,Incompatible,Incompatible,Incompatible,,,,
0740,Crabominable,,,,,,,,,,,,,,,,,,,,,,,,,,Faire gagner un niveau à Crabagarre au Mont Lanakila,Faire gagner un niveau à Crabagarre au Mont Lanakila,Faire gagner un niveau à Crabagarre au Mont Lanakila,Faire gagner un niveau à Crabagarre au Mont Lanakila,Incompatible,Incompatible,Incompatible,Incompatible,Incompatible,Incompatible,,,,
0741,Plumeline,Pom-Pom,,,,,,,,,,,,,,,,,,,,,,,,,Jardin de Mele-Mele,Jardin de Mele-Mele,Jardin de Mele-Mele,Jardin de Mele-Mele,Incompatible,Incompatible,Incompatible,Incompatible,Incompatible,Incompatible,,,,
0741,Plumeline,Hula,,,,,,,,,,,,,,,,,,,,,,,,,Route 6,Route 6,Route 6,Route 6,Incompatible,Incompatible,Incompatible,Incompatible,Incompatible,Incompatible,,,,
0741,Plumeline,Flamenco,,,,,,,,,,,,,,,,,,,,,,,,,Jardin d'Ula-Ula,Jardin d'Ula-Ula,Jardin d'Ula-Ula,Jardin d'Ula-Ula,Incompatible,Incompatible,Incompatible,Incompatible,Incompatible,Incompatible,,,,
0741,Plumeline,Buyō,,,,,,,,,,,,,,,,,,,,,,,,,Jardin de Poni,Jardin de Poni,Jardin de Poni,Jardin de Poni,Incompatible,Incompatible,Incompatible,Incompatible,Incompatible,Incompatible,,,,
0742,Bombydou,,,,,,,,,,,,,,,,,,,,,,,,,,"Route 2*, Route 3, Jardin de Mele-Mele","Route 2*, Route 3, Jardin de Mele-Mele","Route 2*, Route 3, Jardin de Mele-Mele","Route 2*, Route 3, Jardin de Mele-Mele",Incompatible,Incompatible,"Route 4, Prairie Entre-Ponts, Miroir du Géant, Berges de Motorby","Route 4, Prairie Entre-Ponts, Miroir du Géant, Berges de Motorby",Incompatible,Incompatible,,,,
0743,Rubombelle,,,,,,,,,,,,,,,,,,,,,,,,,,"Jardin d'Ula-Ula, Jardin de Poni","Jardin d'Ula-Ula, Jardin de Poni","Jardin d'Ula-Ula, Jardin de Poni, Raphaël Chen","Jardin d'Ula-Ula, Jardin de Poni",Incompatible,Incompatible,"Prairie Entre-Ponts, Berges de Motorby, Plaine Rocheuse, Expédition Dynamax","Prairie Entre-Ponts, Berges de Motorby, Plaine Rocheuse, Expédition Dynamax",Incompatible,Incompatible,,,,
0744,Rocabot,,,,,,,,,,,,,,,,,,,,,,,,,,Colline Dicarat*,Colline Dicarat*,"Colline Dicarat*, Route 1","Colline Dicarat*, Route 1",Incompatible,Incompatible,"Route de l'Épreuve, Plaine Salutation, Lande Boldair, Route de l'Épreuve, Lagune Circulaire","Route de l'Épreuve, Plaine Salutation, Lande Boldair, Route de l'Épreuve, Lagune Circulaire",Incompatible,Incompatible,,,,
0745,Lougaroc,Diurne,,,,,,,,,,,,,,,,,,,,,,,,,En journée : Grand Canyon de Poni*,En journée : Grand Canyon de Poni*,En journée : Grand Canyon de Poni*,En journée : Grand Canyon de Poni*,Incompatible,Incompatible,"Route de l'Épreuve, Expédition Dynamax","Route de l'Épreuve, Expédition Dynamax",Incompatible,Incompatible,,,,
0745,Lougaroc,Nocturne,,,,,,,,,,,,,,,,,,,,,,,,,Non transférable,Non transférable,Faire évoluer Rocabot obtenu par Évènement Nintendo,Faire évoluer Rocabot obtenu par Évènement Nintendo,Incompatible,Incompatible,"Route de l'Épreuve, Expédition Dynamax","Route de l'Épreuve, Expédition Dynamax",Incompatible,Incompatible,,,,
0745,Lougaroc,Crépusculaire,,,,,,,,,,,,,,,,,,,,,,,,,La nuit : Grand Canyon de Poni*,La nuit : Grand Canyon de Poni*,La nuit : Grand Canyon de Poni*,La nuit : Grand Canyon de Poni*,Incompatible,Incompatible,Raid Dynamax,Raid Dynamax,Incompatible,Incompatible,,,,
0746,Froussardine,,,,,,,,,,,,,,,,,,,,,,,,,,"Route 7, Route 8, Route 9, Route 13, Route 14, Route 15, Baie de Kala'e, Mer de Mele-Mele, Colline Clapotis*, Côte Reculée d'Akala, Côte Sauvage (Canne à Pêche*)","Route 7, Route 8, Route 9, Route 13, Route 14, Route 15, Baie de Kala'e, Mer de Mele-Mele, Colline Clapotis*, Côte Reculée d'Akala, Côte Sauvage (Canne à Pêche*)","Route 7, Route 8, Route 9, Route 13, Route 14, Route 15, Baie de Kala'e, Mer de Mele-Mele, Colline Clapotis*, Côte Reculée d'Akala, Côte Sauvage (Canne à Pêche*)","Route 7, Route 8, Route 9, Route 13, Route 14, Route 15, Baie de Kala'e, Mer de Mele-Mele, Colline Clapotis*, Côte Reculée d'Akala, Côte Sauvage (Canne à Pêche*)",Incompatible,Incompatible,"Canne à Pêche : Route 9, Skifford, Lac Coupenotte Ouest, Lac Coupenotte Est, Œil du Lac, Plage de l'Épreuve, Mer Align'Îlots, Mer Isol'Îlots, Îlot Calméole, Mer Calméole","Canne à Pêche : Route 9, Skifford, Lac Coupenotte Ouest, Lac Coupenotte Est, Œil du Lac, Plage de l'Épreuve, Mer Align'Îlots, Mer Isol'Îlots, Îlot Calméole, Mer Calméole",Incompatible,Incompatible,,,,
0747,Vorastérie,,,,,,,,,,,,,,,,,,,,,,,,,,Intrusion* (Corayon*),Intrusion* (Corayon*),Intrusion* (Corayon*),Intrusion* (Corayon*),Incompatible,Incompatible,"Route 9, Berges de Motorby, Miroir du Géant, Lagune Circulaire","Route 9, Berges de Motorby, Miroir du Géant, Lagune Circulaire",Incompatible,Incompatible,,,,
0748,Prédastérie,,,,,,,,,,,,,,,,,,,,,,,,,,Faire évoluer Vorastérie (niveau 38),Faire évoluer Vorastérie (niveau 38),Faire évoluer Vorastérie (niveau 38),Faire évoluer Vorastérie (niveau 38),Incompatible,Incompatible,"Route 9, Plaine Salutation, Lagune Circulaire","Route 9, Plaine Salutation, Lagune Circulaire",Incompatible,Incompatible,,,,
0749,Tiboudet,,,,,,,,,,,,,,,,,,,,,,,,,,"Route 4, Route 6*, Route 12, Ranch Ohana, Mont Ardent","Route 4, Route 6*, Route 12, Ranch Ohana, Mont Ardent","Route 4, Route 6*, Route 12, Ranch Ohana, Mont Ardent","Route 4, Route 6*, Route 12, Ranch Ohana, Mont Ardent",Incompatible,Incompatible,"Route 3, Plaine Verdoyante, Bois de Clairjour, Lac Coupenotte Ouest, Lac Coupenotte Est, Lac Milobellus Nord, Lac Milobellus Sud, Siège du Géant, Coiffe du Géant","Route 3, Plaine Verdoyante, Bois de Clairjour, Lac Coupenotte Ouest, Lac Coupenotte Est, Lac Milobellus Nord, Lac Milobellus Sud, Siège du Géant, Coiffe du Géant",Incompatible,Incompatible,,,,
0750,Bourrinos,,,,,,,,,,,,,,,,,,,,,,,,,,Plaine de Poni*,Plaine de Poni*,"Plaine de Poni*, Intrusion* (Tiboudet*)","Plaine de Poni*, Intrusion* (Tiboudet*)",Incompatible,Incompatible,"Œil du Lac, Siège du Géant, Fosse des Sables, Expédition Dynamax","Œil du Lac, Siège du Géant, Fosse des Sables, Expédition Dynamax",Incompatible,Incompatible,,,,
0751,Araqua,,,,,,,,,,,,,,,,,,,,,,,,,,En journée : Colline Clapotis (hautes herbes et sur l'eau),En journée : Colline Clapotis (hautes herbes et sur l'eau),En journée : Colline Clapotis (hautes herbes et sur l'eau),En journée : Colline Clapotis (hautes herbes et sur l'eau),Incompatible,Incompatible,"Route 5, Berges de Motorby, Plaine Rocheuse, Repos du Géant, Cimetière Ancien, Empreinte du Géant, Mer Banquise, Croisée Trois-Voies, Lac Poké Ball","Route 5, Berges de Motorby, Plaine Rocheuse, Repos du Géant, Cimetière Ancien, Empreinte du Géant, Mer Banquise, Croisée Trois-Voies, Lac Poké Ball",Incompatible,Incompatible,,,,
0752,Tarenbulle,,,,,,,,,,,,,,,,,,,,,,,,,,En journée : Parc de Malié,En journée : Parc de Malié,En journée : Parc de Malié,En journée : Parc de Malié,Incompatible,Incompatible,"Lac Ouragan, Plaine Rocheuse, Repos du Géant, Cimetière Ancien, Empreinte du Géant, Mer Banquise, Croisée Trois-Voies, Lac Poké Ball, Expédition Dynamax","Lac Ouragan, Plaine Rocheuse, Repos du Géant, Cimetière Ancien, Empreinte du Géant, Mer Banquise, Croisée Trois-Voies, Lac Poké Ball, Expédition Dynamax",Incompatible,Incompatible,,,,
0753,Mimantis,,,,,,,,,,,,,,,,,,,,,,,,,,"Route 5, Jungle Sombrefeuille*","Route 5, Jungle Sombrefeuille*","Route 5, Jungle Sombrefeuille*","Route 5, Jungle Sombrefeuille*",Incompatible,Incompatible,"Plaine Salutation, Lande Boldair, Plage de l'Épreuve, Forêt Flexion, Plaine des Efforts","Plaine Salutation, Lande Boldair, Plage de l'Épreuve, Forêt Flexion, Plaine des Efforts",Incompatible,Incompatible,,,,
0754,Floramantis,,,,,,,,,,,,,,,,,,,,,,,,,,"Faire évoluer Mimantis (niveau 34, en journée)","Faire évoluer Mimantis (niveau 34, en journée)","Faire évoluer Mimantis (niveau 34, en journée)","Faire évoluer Mimantis (niveau 34, en journée)",Incompatible,Incompatible,"Plage de l'Épreuve, Forêt Flexion, Expédition Dynamax","Plage de l'Épreuve, Forêt Flexion, Expédition Dynamax",Incompatible,Incompatible,,,,
0755,Spododo,,,,,,,,,,,,,,,,,,,,,,,,,,"La nuit : Colline Clapotis*, Jungle Sombrefeuille, Route 11","La nuit : Colline Clapotis*, Jungle Sombrefeuille, Route 11","La nuit : Colline Clapotis*, Jungle Sombrefeuille","La nuit : Colline Clapotis*, Jungle Sombrefeuille",Incompatible,Incompatible,"Miroir du Géant, Plateau de Kickenham","Miroir du Géant, Plateau de Kickenham",Incompatible,Incompatible,,,,
0756,Lampignon,,,,,,,,,,,,,,,,,,,,,,,,,,Faire évoluer Spododo (niveau 24),Faire évoluer Spododo (niveau 24),La nuit : Route 11,La nuit : Route 11,Incompatible,Incompatible,"Forêt de Lumirinth, Expédition Dynamax","Forêt de Lumirinth, Expédition Dynamax",Incompatible,Incompatible,,,,
0757,Tritox,,,,,,,,,,,,,,,,,,,,,,,,,,"Parc Volcanique, Route 8","Parc Volcanique, Route 8","Parc Volcanique, Route 8, Jungle Sombrefeuille*","Parc Volcanique, Route 8, Jungle Sombrefeuille*",Incompatible,Incompatible,"Plaine Rocheuse, Route de l'Épreuve","Plaine Rocheuse, Abords de Motorby, Berges de Motorby, Route de l'Épreuve",Incompatible,Incompatible,,,,
0758,Malamandre,,,,,,,,,,,,,,,,,,,,,,,,,,Faire évoluer Tritox femelle (niveau 32),Faire évoluer Tritox femelle (niveau 32),Intrusion* (Tritox*),"Intrusion* (Tritox*), Raphaël Chen",Incompatible,Incompatible,"Route de l'Épreuve, Expédition Dynamax","Route de l'Épreuve, Expédition Dynamax",Incompatible,Incompatible,,,,
0759,Nounourson,,,,,,,,,,,,,,,,,,,,,,,,,,"Route 8, Côte Reculée d'Akala","Route 8, Côte Reculée d'Akala","Route 8, Côte Reculée d'Akala","Route 8, Côte Reculée d'Akala",Incompatible,Incompatible,"Route 5, Lac Coupenotte Est, Prairie Entre-Ponts, Bois de Clairjour, Siège du Géant, Plateau de Kickenham, Lac Milobellus Nord","Route 5, Lac Coupenotte Est, Prairie Entre-Ponts, Bois de Clairjour, Siège du Géant, Plateau de Kickenham, Lac Milobellus Nord",Incompatible,Incompatible,,,,
0760,Chelours,,,,,,,,,,,,,,,,,,,,,,,,,,Chemin du Défi,Chemin du Défi,Chemin du Défi,Chemin du Défi,Incompatible,Incompatible,"Œil du Lac, Siège du Géant, Lac Ouragan, Expédition Dynamax","Œil du Lac, Siège du Géant, Lac Ouragan, Expédition Dynamax",Incompatible,Incompatible,,,,
0761,Croquine,,,,,,,,,,,,,,,,,,,,,,,,,,"Jungle Sombrefeuille*, Échange interne, Route 5","Jungle Sombrefeuille*, Échange interne, Route 5",Faire reproduire Candine ou Sucreine,Faire reproduire Candine ou Sucreine,Incompatible,Incompatible,"Plaine Verdoyante, Bois de Clairjour, Lac Coupenotte Ouest, Tour en ruines, Lac Coupenotte Est, Plaine Rocheuse","Plaine Verdoyante, Bois de Clairjour, Lac Coupenotte Ouest, Tour en ruines, Lac Coupenotte Est, Plaine Rocheuse",Incompatible,Incompatible,,,,
0762,Candine,,,,,,,,,,,,,,,,,,,,,,,,,,"Faire évoluer Croquine (niveau 18), Échange interne, Village Flottant","Faire évoluer Croquine (niveau 18), Échange interne, Village Flottant",Jungle Sombrefeuille,Jungle Sombrefeuille,Incompatible,Incompatible,Œil du Lac,Œil du Lac,Incompatible,Incompatible,,,,
0763,Sucreine,,,,,,,,,,,,,,,,,,,,,,,,,,Faire gagner un niveau à Candine alors qu'elle connaît Écrasement,Faire gagner un niveau à Candine alors qu'elle connaît Écrasement,Faire gagner un niveau à Candine alors qu'elle connaît Écrasement,Faire gagner un niveau à Candine alors qu'elle connaît Écrasement,Incompatible,Incompatible,"Plaine Rocheuse, Expédition Dynamax","Plaine Rocheuse, Expédition Dynamax",Incompatible,Incompatible,,,,
0764,Guérilande,,,,,,,,,,,,,,,,,,,,,,,,,,Jungle Sombrefeuille,Jungle Sombrefeuille,Jungle Sombrefeuille,Jungle Sombrefeuille,Incompatible,Incompatible,"Plaine Salutation, Lande Boldair, Plaine des Efforts, Mer Isol'Îlots, Îlot Calméole, Expédition Dynamax","Plaine Salutation, Lande Boldair, Plaine des Efforts, Mer Isol'Îlots, Îlot Calméole, Expédition Dynamax",Incompatible,Incompatible,,,,
0765,Gouroutan,,,,,,,,,,,,,,,,,,,,,,,,,,,Jungle Sombrefeuille,,Jungle Sombrefeuille,Incompatible,Incompatible,Expédition Dynamax,"Forêt de Lumirinth, Forêt Flexion, Expédition Dynamax",Incompatible,Incompatible,,,,
0766,Quartermac,,,,,,,,,,,,,,,,,,,,,,,,,,Jungle Sombrefeuille,,Jungle Sombrefeuille,,Incompatible,Incompatible,"Forêt de Lumirinth, Forêt Flexion, Expédition Dynamax",Expédition Dynamax,Incompatible,Incompatible,,,,
0767,Sovkipou,,,,,,,,,,,,,,,,,,,,,,,,,,"Poursuivre le Pokémon : Route 8, Récif de Poni, Prairie de Poni","Poursuivre le Pokémon : Route 8, Récif de Poni, Prairie de Poni","Poursuivre le Pokémon : Route 8, Récif de Poni, Tunnel Perce-Mont","Poursuivre le Pokémon : Route 8, Récif de Poni, Tunnel Perce-Mont",Incompatible,Incompatible,"Mine de Galar n° 2, Miroir du Géant, Plateau de Kickenham, Berges de Motorby, Prairie Entre-Ponts","Mine de Galar n° 2, Miroir du Géant, Plateau de Kickenham, Berges de Motorby, Prairie Entre-Ponts",Incompatible,Incompatible,,,,
0768,Sarmuraï,,,,,,,,,,,,,,,,,,,,,,,,,,Faire évoluer Sovkipou (niveau 30),Faire évoluer Sovkipou (niveau 30),Faire évoluer Sovkipou (niveau 30),Faire évoluer Sovkipou (niveau 30),Incompatible,Incompatible,"Lac Ouragan, Plage de l'Épreuve, Caverne Pugnacité","Lac Ouragan, Plage de l'Épreuve, Caverne Pugnacité",Incompatible,Incompatible,,,,
0769,Bacabouh,,,,,,,,,,,,,,,,,,,,,,,,,,Plage Hano-Hano*,Plage Hano-Hano*,"Plage Hano-Hano*, Route 15",Plage Hano-Hano*,Incompatible,Incompatible,Lagune Circulaire,Lagune Circulaire,Incompatible,Incompatible,,,,
0770,Trépassable,,,,,,,,,,,,,,,,,,,,,,,,,,Faire évoluer Bacabouh (niveau 42),Faire évoluer Bacabouh (niveau 42),Faire évoluer Bacabouh (niveau 42),Faire évoluer Bacabouh (niveau 42),Incompatible,Incompatible,"Lagune Circulaire, Expédition Dynamax","Lagune Circulaire, Expédition Dynamax",Incompatible,Incompatible,,,,
0771,Concombaffe,,,,,,,,,,,,,,,,,,,,,,,,,,"Sur l'eau : Route 7, Plage Hano-Hano","Sur l'eau : Route 7, Plage Hano-Hano","Sur l'eau : Route 7, Plage Hano-Hano","Sur l'eau : Route 7, Plage Hano-Hano",Incompatible,Incompatible,"Route 9, Lac Milobellus Sud, Expédition Dynamax  Canne à Pêche : Siège du Géant","Route 9, Lac Milobellus Sud, Expédition Dynamax  Canne à Pêche : Siège du Géant",Incompatible,Incompatible,,,,
0772,Type:0,,,,,,,,,,,,,,,,,,,,,,,,,,"Donné par Gladio au Paradis Æther, après avoir battu la Ligue Pokémon","Donné par Gladio au Paradis Æther, après avoir battu la Ligue Pokémon","Donné par Vicky sur la Vieille Route, après avoir battu la Ligue Pokémon","Donné par Vicky sur la Vieille Route, après avoir battu la Ligue Pokémon",Incompatible,Incompatible,"Donné par un membre de la Tour de Combat à Winscor, après avoir terminé le jeu.","Donné par un membre de la Tour de Combat à Winscor, après avoir terminé le jeu.",Incompatible,Incompatible,,,,
0773,Silvallié,,,,,,,,,,,,,,,,,,,,,,,,,,Faire évoluer Type:0 (bonheur),Faire évoluer Type:0 (bonheur),Faire évoluer Type:0 (bonheur),Faire évoluer Type:0 (bonheur),Incompatible,Incompatible,Faire évoluer Type:0 (bonheur),Faire évoluer Type:0 (bonheur),Incompatible,Incompatible,,,,
0774,Météno,Noyau Rouge,,,,,,,,,,,,,,,,,,,,,,,,,Mont Hokulani,Mont Hokulani,Mont Hokulani,Mont Hokulani,Incompatible,Incompatible,Incompatible,Incompatible,Incompatible,Incompatible,,,,
0774,Météno,Noyau Orange,,,,,,,,,,,,,,,,,,,,,,,,,,,,,,,,,,,,,,
0774,Météno,Noyau Jaune,,,,,,,,,,,,,,,,,,,,,,,,,,,,,,,,,,,,,,
0774,Météno,Noyau Vert,,,,,,,,,,,,,,,,,,,,,,,,,,,,,,,,,,,,,,
0774,Météno,Noyau Bleu,,,,,,,,,,,,,,,,,,,,,,,,,,,,,,,,,,,,,,
0774,Météno,Noyau Indigo,,,,,,,,,,,,,,,,,,,,,,,,,,,,,,,,,,,,,,
0774,Météno,Noyau Violet,,,,,,,,,,,,,,,,,,,,,,,,,,,,,,,,,,,,,,
0775,Dodoala,,,,,,,,,,,,,,,,,,,,,,,,,,Route 11,Route 11,Route 11,Route 11,Incompatible,Incompatible,Incompatible,Incompatible,Incompatible,Incompatible,,,,
0776,Boumata,,,,,,,,,,,,,,,,,,,,,,,,,,Mont Ardent,,Mont Ardent,,Incompatible,Incompatible,Lac Ouragan,Échange,Incompatible,Incompatible,,,,
0777,Togedemaru,,,,,,,,,,,,,,,,,,,,,,,,,,Mont Ardent,Mont Ardent,Mont Ardent,"Mont Ardent, Raphaël Chen",Incompatible,Incompatible,"Route 8, Lac Ouragan, Expédition Dynamax","Route 8, Lac Ouragan, Expédition Dynamax",Incompatible,Incompatible,,,,
0778,Mimiqui,,,,,,,,,,,,,,,,,,,,,,,,,,Ancien site Bradley Prix,Ancien site Bradley Prix,Ancien site Bradley Prix,"Ancien site Bradley Prix, Raphaël Chen",Incompatible,Incompatible,"Miroir du Géant, Prairie Entre-Ponts, Plateau Beau-Gant, Plaine Granfroy, Repos du Géant, Cimetière Ancien, Pente Enneigée, Empreinte du Géant, Mer Banquise, Croisée Trois-Voies, Lac Poké Ball, Expédition Dynamax","Miroir du Géant, Prairie Entre-Ponts, Plateau Beau-Gant, Plaine Granfroy, Repos du Géant, Cimetière Ancien, Pente Enneigée, Empreinte du Géant, Mer Banquise, Croisée Trois-Voies, Lac Poké Ball, Expédition Dynamax",Incompatible,Incompatible,,,,
0779,Denticrisse,,,,,,,,,,,,,,,,,,,,,,,,,,"Routes 13, 14 et 15, Côte Sauvage (Canne à Pêche*)","Routes 13, 14 et 15, Côte Sauvage (Canne à Pêche*)","Routes 13, 14 et 15","Routes 13, 14 et 15",Incompatible,Incompatible,Incompatible,Incompatible,Incompatible,Incompatible,,,,
0780,Draïeul,,,,,,,,,,,,,,,,,,,,,,,,,,Mont LanakilaLUL*,Mont LanakilaLUL*,Mont LanakilaLUL*,Mont LanakilaLUL*,Incompatible,Incompatible,Échange,Lac Ouragan,Incompatible,Incompatible,,,,
0781,Sinistrail,,,,,,,,,,,,,,,,,,,,,,,,,,"Village Flottant, spot de pêche de la terrasse du bateau Steelix (Canne à Pêche*)","Village Flottant, spot de pêche de la terrasse du bateau Steelix (Canne à Pêche*)","Village Flottant, spot de pêche de la terrasse du bateau Steelix (Canne à Pêche*)","Village Flottant, spot de pêche de la terrasse du bateau Steelix (Canne à Pêche*)",Incompatible,Incompatible,"Route 9  Canne à Pêche : Plage de l'Épreuve, Mer Banquise","Route 9  Canne à Pêche : Plage de l'Épreuve, Mer Banquise",Incompatible,Incompatible,,,,
0782,Bébécaille,,,,,,,,,,,,,,,,,,,,,,,,,,Grand Canyon de Poni*,Grand Canyon de Poni*,Grand Canyon de Poni*,Grand Canyon de Poni*,Incompatible,Incompatible,"Lac Ouragan, Route de l'Épreuve, Sables de Kudsac",Échange,Incompatible,Incompatible,,,,
0783,Écaïd,,,,,,,,,,,,,,,,,,,,,,,,,,Intrusion* (Bébécaille*),Intrusion* (Bébécaille*),Intrusion* (Bébécaille*),Intrusion* (Bébécaille*),Incompatible,Incompatible,Lac Ouragan,Échange,Incompatible,Incompatible,,,,
0784,Ékaïser,,,,,,,,,,,,,,,,,,,,,,,,,,Intrusion* (Bébécaille*),Intrusion* (Bébécaille*),Intrusion* (Bébécaille*),"Intrusion* (Bébécaille*), Raphaël Chen",Incompatible,Incompatible,Fosse des Sables,Échange,Incompatible,Incompatible,,,,
0785,Tokorico,,,,,,,,,,,,,,,,,,,,,,,,,,"Ruines du Conflit, après avoir battu la Ligue Pokémon","Ruines du Conflit, après avoir battu la Ligue Pokémon","Ruines du Conflit, après avoir battu la Ligue Pokémon","Ruines du Conflit, après avoir battu la Ligue Pokémon",Incompatible,Incompatible,Expédition Dynamax,Expédition Dynamax,Incompatible,Incompatible,,,,
0786,Tokopiyon,,,,,,,,,,,,,,,,,,,,,,,,,,"Ruines de l'Éveil, après avoir battu la Ligue Pokémon","Ruines de l'Éveil, après avoir battu la Ligue Pokémon","Ruines de l'Éveil, après avoir battu la Ligue Pokémon","Ruines de l'Éveil, après avoir battu la Ligue Pokémon",Incompatible,Incompatible,Expédition Dynamax,Expédition Dynamax,Incompatible,Incompatible,,,,
0787,Tokotoro,,,,,,,,,,,,,,,,,,,,,,,,,,"Ruines de l'Essor, après avoir battu la Ligue Pokémon","Ruines de l'Essor, après avoir battu la Ligue Pokémon","Ruines de l'Essor, après avoir battu la Ligue Pokémon","Ruines de l'Essor, après avoir battu la Ligue Pokémon",Incompatible,Incompatible,Expédition Dynamax,Expédition Dynamax,Incompatible,Incompatible,,,,
0788,Tokopisco,,,,,,,,,,,,,,,,,,,,,,,,,,"Ruines de l'Au-Delà, après avoir battu la Ligue Pokémon","Ruines de l'Au-Delà, après avoir battu la Ligue Pokémon","Ruines de l'Au-Delà, après avoir battu la Ligue Pokémon","Ruines de l'Au-Delà, après avoir battu la Ligue Pokémon",Incompatible,Incompatible,Expédition Dynamax,Expédition Dynamax,Incompatible,Incompatible,,,,
0789,Cosmog,,,,,,,,,,,,,,,,,,,,,,,,,,"dans la dimension parallèle, avec Solgaleo/Lunala dans l'équipe","Lac du Halo SolaireSUS/Lac du Halo Lunaire, dans la dimension parallèle, avec Solgaleo/Lunala dans l'équipe","dans la dimension parallèle, avec Solgaleo/Lunala dans l'équipe","Lac du Halo SolaireSUS/Lac du Halo Lunaire, dans la dimension parallèle, avec Solgaleo/Lunala dans l'équipe",Incompatible,Incompatible,Remis par une vieille dame dans une maison au Hameau Gelé après avoir fini la quête de Sylveroy,Remis par une vieille dame dans une maison au Hameau Gelé après avoir fini la quête de Sylveroy,Incompatible,Incompatible,,,,
0790,Cosmovum,,,,,,,,,,,,,,,,,,,,,,,,,,Faire évoluer Cosmog (niveau 43),Faire évoluer Cosmog (niveau 43),Faire évoluer Cosmog (niveau 43),Faire évoluer Cosmog (niveau 43),Incompatible,Incompatible,Faire évoluer Cosmog (niveau 43),Faire évoluer Cosmog (niveau 43),Incompatible,Incompatible,,,,
0791,Solgaleo,,,,,,,,,,,,,,,,,,,,,,,,,,Autel du Soleil,,Sentier de Mahalo,,Incompatible,Incompatible,Expédition Dynamax,Expédition Dynamax,Incompatible,Incompatible,,,,
0792,Lunala,,,,,,,,,,,,,,,,,,,,,,,,,,,Autel de la Lune,,Sentier de Mahalo,Incompatible,Incompatible,Expédition Dynamax,Expédition Dynamax,Incompatible,Incompatible,,,,
0793,Zéroïd,,,,,,,,,,,,,,,,,,,,,,,,,,Missions de Beladonis : Parc Volcanique ou Tunnel Taupiqueur,Missions de Beladonis : Parc Volcanique ou Tunnel Taupiqueur,"Ultra-Dimension, brèche blanche","Ultra-Dimension, brèche blanche",Incompatible,Incompatible,Expédition Dynamax,Expédition Dynamax,Incompatible,Incompatible,,,,
0794,Mouscoto,,,,,,,,,,,,,,,,,,,,,,,,,,Missions de Beladonis : Jardin de Mele-Mele,,"Ultra-Dimension, brèche blanche",Ultra-Dimension,Incompatible,Incompatible,Expédition Dynamax,Expédition Dynamax,Incompatible,Incompatible,,,,
0795,Cancrelove,,,,,,,,,,,,,,,,,,,,,,,,,,,Missions de Beladonis : Grotte Verdoyante,Ultra-Dimension,"Ultra-Dimension, brèche blanche",Incompatible,Incompatible,Expédition Dynamax,Expédition Dynamax,Incompatible,Incompatible,,,,
0796,Câblifère,,,,,,,,,,,,,,,,,,,,,,,,,,Missions de Beladonis : Jungle Sombrefeuille ou Colline Memento,Missions de Beladonis : Jungle Sombrefeuille ou Colline Memento,"Ultra-Dimension, brèche blanche","Ultra-Dimension, brèche blanche",Incompatible,Incompatible,Expédition Dynamax,Expédition Dynamax,Incompatible,Incompatible,,,,
0797,Bamboiselle,,,,,,,,,,,,,,,,,,,,,,,,,,,Missions de Beladonis : Parc de Malié ou Désert Haina,Ultra-Dimension,"Ultra-Dimension, brèche blanche",Incompatible,Incompatible,Expédition Dynamax,Expédition Dynamax,Incompatible,Incompatible,,,,
0798,Katagami,,,,,,,,,,,,,,,,,,,,,,,,,,Missions de Beladonis : Route 17 et Parc de Malié,,"Ultra-Dimension, brèche blanche",Ultra-Dimension,Incompatible,Incompatible,Expédition Dynamax,Expédition Dynamax,Incompatible,Incompatible,,,,
0799,Engloutyran,,,,,,,,,,,,,,,,,,,,,,,,,,Missions de Beladonis : Caverne Coda,Missions de Beladonis : Caverne Coda,"Ultra-Dimension, brèche blanche","Ultra-Dimension, brèche blanche",Incompatible,Incompatible,Expédition Dynamax,Expédition Dynamax,Incompatible,Incompatible,,,,
0800,Necrozma,,,,,,,,,,,,,,,,,,,,,,,,,,"Colline Dicarat, Caldeira Toutofon, après les missions de Beladonis","Colline Dicarat, Caldeira Toutofon, après les missions de Beladonis",Mont Lanakila après avoir battu Ultra-Necrozma,Mont Lanakila après avoir battu Ultra-Necrozma,Incompatible,Incompatible,Expédition Dynamax,Expédition Dynamax,Incompatible,Incompatible,,,,
0800,Necrozma,Crinière du Couchant,,,,,,,,,,,,,,,,,,,,,,,,,,,,,,,,,,,,,,
0800,Necrozma,Ailes de l'Aurore,,,,,,,,,,,,,,,,,,,,,,,,,,,,,,,,,,,,,,
0801,Magearna,,,,,,,,,,,,,,,,,,,,,,,,,,"Scan de QR Code : Boutique d'antiquité à Ekaeka, après avoir vaincu la Ligue Pokémon","Scan de QR Code : Boutique d'antiquité à Ekaeka, après avoir vaincu la Ligue Pokémon","Scan de QR Code : Boutique d'antiquité à Ekaeka, après avoir vaincu la Ligue Pokémon","Scan de QR Code : Boutique d'antiquité à Ekaeka, après avoir vaincu la Ligue Pokémon",Incompatible,Incompatible,Événement Nintendo,Événement Nintendo,Incompatible,Incompatible,,,,
0801,Magearna,Couleur du Passé,,,,,,,,,,,,,,,,,,,,,,,,,,,,,,,,,,,,,,
0802,Marshadow,,,,,,,,,,,,,,,,,,,,,,,,,,Événement Nintendo,Événement Nintendo,Événement Nintendo,Événement Nintendo,Incompatible,Incompatible,Événement Nintendo,Événement Nintendo,Incompatible,Incompatible,,,,
0803,Vémini,,,,,,,,,,,,,,,,,,,,,,,,,,Incompatible,Incompatible,"Ultra-Mégalopole, après avoir battu Ultra-Necrozma","Ultra-Mégalopole, après avoir battu Ultra-Necrozma",Incompatible,Incompatible,Reçu après avoir capturé 5 Ultra-Chimères au Grand Antre Dynamax,Reçu après avoir capturé 5 Ultra-Chimères au Grand Antre Dynamax,Incompatible,Incompatible,,,,
0804,Mandrillon,,,,,,,,,,,,,,,,,,,,,,,,,,Incompatible,Incompatible,Faire gagner un niveau à Vémini alors qu'il connaît Dracochoc,Faire gagner un niveau à Vémini alors qu'il connaît Dracochoc,Incompatible,Incompatible,Faire gagner un niveau à Vémini alors qu'il connaît Dracochoc,Faire gagner un niveau à Vémini alors qu'il connaît Dracochoc,Incompatible,Incompatible,,,,
0805,Ama-Ama,,,,,,,,,,,,,,,,,,,,,,,,,,Incompatible,Incompatible,Forêt de Poni,"Forêt de Poni, après avoir battu la Ligue Pokémon et accepté d'aider l'Ultra-Commando",Incompatible,Incompatible,Expédition Dynamax,Expédition Dynamax,Incompatible,Incompatible,,,,
0806,Pierroteknik,,,,,,,,,,,,,,,,,,,,,,,,,,Incompatible,Incompatible,"Forêt de Poni, après avoir battu la Ligue Pokémon et accepté d'aider l'Ultra-Commando",Forêt de Poni,Incompatible,Incompatible,Expédition Dynamax,Expédition Dynamax,Incompatible,Incompatible,,,,
0807,Zeraora,,,,,,,,,,,,,,,,,,,,,,,,,,Incompatible,Incompatible,Évènement Nintendo,Évènement Nintendo,Incompatible,Incompatible,Événement Nintendo,Événement Nintendo,Incompatible,Incompatible,,,,
0808,Meltan,,,,,,,,,,,,,,,,,,,,,,,,,,Incompatible,Incompatible,Incompatible,Incompatible,À transférer via Pokémon GO.,À transférer via Pokémon GO.,,,Incompatible,Incompatible,,,,
0809,Melmetal,,,,,,,,,,,,,,,,,,,,,,,,,,Incompatible,Incompatible,Incompatible,Incompatible,À transférer via Pokémon GO.,À transférer via Pokémon GO.,,,Incompatible,Incompatible,,,,
0810,Ouistempo,,,,,,,,,,,,,,,,,,,,,,,,,,,,,,,,Donné à Paddoxton (À choisir entre Flambino et Larméléon),Donné à Paddoxton (À choisir entre Flambino et Larméléon),Incompatible,Incompatible,,,,
0811,Badabouin,,,,,,,,,,,,,,,,,,,,,,,,,,,,,,,,Faire évoluer Ouistempo (niveau 16),Faire évoluer Ouistempo (niveau 16),Incompatible,Incompatible,,,,
0812,Gorythmic,,,,,,,,,,,,,,,,,,,,,,,,,,,,,,,,Faire évoluer Badabouin (niveau 35),Faire évoluer Badabouin (niveau 35),Incompatible,Incompatible,,,,
0813,Flambino,,,,,,,,,,,,,,,,,,,,,,,,,,,,,,,,Donné à Paddoxton (À choisir entre Ouistempo et Larméléon),Donné à Paddoxton (À choisir entre Ouistempo et Larméléon),Incompatible,Incompatible,,,,
0814,Lapyro,,,,,,,,,,,,,,,,,,,,,,,,,,,,,,,,Faire évoluer Flambino (niveau 16),Faire évoluer Flambino (niveau 16),Incompatible,Incompatible,,,,
0815,Pyrobut,,,,,,,,,,,,,,,,,,,,,,,,,,,,,,,,Faire évoluer Lapyro (niveau 35),Faire évoluer Lapyro (niveau 35),Incompatible,Incompatible,,,,
0816,Larméléon,,,,,,,,,,,,,,,,,,,,,,,,,,,,,,,,Donné à Paddoxton (À choisir entre Ouistempo et Flambino),Donné à Paddoxton (À choisir entre Ouistempo et Flambino),Incompatible,Incompatible,,,,
0817,Arrozard,,,,,,,,,,,,,,,,,,,,,,,,,,,,,,,,Faire évoluer Larméléon (niveau 16),Faire évoluer Larméléon (niveau 16),Incompatible,Incompatible,,,,
0818,Lézargus,,,,,,,,,,,,,,,,,,,,,,,,,,,,,,,,Faire évoluer Arrozard (niveau 35),Faire évoluer Arrozard (niveau 35),Incompatible,Incompatible,,,,
0819,Rongourmand,,,,,,,,,,,,,,,,,,,,,,,,,,,,,,,,"Forêt de Sleepwood, Route 1, Route 2, Mer Align'Îlots, Lac Poké Ball, Arbre à Baies : Route 3, Route 4, Route 5, Plaine Verdoyante, Berges de Motorby, Lac Milobellus Nord, Bois de Clairjour, Tour en ruines, Plaine Salutation, Lande Boldair, Plage de l'Épreuve, Forêt Flexion, Plaine des Efforts, Mer Eau-Hisse, Lagune Circulaire, Mer Align'Îlots, Mer Isol'Îlots, Lac Poké Ball, Plateau Beau-Gant, Plaine Granfroy, Repos du Géant, Empreinte du Géant","Forêt de Sleepwood, Route 1, Route 2, Mer Align'Îlots, Lac Poké Ball, Arbre à Baies : Route 3, Route 4, Route 5, Plaine Verdoyante, Berges de Motorby, Lac Milobellus Nord, Bois de Clairjour, Tour en ruines, Plaine Salutation, Lande Boldair, Plage de l'Épreuve, Forêt Flexion, Plaine des Efforts, Mer Eau-Hisse, Lagune Circulaire, Mer Align'Îlots, Mer Isol'Îlots, Lac Poké Ball, Plateau Beau-Gant, Plaine Granfroy, Repos du Géant, Empreinte du Géant",Incompatible,Incompatible,,,,
0820,Rongrigou,,,,,,,,,,,,,,,,,,,,,,,,,,,,,,,,"Prairie Entre-Ponts, Repos du Géant, Lac Poké Ball, Butte du Dynarbre Arbre à Baies : Route 6, Route 7, Route 9, Œil du Lac, Prairie Entre-Ponts, Coiffe du Géant, Miroir du Géant, Siège du Géant, Plateau de Kickenham, Lac Ouragan, Berges de Motorby, Plateau Beau-Gant, Plaine Granfroy, Repos du Géant, Empreinte du Géant, Lac Poké Ball, Expédition Dynamax","Prairie Entre-Ponts, Repos du Géant, Lac Poké Ball, Butte du Dynarbre Arbre à Baies : Route 6, Route 7, Route 9, Œil du Lac, Prairie Entre-Ponts, Coiffe du Géant, Miroir du Géant, Siège du Géant, Plateau de Kickenham, Lac Ouragan, Berges de Motorby, Plateau Beau-Gant, Plaine Granfroy, Repos du Géant, Empreinte du Géant, Lac Poké Ball, Expédition Dynamax",Incompatible,Incompatible,,,,
0821,Minisange,,,,,,,,,,,,,,,,,,,,,,,,,,,,,,,,"Forêt de Sleepwood, Route 1, Route 2, Route 3, Berges de Motorby","Forêt de Sleepwood, Route 1, Route 2, Route 3, Berges de Motorby",Incompatible,Incompatible,,,,
0822,Bleuseille,,,,,,,,,,,,,,,,,,,,,,,,,,,,,,,,"Route 3, Miroir du Géant, Plateau de Kickenham, Berges de Motorby, Lac Poké Ball","Route 3, Miroir du Géant, Plateau de Kickenham, Berges de Motorby, Lac Poké Ball",Incompatible,Incompatible,,,,
0823,Corvaillus,,,,,,,,,,,,,,,,,,,,,,,,,,,,,,,,"Route 7, Fosse des Sables, Lac Ouragan, Forêt de Sleepwood, Coiffe du Géant, Plateau de Kickenham, Berges de Motorby, Lac Milobellus Nord, Tour en ruines, Lac Poké Ball","Route 7, Fosse des Sables, Lac Ouragan, Forêt de Sleepwood, Coiffe du Géant, Plateau de Kickenham, Berges de Motorby, Lac Milobellus Nord, Tour en ruines, Lac Poké Ball",Incompatible,Incompatible,,,,
0824,Larvadar,,,,,,,,,,,,,,,,,,,,,,,,,,,,,,,,"Forêt de Sleepwood, Route 1, Route 2, Coiffe du Géant, Plaine Salutation, Plage de l'Épreuve, Plaine des Efforts, Route de l'Épreuve, Mer Eau-Hisse, Lagune Circulaire, Mer Align'Îlots, Mer Align'Îlots, Îlot Calméole","Forêt de Sleepwood, Route 1, Route 2, Coiffe du Géant, Plaine Salutation, Plage de l'Épreuve, Plaine des Efforts, Route de l'Épreuve, Mer Eau-Hisse, Lagune Circulaire, Mer Align'Îlots, Mer Align'Îlots, Îlot Calméole",Incompatible,Incompatible,,,,
0825,Coléodôme,,,,,,,,,,,,,,,,,,,,,,,,,,,,,,,,"Route 5, Coiffe du Géant, Miroir du Géant, Plaine Rocheuse","Route 5, Coiffe du Géant, Miroir du Géant, Plaine Rocheuse",Incompatible,Incompatible,,,,
0826,Astronelle,,,,,,,,,,,,,,,,,,,,,,,,,,,,,,,,"Forêt de Sleepwood, Bois de Clairjour, Coiffe du Géant, Lac Ouragan, Expédition Dynamax","Forêt de Sleepwood, Bois de Clairjour, Coiffe du Géant, Lac Ouragan, Expédition Dynamax",Incompatible,Incompatible,,,,
0827,Goupilou,,,,,,,,,,,,,,,,,,,,,,,,,,,,,,,,"Route 1, Route 2, Fosse des Sables, Miroir du Géant, Plaine Rocheuse","Route 1, Route 2, Fosse des Sables, Miroir du Géant, Plaine Rocheuse",Incompatible,Incompatible,,,,
0828,Roublenard,,,,,,,,,,,,,,,,,,,,,,,,,,,,,,,,"Route 7, Route 9, Prairie Entre-Ponts, Plateau de Kickenham, Plaine Rocheuse, Expédition Dynamax","Route 7, Route 9, Prairie Entre-Ponts, Plateau de Kickenham, Plaine Rocheuse, Expédition Dynamax",Incompatible,Incompatible,,,,
0829,Tournicoton,,,,,,,,,,,,,,,,,,,,,,,,,,,,,,,,"Route 2, Route 3, Berges de Motorby, Lac Poké Ball","Route 2, Route 3, Berges de Motorby, Lac Poké Ball",Incompatible,Incompatible,,,,
0830,Blancoton,,,,,,,,,,,,,,,,,,,,,,,,,,,,,,,,"Route 5, Berges de Motorby, Fosse des Sables, Coiffe du Géant, Plaine Rocheuse, Lac Poké Ball, Expédition Dynamax","Route 5, Berges de Motorby, Fosse des Sables, Coiffe du Géant, Plaine Rocheuse, Lac Poké Ball, Expédition Dynamax",Incompatible,Incompatible,,,,
0831,Moumouton,,,,,,,,,,,,,,,,,,,,,,,,,,,,,,,,"Route 1, Route 4, Berges de Motorby, Plateau Beau-Gant, Plaine Granfroy, Repos du Géant, Pente Enneigée, Croisée Trois-Voies","Route 1, Route 4, Berges de Motorby, Plateau Beau-Gant, Plaine Granfroy, Repos du Géant, Pente Enneigée, Croisée Trois-Voies",Incompatible,Incompatible,,,,
0832,Moumouflon,,,,,,,,,,,,,,,,,,,,,,,,,,,,,,,,"Fosse des Sables, Plateau de Kickenham, Berges de Motorby, Plaine Verdoyante, Plateau Beau-Gant, Plaine Granfroy, Repos du Géant, Pente Enneigée, Croisée Trois-Voies, Expédition Dynamax","Fosse des Sables, Plateau de Kickenham, Berges de Motorby, Plaine Verdoyante, Plateau Beau-Gant, Plaine Granfroy, Repos du Géant, Pente Enneigée, Croisée Trois-Voies, Expédition Dynamax",Incompatible,Incompatible,,,,
0833,Khélocrok,,,,,,,,,,,,,,,,,,,,,,,,,,,,,,,,"Route 2, Mine de Galar n° 2, Berges de Motorby, Coiffe du Géant, Miroir du Géant, Abords de Motorby, Caverne Pugnacité,Lande Boldair Canne à Pêche : Route 2, Route 4, Route 5, Mine de Galar n° 2, Skifford, Motorby","Route 2, Mine de Galar n° 2, Berges de Motorby, Coiffe du Géant, Miroir du Géant, Abords de Motorby, Caverne Pugnacité,Lande Boldair Canne à Pêche : Route 2, Route 4, Route 5, Mine de Galar n° 2, Skifford, Motorby",Incompatible,Incompatible,,,,
0834,Torgamord,,,,,,,,,,,,,,,,,,,,,,,,,,,,,,,,"Route 2, Fosse des Sables, Coiffe du Géant, Lac Ouragan, Mine de Galar n° 2, Plaine Salutation, Lande Boldair, Lagune Circulaire Canne à Pêche : Route 6, Prairie Entre-Ponts, Miroir du Géant, Expédition Dynamax","Route 2, Fosse des Sables, Coiffe du Géant, Lac Ouragan, Mine de Galar n° 2, Plaine Salutation, Lande Boldair, Lagune Circulaire Canne à Pêche : Route 6, Prairie Entre-Ponts, Miroir du Géant, Expédition Dynamax",Incompatible,Incompatible,,,,
0835,Voltoutou,,,,,,,,,,,,,,,,,,,,,,,,,,,,,,,,"Route 2, Route 4, Miroir du Géant, Miroir du Géant, Plaine Rocheuse, Lac Poké Ball","Route 2, Route 4, Miroir du Géant, Miroir du Géant, Plaine Rocheuse, Lac Poké Ball",Incompatible,Incompatible,,,,
0836,Fulgudog,,,,,,,,,,,,,,,,,,,,,,,,,,,,,,,,"Fosse des Sables, Lac Ouragan, Berges de Motorby, Lac Milobellus Nord, Lac Poké Ball, Expédition Dynamax","Fosse des Sables, Lac Ouragan, Berges de Motorby, Lac Milobellus Nord, Lac Poké Ball, Expédition Dynamax",Incompatible,Incompatible,,,,
0837,Charbi,,,,,,,,,,,,,,,,,,,,,,,,,,,,,,,,"Route 3, Mine de Galar, Coiffe du Géant, Berges de Motorby","Route 3, Mine de Galar, Coiffe du Géant, Berges de Motorby",Incompatible,Incompatible,,,,
0838,Wagomine,,,,,,,,,,,,,,,,,,,,,,,,,,,,,,,,"Prairie Entre-Ponts, Plaine Rocheuse, Coiffe du Géant, Mine de Galar, Lac Poké Ball, Grotte du Lac, Expédition Dynamax","Prairie Entre-Ponts, Plaine Rocheuse, Coiffe du Géant, Mine de Galar, Lac Poké Ball, Grotte du Lac, Expédition Dynamax",Incompatible,Incompatible,,,,
0839,Monthracite,,,,,,,,,,,,,,,,,,,,,,,,,,,,,,,,"Fosse des Sables, Lac Ouragan, Coiffe du Géant, Lac Poké Ball, Grotte du Lac, Expédition Dynamax","Fosse des Sables, Lac Ouragan, Coiffe du Géant, Lac Poké Ball, Grotte du Lac, Expédition Dynamax",Incompatible,Incompatible,,,,
0840,Verpom,,,,,,,,,,,,,,,,,,,,,,,,,,,,,,,,"Route 5, Fosse des Sables, Miroir du Géant, Plaine Rocheuse, Arbre à Baies : Plaine Salutation, Lande Boldair, Plage de l'Épreuve, Forêt Flexion, Plaine des Efforts, Mer Eau-Hisse, Lagune Circulaire, Mer Align'Îlots, Mer Align'Îlots","Route 5, Fosse des Sables, Miroir du Géant, Plaine Rocheuse, Arbre à Baies : Plaine Salutation, Lande Boldair, Plage de l'Épreuve, Forêt Flexion, Plaine des Efforts, Mer Eau-Hisse, Lagune Circulaire, Mer Align'Îlots, Mer Align'Îlots",Incompatible,Incompatible,,,,
0841,Pomdrapi,,,,,,,,,,,,,,,,,,,,,,,,,,,,,,,,Arbre à Baies : Mer Align'Îlots,Échange,Incompatible,Incompatible,,,,
0842,Dratatin,,,,,,,,,,,,,,,,,,,,,,,,,,,,,,,,Échange,Arbre à Baies : Mer Align'Îlots,Incompatible,Incompatible,,,,
0843,Dunaja,,,,,,,,,,,,,,,,,,,,,,,,,,,,,,,,"Route 6, Forêt Flexion, Plaine des Efforts, Route de l'Épreuve, Sables de Kudsac","Route 6, Forêt Flexion, Plaine des Efforts, Route de l'Épreuve, Sables de Kudsac",Incompatible,Incompatible,,,,
0844,Dunaconda,,,,,,,,,,,,,,,,,,,,,,,,,,,,,,,,"Route 8, Lac Ouragan, Expédition Dynamax","Route 8, Lac Ouragan, Expédition Dynamax",Incompatible,Incompatible,,,,
0845,Nigosier,,,,,,,,,,,,,,,,,,,,,,,,,,,,,,,,"Route 9, Prairie Entre-Ponts, Lac Ouragan, Plaine Rocheuse, Œil du Lac, Plage de l'Épreuve, Forêt Flexion, Plaine des Efforts, Expédition Dynamax","Route 9, Prairie Entre-Ponts, Lac Ouragan, Plaine Rocheuse, Œil du Lac, Plage de l'Épreuve, Forêt Flexion, Plaine des Efforts, Expédition Dynamax",Incompatible,Incompatible,,,,
0846,Embrochet,,,,,,,,,,,,,,,,,,,,,,,,,,,,,,,,"Plage de l'Épreuve, Forêt Flexion, Plaine des Efforts Canne à Pêche : Route 2, Skifford, Berges de Motorby, Forêt Flexion","Plage de l'Épreuve, Forêt Flexion, Plaine des Efforts Canne à Pêche : Route 2, Skifford, Berges de Motorby, Forêt Flexion",Incompatible,Incompatible,,,,
0847,Hastacuda,,,,,,,,,,,,,,,,,,,,,,,,,,,,,,,,"Route 2, Lac Ouragan, Plaine des Efforts Canne à Pêche : Berges de Motorby, Fosse des Sables, Lac Ouragan, Expédition Dynamax","Route 2, Lac Ouragan, Plaine des Efforts Canne à Pêche : Berges de Motorby, Fosse des Sables, Lac Ouragan, Expédition Dynamax",Incompatible,Incompatible,,,,
0848,Toxizap,,,,,,,,,,,,,,,,,,,,,,,,,,,,,,,,"Route 7, Plateau de Kickenham, Coiffe du Géant, Plaine Rocheuse, Prairie Entre-Ponts, Berges de Motorby","Route 7, Plateau de Kickenham, Coiffe du Géant, Plaine Rocheuse, Prairie Entre-Ponts, Berges de Motorby",Incompatible,Incompatible,,,,
0849,Salarsen,Aigüe,,,,,,,,,,,,,,,,,,,,,,,,,,,,,,,"Faire évoluer Toxizap (niveau 30), Expédition Dynamax","Faire évoluer Toxizap (niveau 30), Expédition Dynamax",Incompatible,Incompatible,,,,
0849,Salarsen,Grave,,,,,,,,,,,,,,,,,,,,,,,,,,,,,,,,,,,,,,
0850,Grillepattes,,,,,,,,,,,,,,,,,,,,,,,,,,,,,,,,"Route 3, Empreinte du Géant","Route 3, Empreinte du Géant",Incompatible,Incompatible,,,,
0851,Scolocendre,,,,,,,,,,,,,,,,,,,,,,,,,,,,,,,,"Empreinte du Géant, Expédition Dynamax","Empreinte du Géant, Expédition Dynamax",Incompatible,Incompatible,,,,
0852,Poulpaf,,,,,,,,,,,,,,,,,,,,,,,,,,,,,,,,"Route 9, Caverne Pugnacité, Lagune Circulaire","Route 9, Caverne Pugnacité, Lagune Circulaire",Incompatible,Incompatible,,,,
0853,Krakos,,,,,,,,,,,,,,,,,,,,,,,,,,,,,,,,"Route 9, Lac Ouragan, Lac Coupenotte Ouest, Lagune Circulaire, Expédition Dynamax","Route 9, Lac Ouragan, Lac Coupenotte Ouest, Lagune Circulaire, Expédition Dynamax",Incompatible,Incompatible,,,,
0854,Théffroi,Contrefaçon,,,,,,,,,,,,,,,,,,,,,,,,,,,,,,,"Forêt de Lumirinth, Cimetière Ancien","Forêt de Lumirinth, Cimetière Ancien",Incompatible,Incompatible,,,,
0854,Théffroi,Authentique,,,,,,,,,,,,,,,,,,,,,,,,,,,,,,,,,,,,,,
0855,Polthégeist,Contrefaçon,,,,,,,,,,,,,,,,,,,,,,,,,,,,,,,"Cimetière Ancien, Expédition Dynamax","Cimetière Ancien, Expédition Dynamax",Incompatible,Incompatible,,,,
0855,Polthégeist,Authentique,,,,,,,,,,,,,,,,,,,,,,,,,,,,,,,,,,,,,,
0856,Bibichut,,,,,,,,,,,,,,,,,,,,,,,,,,,,,,,,"Plateau de Kickenham, Abords de Motorby, Plaine Rocheuse, Plateau Beau-Gant, Plaine Granfroy, Repos du Géant, Cimetière Ancien, Empreinte du Géant, Mer Banquise, Croisée Trois-Voies, Lac Poké Ball","Plateau de Kickenham, Abords de Motorby, Plaine Rocheuse, Plateau Beau-Gant, Plaine Granfroy, Repos du Géant, Cimetière Ancien, Empreinte du Géant, Mer Banquise, Croisée Trois-Voies, Lac Poké Ball",Incompatible,Incompatible,,,,
0857,Chapotus,,,,,,,,,,,,,,,,,,,,,,,,,,,,,,,,"Fosse des Sables, Forêt de Lumirinth, Plaine Granfroy, Repos du Géant, Cimetière Ancien, Empreinte du Géant, Mer Banquise, Croisée Trois-Voies, Lac Poké Ball","Fosse des Sables, Forêt de Lumirinth, Plaine Granfroy, Repos du Géant, Cimetière Ancien, Empreinte du Géant, Mer Banquise, Croisée Trois-Voies, Lac Poké Ball",Incompatible,Incompatible,,,,
0858,Sorcilence,,,,,,,,,,,,,,,,,,,,,,,,,,,,,,,,"Lac Ouragan, Plaine Granfroy, Repos du Géant, Mer Banquise, Lac Poké Ball, Expédition Dynamax","Lac Ouragan, Plaine Granfroy, Repos du Géant, Mer Banquise, Lac Poké Ball, Expédition Dynamax",Incompatible,Incompatible,,,,
0859,Grimalin,,,,,,,,,,,,,,,,,,,,,,,,,,,,,,,,"Miroir du Géant, Plateau de Kickenham, Abords de Motorby, Plaine Rocheuse, Forêt de Lumirinth, Plateau Beau-Gant","Miroir du Géant, Plateau de Kickenham, Abords de Motorby, Plaine Rocheuse, Forêt de Lumirinth, Plateau Beau-Gant",Incompatible,Incompatible,,,,
0860,Fourbelin,,,,,,,,,,,,,,,,,,,,,,,,,,,,,,,,"Forêt de Lumirinth, Repos du Géant, Pente Enneigée, Empreinte du Géant","Forêt de Lumirinth, Repos du Géant, Pente Enneigée, Empreinte du Géant",Incompatible,Incompatible,,,,
0861,Angoliath,,,,,,,,,,,,,,,,,,,,,,,,,,,,,,,,"Lac Ouragan, Plaine Rocheuse, Plateau Beau-Gant, Repos du Géant, Pente Enneigée, Expédition Dynamax","Lac Ouragan, Plaine Rocheuse, Plateau Beau-Gant, Repos du Géant, Pente Enneigée, Expédition Dynamax",Incompatible,Incompatible,,,,
0862,Ixon,,,,,,,,,,,,,,,,,,,,,,,,,,,,,,,,"Lac Ouragan, Route 2, Prairie Entre-Ponts, Repos du Géant, Lac Poké Ball, Expédition Dynamax","Lac Ouragan, Route 2, Prairie Entre-Ponts, Repos du Géant, Lac Poké Ball, Expédition Dynamax",Incompatible,Incompatible,,,,
0863,Berserkatt,,,,,,,,,,,,,,,,,,,,,,,,,,,,,,,,"Route 7, Route 9, Miroir du Géant, Lac Ouragan, Expédition Dynamax","Route 7, Route 9, Miroir du Géant, Lac Ouragan, Expédition Dynamax",Incompatible,Incompatible,,,,
0864,Corayôme,,,,,,,,,,,,,,,,,,,,,,,,,,,,,,,,"(niveau 38), Échange","Faire évoluer Corayon de Galar, (niveau 38)",Incompatible,Incompatible,,,,
0865,Palarticho,,,,,,,,,,,,,,,,,,,,,,,,,,,,,,,,"Faire évoluer Canarticho de Galar, (infliger 3 coups critiques au cours d'un même combat)","(infliger 3 coups critiques au cours d'un même combat), Échange",Incompatible,Incompatible,,,,
0866,M. Glaquette,,,,,,,,,,,,,,,,,,,,,,,,,,,,,,,,"Faire évoluer M. Mime de Galar, (niveau 42)","Faire évoluer M. Mime de Galar, (niveau 42)",Incompatible,Incompatible,,,,
0867,Tutétékri,,,,,,,,,,,,,,,,,,,,,,,,,,,,,,,,Faire évoluer Tutafeh de Galar (Perdre 49 PV ou plus + marcher sous la grande arche de pierres de la Fosse des Sables),Faire évoluer Tutafeh de Galar (Perdre 49 PV ou plus + marcher sous la grande arche de pierres de la Fosse des Sables),Incompatible,Incompatible,,,,
0868,Crèmy,,,,,,,,,,,,,,,,,,,,,,,,,,,,,,,,"Route 4, Prairie Entre-Ponts, Miroir du Géant","Route 4, Prairie Entre-Ponts, Miroir du Géant",Incompatible,Incompatible,,,,
0869,Charmilly,"Lait Vanille,Fraise en Sucre",,,,,,,,,,,,,,,,,,,,,,,,,,,,,,,"Faire évoluer Crèmy (Objet en Sucre + tourner sur soi-même), Expédition Dynamax","Faire évoluer Crèmy (Objet en Sucre + tourner sur soi-même), Expédition Dynamax",Incompatible,Incompatible,,,,
0869,Charmilly,"Lait Vanille,Baie en Sucre",,,,,,,,,,,,,,,,,,,,,,,,,,,,,,,,,,,,,,
0869,Charmilly,"Lait Vanille,Cœur en Sucre",,,,,,,,,,,,,,,,,,,,,,,,,,,,,,,,,,,,,,
0869,Charmilly,"Lait Vanille,Étoile en Sucre",,,,,,,,,,,,,,,,,,,,,,,,,,,,,,,,,,,,,,
0869,Charmilly,"Lait Vanille,Trèfle en Sucre",,,,,,,,,,,,,,,,,,,,,,,,,,,,,,,,,,,,,,
0869,Charmilly,"Lait Vanille,Fleur en Sucre",,,,,,,,,,,,,,,,,,,,,,,,,,,,,,,,,,,,,,
0869,Charmilly,"Lait Vanille,Ruban en Sucre",,,,,,,,,,,,,,,,,,,,,,,,,,,,,,,,,,,,,,
0869,Charmilly,"Lait Ruby,Fraise en Sucre",,,,,,,,,,,,,,,,,,,,,,,,,,,,,,,,,,,,,,
0869,Charmilly,"Lait Ruby,Baie en Sucre",,,,,,,,,,,,,,,,,,,,,,,,,,,,,,,,,,,,,,
0869,Charmilly,"Lait Ruby,Cœur en Sucre",,,,,,,,,,,,,,,,,,,,,,,,,,,,,,,,,,,,,,
0869,Charmilly,"Lait Ruby,Étoile en Sucre",,,,,,,,,,,,,,,,,,,,,,,,,,,,,,,,,,,,,,
0869,Charmilly,"Lait Ruby,Trèfle en Sucre",,,,,,,,,,,,,,,,,,,,,,,,,,,,,,,,,,,,,,
0869,Charmilly,"Lait Ruby,Fleur en Sucre",,,,,,,,,,,,,,,,,,,,,,,,,,,,,,,,,,,,,,
0869,Charmilly,"Lait Ruby,Ruban en Sucre",,,,,,,,,,,,,,,,,,,,,,,,,,,,,,,,,,,,,,
0869,Charmilly,"Lait Matcha,Fraise en Sucre",,,,,,,,,,,,,,,,,,,,,,,,,,,,,,,,,,,,,,
0869,Charmilly,"Lait Matcha,Baie en Sucre",,,,,,,,,,,,,,,,,,,,,,,,,,,,,,,,,,,,,,
0869,Charmilly,"Lait Matcha,Cœur en Sucre",,,,,,,,,,,,,,,,,,,,,,,,,,,,,,,,,,,,,,
0869,Charmilly,"Lait Matcha,Étoile en Sucre",,,,,,,,,,,,,,,,,,,,,,,,,,,,,,,,,,,,,,
0869,Charmilly,"Lait Matcha,Trèfle en Sucre",,,,,,,,,,,,,,,,,,,,,,,,,,,,,,,,,,,,,,
0869,Charmilly,"Lait Matcha,Fleur en Sucre",,,,,,,,,,,,,,,,,,,,,,,,,,,,,,,,,,,,,,
0869,Charmilly,"Lait Matcha,Ruban en Sucre",,,,,,,,,,,,,,,,,,,,,,,,,,,,,,,,,,,,,,
0869,Charmilly,"Lait Menthe,Fraise en Sucre",,,,,,,,,,,,,,,,,,,,,,,,,,,,,,,,,,,,,,
0869,Charmilly,"Lait Menthe,Baie en Sucre",,,,,,,,,,,,,,,,,,,,,,,,,,,,,,,,,,,,,,
0869,Charmilly,"Lait Menthe,Cœur en Sucre",,,,,,,,,,,,,,,,,,,,,,,,,,,,,,,,,,,,,,
0869,Charmilly,"Lait Menthe,Étoile en Sucre",,,,,,,,,,,,,,,,,,,,,,,,,,,,,,,,,,,,,,
0869,Charmilly,"Lait Menthe,Trèfle en Sucre",,,,,,,,,,,,,,,,,,,,,,,,,,,,,,,,,,,,,,
0869,Charmilly,"Lait Menthe,Fleur en Sucre",,,,,,,,,,,,,,,,,,,,,,,,,,,,,,,,,,,,,,
0869,Charmilly,"Lait Menthe,Ruban en Sucre",,,,,,,,,,,,,,,,,,,,,,,,,,,,,,,,,,,,,,
0869,Charmilly,"Lait Citron,Fraise en Sucre",,,,,,,,,,,,,,,,,,,,,,,,,,,,,,,,,,,,,,
0869,Charmilly,"Lait Citron,Baie en Sucre",,,,,,,,,,,,,,,,,,,,,,,,,,,,,,,,,,,,,,
0869,Charmilly,"Lait Citron,Cœur en Sucre",,,,,,,,,,,,,,,,,,,,,,,,,,,,,,,,,,,,,,
0869,Charmilly,"Lait Citron,Étoile en Sucre",,,,,,,,,,,,,,,,,,,,,,,,,,,,,,,,,,,,,,
0869,Charmilly,"Lait Citron,Trèfle en Sucre",,,,,,,,,,,,,,,,,,,,,,,,,,,,,,,,,,,,,,
0869,Charmilly,"Lait Citron,Fleur en Sucre",,,,,,,,,,,,,,,,,,,,,,,,,,,,,,,,,,,,,,
0869,Charmilly,"Lait Citron,Ruban en Sucre",,,,,,,,,,,,,,,,,,,,,,,,,,,,,,,,,,,,,,
0869,Charmilly,"Lait Salé,Fraise en Sucre",,,,,,,,,,,,,,,,,,,,,,,,,,,,,,,,,,,,,,
0869,Charmilly,"Lait Salé,Baie en Sucre",,,,,,,,,,,,,,,,,,,,,,,,,,,,,,,,,,,,,,
0869,Charmilly,"Lait Salé,Cœur en Sucre",,,,,,,,,,,,,,,,,,,,,,,,,,,,,,,,,,,,,,
0869,Charmilly,"Lait Salé,Étoile en Sucre",,,,,,,,,,,,,,,,,,,,,,,,,,,,,,,,,,,,,,
0869,Charmilly,"Lait Salé,Trèfle en Sucre",,,,,,,,,,,,,,,,,,,,,,,,,,,,,,,,,,,,,,
0869,Charmilly,"Lait Salé,Fleur en Sucre",,,,,,,,,,,,,,,,,,,,,,,,,,,,,,,,,,,,,,
0869,Charmilly,"Lait Salé,Ruban en Sucre",,,,,,,,,,,,,,,,,,,,,,,,,,,,,,,,,,,,,,
0869,Charmilly,"Mélange Ruby,Fraise en Sucre",,,,,,,,,,,,,,,,,,,,,,,,,,,,,,,,,,,,,,
0869,Charmilly,"Mélange Ruby,Baie en Sucre",,,,,,,,,,,,,,,,,,,,,,,,,,,,,,,,,,,,,,
0869,Charmilly,"Mélange Ruby,Cœur en Sucre",,,,,,,,,,,,,,,,,,,,,,,,,,,,,,,,,,,,,,
0869,Charmilly,"Mélange Ruby,Étoile en Sucre",,,,,,,,,,,,,,,,,,,,,,,,,,,,,,,,,,,,,,
0869,Charmilly,"Mélange Ruby,Trèfle en Sucre",,,,,,,,,,,,,,,,,,,,,,,,,,,,,,,,,,,,,,
0869,Charmilly,"Mélange Ruby,Fleur en Sucre",,,,,,,,,,,,,,,,,,,,,,,,,,,,,,,,,,,,,,
0869,Charmilly,"Mélange Ruby,Ruban en Sucre",,,,,,,,,,,,,,,,,,,,,,,,,,,,,,,,,,,,,,
0869,Charmilly,"Mélange Caramel,Fraise en Sucre",,,,,,,,,,,,,,,,,,,,,,,,,,,,,,,,,,,,,,
0869,Charmilly,"Mélange Caramel,Baie en Sucre",,,,,,,,,,,,,,,,,,,,,,,,,,,,,,,,,,,,,,
0869,Charmilly,"Mélange Caramel,Cœur en Sucre",,,,,,,,,,,,,,,,,,,,,,,,,,,,,,,,,,,,,,
0869,Charmilly,"Mélange Caramel,Étoile en Sucre",,,,,,,,,,,,,,,,,,,,,,,,,,,,,,,,,,,,,,
0869,Charmilly,"Mélange Caramel,Trèfle en Sucre",,,,,,,,,,,,,,,,,,,,,,,,,,,,,,,,,,,,,,
0869,Charmilly,"Mélange Caramel,Fleur en Sucre",,,,,,,,,,,,,,,,,,,,,,,,,,,,,,,,,,,,,,
0869,Charmilly,"Mélange Caramel,Ruban en Sucre",,,,,,,,,,,,,,,,,,,,,,,,,,,,,,,,,,,,,,
0869,Charmilly,"Mélange Tricolore,Fraise en Sucre",,,,,,,,,,,,,,,,,,,,,,,,,,,,,,,,,,,,,,
0869,Charmilly,"Mélange Tricolore,Baie en Sucre",,,,,,,,,,,,,,,,,,,,,,,,,,,,,,,,,,,,,,
0869,Charmilly,"Mélange Tricolore,Cœur en Sucre",,,,,,,,,,,,,,,,,,,,,,,,,,,,,,,,,,,,,,
0869,Charmilly,"Mélange Tricolore,Étoile en Sucre",,,,,,,,,,,,,,,,,,,,,,,,,,,,,,,,,,,,,,
0869,Charmilly,"Mélange Tricolore,Trèfle en Sucre",,,,,,,,,,,,,,,,,,,,,,,,,,,,,,,,,,,,,,
0869,Charmilly,"Mélange Tricolore,Fleur en Sucre",,,,,,,,,,,,,,,,,,,,,,,,,,,,,,,,,,,,,,
0869,Charmilly,"Mélange Tricolore,Ruban en Sucre",,,,,,,,,,,,,,,,,,,,,,,,,,,,,,,,,,,,,,
0870,Hexadron,,,,,,,,,,,,,,,,,,,,,,,,,,,,,,,,,,,,,,,
0871,Wattapik,,,,,,,,,,,,,,,,,,,,,,,,,,,,,,,,"Route 8, Lac Ouragan, Expédition Dynamax","Route 8, Lac Ouragan, Expédition Dynamax",Incompatible,Incompatible,,,,
0872,Frissonille,,,,,,,,,,,,,,,,,,,,,,,,,,,,,,,,"Route 9, Caverne Pugnacité, Lagune Circulaire, Mer Banquise, Expédition Dynamax","Route 9, Caverne Pugnacité, Lagune Circulaire, Mer Banquise, Expédition Dynamax",Incompatible,Incompatible,,,,
0873,Beldeneige,,,,,,,,,,,,,,,,,,,,,,,,,,,,,,,,"Route 8, Route 10, Lac Ouragan, Plateau Beau-Gant, Pente Enneigée, Sentier Blanche-Cime","Route 8, Route 10, Lac Ouragan, Plateau Beau-Gant, Pente Enneigée, Sentier Blanche-Cime",Incompatible,Incompatible,,,,
0874,Dolman,,,,,,,,,,,,,,,,,,,,,,,,,,,,,,,,"Sentier Blanche-Cime, Expédition Dynamax","Sentier Blanche-Cime, Expédition Dynamax",Incompatible,Incompatible,,,,
0875,Bekaglaçon,,,,,,,,,,,,,,,,,,,,,,,,,,,,,,,,"Route 10, Lac Ouragan, Repos du Géant, Empreinte du Géant",Échange,Incompatible,Incompatible,,,,
0876,Wimessir,Mâle,,,,,,,,,,,,,,,,,,,,,,,,,,,,,,,Échange,"Route 10, Lac Ouragan, Mer Banquise",Incompatible,Incompatible,,,,
0876,Wimessir,Femelle,,,,,,,,,,,,,,,,,,,,,,,,,,,,,,,"Forêt de Lumirinth, Lac Ouragan, Lac Poké Ball, Expédition Dynamax","Forêt de Lumirinth, Lac Ouragan, Lac Poké Ball, Expédition Dynamax",Incompatible,Incompatible,,,,
0877,Morpeko,,,,,,,,,,,,,,,,,,,,,,,,,,,,,,,,,,,,,,,
0878,Charibari,,,,,,,,,,,,,,,,,,,,,,,,,,,,,,,,"Route 7, Route 9, Lac Ouragan, Plage de l'Épreuve, Lac Poké Ball, Expédition Dynamax","Route 7, Route 9, Lac Ouragan, Plage de l'Épreuve, Lac Poké Ball, Expédition Dynamax",Incompatible,Incompatible,,,,
0879,Pachyradjah,,,,,,,,,,,,,,,,,,,,,,,,,,,,,,,,"Prairie Entre-Ponts, Empreinte du Géant","Prairie Entre-Ponts, Empreinte du Géant",Incompatible,Incompatible,,,,
0880,Galvagon,,,,,,,,,,,,,,,,,,,,,,,,,,,,,,,,"Lac Ouragan, Plateau de Kickenham, Empreinte du Géant, Expédition Dynamax","Lac Ouragan, Plateau de Kickenham, Empreinte du Géant, Expédition Dynamax",Incompatible,Incompatible,,,,
0881,Galvagla,,,,,,,,,,,,,,,,,,,,,,,,,,,,,,,,"Réanimer en parlant à Alba Minçalor (Route 6) muni des fossiles nécessaires :, Fossile Oiseau +  Fossile Dragon","Réanimer en parlant à Alba Minçalor (Route 6) muni des fossiles nécessaires :, Fossile Oiseau +  Fossile Dragon",Incompatible,Incompatible,,,,
0882,Hydragon,,,,,,,,,,,,,,,,,,,,,,,,,,,,,,,,"Réanimer en parlant à Alba Minçalor (Route 6) muni des fossiles nécessaires :, Fossile Oiseau +  Fossile Aileron","Réanimer en parlant à Alba Minçalor (Route 6) muni des fossiles nécessaires :, Fossile Oiseau +  Fossile Aileron",Incompatible,Incompatible,,,,
0883,Hydragla,,,,,,,,,,,,,,,,,,,,,,,,,,,,,,,,"Réanimer en parlant à Alba Minçalor (Route 6) muni des fossiles nécessaires :, Fossile Poisson +  Fossile Dragon","Réanimer en parlant à Alba Minçalor (Route 6) muni des fossiles nécessaires :, Fossile Poisson +  Fossile Dragon",Incompatible,Incompatible,,,,
0884,Duralugon,,,,,,,,,,,,,,,,,,,,,,,,,,,,,,,,"Réanimer en parlant à Alba Minçalor (Route 6) muni des fossiles nécessaires :, Fossile Poisson +  Fossile Aileron","Réanimer en parlant à Alba Minçalor (Route 6) muni des fossiles nécessaires :, Fossile Poisson +  Fossile Aileron",Incompatible,Incompatible,,,,
0885,Fantyrm,,,,,,,,,,,,,,,,,,,,,,,,,,,,,,,,"Route 10, Siège du Géant, Lac Ouragan, Expédition Dynamax","Route 10, Siège du Géant, Lac Ouragan, Expédition Dynamax",Incompatible,Incompatible,,,,
0886,Dispareptil,,,,,,,,,,,,,,,,,,,,,,,,,,,,,,,,"Prairie Entre-Ponts, Empreinte du Géant","Prairie Entre-Ponts, Empreinte du Géant",Incompatible,Incompatible,,,,
0887,Lanssorien,,,,,,,,,,,,,,,,,,,,,,,,,,,,,,,,"Lac Ouragan, Cimetière Ancien, Expédition Dynamax","Lac Ouragan, Cimetière Ancien, Expédition Dynamax",Incompatible,Incompatible,,,,
0888,Zacian,,,,,,,,,,,,,,,,,,,,,,,,,,,,,,,,"Cimetière Ancien, Croisée Trois-Voies","Cimetière Ancien, Croisée Trois-Voies",Incompatible,Incompatible,,,,
0889,Zamazenta,,,,,,,,,,,,,,,,,,,,,,,,,,,,,,,,Stade de Kickenham,Échange,Incompatible,Incompatible,,,,
0890,Éthernatos,,,,,,,,,,,,,,,,,,,,,,,,,,,,,,,,Échange,Stade de Kickenham,Incompatible,Incompatible,,,,
0891,Wushours,,,,,,,,,,,,,,,,,,,,,,,,,,,,,,,,Stade de Kickenham — Sommet de la tour,Stade de Kickenham — Sommet de la tour,Incompatible,Incompatible,,,,
0892,Shifours,Style Poing Final,,,,,,,,,,,,,,,,,,,,,,,,,,,,,,,Réussir les Trois Épreuves de Mustar à Isolarmure,Réussir les Trois Épreuves de Mustar à Isolarmure,Incompatible,Incompatible,,,,
0892,Shifours,Style Mille Poings,,,,,,,,,,,,,,,,,,,,,,,,,,,,,,,Faire évoluer Wushours (Terminer l'ascension de la Tour des Ténèbres ou de la Tour de l'Eau),Faire évoluer Wushours (Terminer l'ascension de la Tour des Ténèbres ou de la Tour de l'Eau),Incompatible,Incompatible,,,,
0893,Zarude,,,,,,,,,,,,,,,,,,,,,,,,,,,,,,,,,,,,,,,
0893,Zarude,Papa,,,,,,,,,,,,,,,,,,,,,,,,,,,,,,,Événement Nintendo,Événement Nintendo,Incompatible,Incompatible,,,,
0894,Regieleki,,,,,,,,,,,,,,,,,,,,,,,,,,,,,,,,,,,,,,,
0895,Regidrago,,,,,,,,,,,,,,,,,,,,,,,,,,,,,,,,Ruines du Choix (à choisir entre lui-même et Regidrago),Ruines du Choix (à choisir entre lui-même et Regidrago),Incompatible,Incompatible,,,,
0896,Blizzeval,,,,,,,,,,,,,,,,,,,,,,,,,,,,,,,,Ruines du Choix (à choisir entre lui-même et Regieleki),Ruines du Choix (à choisir entre lui-même et Regieleki),Incompatible,Incompatible,,,,
0897,Spectreval,,,,,,,,,,,,,,,,,,,,,,,,,,,,,,,,Temple Couronne (si le joueur obtient la Carotte Gelée),Temple Couronne (si le joueur obtient la Carotte Gelée),Incompatible,Incompatible,,,,
0898,Sylveroy,,,,,,,,,,,,,,,,,,,,,,,,,,,,,,,,Temple Couronne (si le joueur obtient la Carotte Sombre),Temple Couronne (si le joueur obtient la Carotte Sombre),Incompatible,Incompatible,,,,
0898,Sylveroy,Cavalier du Froid,,,,,,,,,,,,,,,,,,,,,,,,,,,,,,,Temple Couronne,Temple Couronne,Incompatible,Incompatible,,,,
0898,Sylveroy,Cavalier d'Effroi,,,,,,,,,,,,,,,,,,,,,,,,,,,,,,,,,,,,,,
0899,Cerbyllin,,,,,,,,,,,,,,,,,,,,,,,,,,,,,,,,,,,,,,,
0900,Hachécateur,,,,,,,,,,,,,,,,,,,,,,,,,,,,,,,,Incompatible,Incompatible,??,??,,,,
0901,Ursaking,,,,,,,,,,,,,,,,,,,,,,,,,,,,,,,,Incompatible,Incompatible,??,??,,,,
0901,Ursaking,Lune Vermeille,,,,,,,,,,,,,,,,,,,,,,,,,,,,,,,Incompatible,Incompatible,??,??,,,,
0902,Paragruel,Mâle,,,,,,,,,,,,,,,,,,,,,,,,,,,,,,,,,,,,,,
0902,Paragruel,Femelle,,,,,,,,,,,,,,,,,,,,,,,,,,,,,,,Incompatible,Incompatible,??,??,,,,
0903,Farfurex,,,,,,,,,,,,,,,,,,,,,,,,,,,,,,,,,,,,,,,
0904,Qwilpik,,,,,,,,,,,,,,,,,,,,,,,,,,,,,,,,Incompatible,Incompatible,??,??,,,,
0905,Amovénus,Avatar,,,,,,,,,,,,,,,,,,,,,,,,,,,,,,,Incompatible,Incompatible,??,??,,,,
0905,Amovénus,Totémique,,,,,,,,,,,,,,,,,,,,,,,,,,,,,,,Incompatible,Incompatible,??,??,,,,
0906,Poussacha,,,,,,,,,,,,,,,,,,,,,,,,,,,,,,,,,,,,,Cuchalga,,
0907,Matourgeon,,,,,,,,,,,,,,,,,,,,,,,,,,,,,,,,,,,,,Indisponible,,
0908,Miascarade,,,,,,,,,,,,,,,,,,,,,,,,,,,,,,,,,,,,,Indisponible,,
0909,Chochodile,,,,,,,,,,,,,,,,,,,,,,,,,,,,,,,,,,,,,Cuchalga,,
0910,Crocogril,,,,,,,,,,,,,,,,,,,,,,,,,,,,,,,,,,,,,Indisponible,,
0911,Flâmigator,,,,,,,,,,,,,,,,,,,,,,,,,,,,,,,,,,,,,Indisponible,,
0912,Coiffeton,,,,,,,,,,,,,,,,,,,,,,,,,,,,,,,,,,,,,Cuchalga,,
0913,Canarbello,,,,,,,,,,,,,,,,,,,,,,,,,,,,,,,,,,,,,Indisponible,,
0914,Palmaval,,,,,,,,,,,,,,,,,,,,,,,,,,,,,,,,,,,,,Indisponible,,
0915,Gourmelet,,,,,,,,,,,,,,,,,,,,,,,,,,,,,,,,,,,,,Zone Sud 1,,
0916,Fragroin,Mâle,,,,,,,,,,,,,,,,,,,,,,,,,,,,,,,,,,,,Zone Sud 5,,
0916,Fragroin,Femelle,,,,,,,,,,,,,,,,,,,,,,,,,,,,,,,,,,,,Zone Sud 5,,
0917,Tissenboule,,,,,,,,,,,,,,,,,,,,,,,,,,,,,,,,,,,,,Zone Sud 1,,
0918,Filentrappe,,,,,,,,,,,,,,,,,,,,,,,,,,,,,,,,,,,,,Zone Ouest 3,,
0919,Lilliterelle,,,,,,,,,,,,,,,,,,,,,,,,,,,,,,,,,,,,,,,
0920,Gambex,,,,,,,,,,,,,,,,,,,,,,,,,,,,,,,,,,,,,,,
0921,Pohm,,,,,,,,,,,,,,,,,,,,,,,,,,,,,,,,,,,,,,,
0922,Pohmotte,,,,,,,,,,,,,,,,,,,,,,,,,,,,,,,,,,,,,,,
0923,Pohmarmotte,,,,,,,,,,,,,,,,,,,,,,,,,,,,,,,,,,,,,,,
0924,Compagnol,,,,,,,,,,,,,,,,,,,,,,,,,,,,,,,,,,,,,,,
0925,Famignol,Famille de Trois,,,,,,,,,,,,,,,,,,,,,,,,,,,,,,,,,,,,,,
0925,Famignol,Famille de Quatre,,,,,,,,,,,,,,,,,,,,,,,,,,,,,,,,,,,,,,
0926,Pâtachiot,,,,,,,,,,,,,,,,,,,,,,,,,,,,,,,,,,,,,,,
0927,Briochien,,,,,,,,,,,,,,,,,,,,,,,,,,,,,,,,,,,,,,,
0928,Olivini,,,,,,,,,,,,,,,,,,,,,,,,,,,,,,,,,,,,,,,
0929,Olivado,,,,,,,,,,,,,,,,,,,,,,,,,,,,,,,,,,,,,,,
0930,Arboliva,,,,,,,,,,,,,,,,,,,,,,,,,,,,,,,,,,,,,,,
0931,Tapatoès,Plumage Vert,,,,,,,,,,,,,,,,,,,,,,,,,,,,,,,,,,,,,,
0931,Tapatoès,Plumage Bleu,,,,,,,,,,,,,,,,,,,,,,,,,,,,,,,,,,,,,,
0931,Tapatoès,Plumage Jaune,,,,,,,,,,,,,,,,,,,,,,,,,,,,,,,,,,,,,,
0931,Tapatoès,Plumage Blanc,,,,,,,,,,,,,,,,,,,,,,,,,,,,,,,,,,,,,,
0932,Selutin,,,,,,,,,,,,,,,,,,,,,,,,,,,,,,,,,,,,,,,
0933,Amassel,,,,,,,,,,,,,,,,,,,,,,,,,,,,,,,,,,,,,,,
0934,Gigansel,,,,,,,,,,,,,,,,,,,,,,,,,,,,,,,,,,,,,,,
0935,Charbambin,,,,,,,,,,,,,,,,,,,,,,,,,,,,,,,,,,,,,,,
0936,Carmadura,,,,,,,,,,,,,,,,,,,,,,,,,,,,,,,,,,,,,,,
0937,Malvalame,,,,,,,,,,,,,,,,,,,,,,,,,,,,,,,,,,,,,,,
0938,Têtampoule,,,,,,,,,,,,,,,,,,,,,,,,,,,,,,,,,,,,,,,
0939,Ampibidou,,,,,,,,,,,,,,,,,,,,,,,,,,,,,,,,,,,,,,,
0940,Zapétrel,,,,,,,,,,,,,,,,,,,,,,,,,,,,,,,,,,,,,,,
0941,Fulgulairo,,,,,,,,,,,,,,,,,,,,,,,,,,,,,,,,,,,,,,,
0942,Grondogue,,,,,,,,,,,,,,,,,,,,,,,,,,,,,,,,,,,,,,,
0943,Dogrino,,,,,,,,,,,,,,,,,,,,,,,,,,,,,,,,,,,,,,,
0944,Gribouraigne,,,,,,,,,,,,,,,,,,,,,,,,,,,,,,,,,,,,,,,
0945,Tag-Tag,,,,,,,,,,,,,,,,,,,,,,,,,,,,,,,,,,,,,,,
0946,Virovent,,,,,,,,,,,,,,,,,,,,,,,,,,,,,,,,,,,,,,,
0947,Virevorreur,,,,,,,,,,,,,,,,,,,,,,,,,,,,,,,,,,,,,,,
0948,Terracool,,,,,,,,,,,,,,,,,,,,,,,,,,,,,,,,,,,,,,,
0949,Terracruel,,,,,,,,,,,,,,,,,,,,,,,,,,,,,,,,,,,,,,,
0950,Craparoi,,,,,,,,,,,,,,,,,,,,,,,,,,,,,,,,,,,,,,,
0951,Pimito,,,,,,,,,,,,,,,,,,,,,,,,,,,,,,,,,,,,,,,
0952,Scovilain,,,,,,,,,,,,,,,,,,,,,,,,,,,,,,,,,,,,,,,
0953,Léboulérou,,,,,,,,,,,,,,,,,,,,,,,,,,,,,,,,,,,,,,,
0954,Bérasca,,,,,,,,,,,,,,,,,,,,,,,,,,,,,,,,,,,,,,,
0955,Flotillon,,,,,,,,,,,,,,,,,,,,,,,,,,,,,,,,,,,,,,,
0956,Cléopsytra,,,,,,,,,,,,,,,,,,,,,,,,,,,,,,,,,,,,,,,
0957,Forgerette,,,,,,,,,,,,,,,,,,,,,,,,,,,,,,,,,,,,,,,
0958,Forgella,,,,,,,,,,,,,,,,,,,,,,,,,,,,,,,,,,,,,,,
0959,Forgelina,,,,,,,,,,,,,,,,,,,,,,,,,,,,,,,,,,,,,,,
0960,Taupikeau,,,,,,,,,,,,,,,,,,,,,,,,,,,,,,,,,,,,,,,
0961,Triopikeau,,,,,,,,,,,,,,,,,,,,,,,,,,,,,,,,,,,,,,,
0962,Lestombaile,,,,,,,,,,,,,,,,,,,,,,,,,,,,,,,,,,,,,,,
0963,Dofin,,,,,,,,,,,,,,,,,,,,,,,,,,,,,,,,,,,,,,,
0964,Superdofin,,,,,,,,,,,,,,,,,,,,,,,,,,,,,,,,,,,,,,,
0965,Vrombi,,,,,,,,,,,,,,,,,,,,,,,,,,,,,,,,,,,,,,,
0966,Vrombotor,,,,,,,,,,,,,,,,,,,,,,,,,,,,,,,,,,,,,,,
0967,Motorizard,,,,,,,,,,,,,,,,,,,,,,,,,,,,,,,,,,,,,,,
0968,Ferdeter,,,,,,,,,,,,,,,,,,,,,,,,,,,,,,,,,,,,,,,
0969,Germéclat,,,,,,,,,,,,,,,,,,,,,,,,,,,,,,,,,,,,,,,
0970,Floréclat,,,,,,,,,,,,,,,,,,,,,,,,,,,,,,,,,,,,,,,
0971,Toutombe,,,,,,,,,,,,,,,,,,,,,,,,,,,,,,,,,,,,,,,
0972,Tomberro,,,,,,,,,,,,,,,,,,,,,,,,,,,,,,,,,,,,,,,
0973,Flamenroule,,,,,,,,,,,,,,,,,,,,,,,,,,,,,,,,,,,,,,,
0974,Piétacé,,,,,,,,,,,,,,,,,,,,,,,,,,,,,,,,,,,,,,,
0975,Balbalèze,,,,,,,,,,,,,,,,,,,,,,,,,,,,,,,,,,,,,,,
0976,Délestin,,,,,,,,,,,,,,,,,,,,,,,,,,,,,,,,,,,,,,,
0977,Oyacata,,,,,,,,,,,,,,,,,,,,,,,,,,,,,,,,,,,,,,,
0978,Nigirigon,Courbée,,,,,,,,,,,,,,,,,,,,,,,,,,,,,,,,,,,,,,
0978,Nigirigon,Affalée,,,,,,,,,,,,,,,,,,,,,,,,,,,,,,,,,,,,,,
0978,Nigirigon,Raide,,,,,,,,,,,,,,,,,,,,,,,,,,,,,,,,,,,,,,
0979,Courrousinge,,,,,,,,,,,,,,,,,,,,,,,,,,,,,,,,,,,,,,,
0980,Terraiste,,,,,,,,,,,,,,,,,,,,,,,,,,,,,,,,,,,,,,,
0981,Farigiraf,,,,,,,,,,,,,,,,,,,,,,,,,,,,,,,,,,,,,,,
0982,Deusolourdo,Double,,,,,,,,,,,,,,,,,,,,,,,,,,,,,,,,,,,,,,
0982,Deusolourdo,Triple,,,,,,,,,,,,,,,,,,,,,,,,,,,,,,,,,,,,,,
0983,Scalpereur,,,,,,,,,,,,,,,,,,,,,,,,,,,,,,,,,,,,,,,
0984,Fort-Ivoire,,,,,,,,,,,,,,,,,,,,,,,,,,,,,,,,,,,,,,,
0985,Hurle-Queue,,,,,,,,,,,,,,,,,,,,,,,,,,,,,,,,,,,,,,,
0986,Fongus-Furie,,,,,,,,,,,,,,,,,,,,,,,,,,,,,,,,,,,,,,,
0987,Flotte-Mèche,,,,,,,,,,,,,,,,,,,,,,,,,,,,,,,,,,,,,,,
0988,Rampe-Ailes,,,,,,,,,,,,,,,,,,,,,,,,,,,,,,,,,,,,,,,
0989,Pelage-Sablé,,,,,,,,,,,,,,,,,,,,,,,,,,,,,,,,,,,,,,,
0990,Roue-de-Fer,,,,,,,,,,,,,,,,,,,,,,,,,,,,,,,,,,,,,,,
0991,Hotte-de-Fer,,,,,,,,,,,,,,,,,,,,,,,,,,,,,,,,,,,,,,,
0992,Paume-de-Fer,,,,,,,,,,,,,,,,,,,,,,,,,,,,,,,,,,,,,,,
0993,Têtes-de-Fer,,,,,,,,,,,,,,,,,,,,,,,,,,,,,,,,,,,,,,,
0994,Mite-de-Fer,,,,,,,,,,,,,,,,,,,,,,,,,,,,,,,,,,,,,,,
0995,Épine-de-Fer,,,,,,,,,,,,,,,,,,,,,,,,,,,,,,,,,,,,,,,
0996,Frigodo,,,,,,,,,,,,,,,,,,,,,,,,,,,,,,,,,,,,,,,
0997,Cryodo,,,,,,,,,,,,,,,,,,,,,,,,,,,,,,,,,,,,,,,
0998,Glaivodo,,,,,,,,,,,,,,,,,,,,,,,,,,,,,,,,,,,,,,,
0999,Mordudor,Coffre,,,,,,,,,,,,,,,,,,,,,,,,,,,,,,,,,,,,,,
0999,Mordudor,Marche,,,,,,,,,,,,,,,,,,,,,,,,,,,,,,,,,,,,,,
1000,Gromago,,,,,,,,,,,,,,,,,,,,,,,,,,,,,,,,,,,,,,,
1001,Chongjian,,,,,,,,,,,,,,,,,,,,,,,,,,,,,,,,,,,,,,,
1002,Baojian,,,,,,,,,,,,,,,,,,,,,,,,,,,,,,,,,,,,,,,
1003,Dinglu,,,,,,,,,,,,,,,,,,,,,,,,,,,,,,,,,,,,,,,
1004,Yuyu,,,,,,,,,,,,,,,,,,,,,,,,,,,,,,,,,,,,,,,
1005,Rugit-Lune,,,,,,,,,,,,,,,,,,,,,,,,,,,,,,,,,,,,,,,
1006,Garde-de-Fer,,,,,,,,,,,,,,,,,,,,,,,,,,,,,,,,,,,,,,,
1007,Koraidon,,,,,,,,,,,,,,,,,,,,,,,,,,,,,,,,,,,,,,,
1008,Miraidon,,,,,,,,,,,,,,,,,,,,,,,,,,,,,,,,,,,,,,,
1009,Serpente-Eau,,,,,,,,,,,,,,,,,,,,,,,,,,,,,,,,,,,,,,,
1010,Vert-de-Fer,,,,,,,,,,,,,,,,,,,,,,,,,,,,,,,,,,,,,,,
1011,Pomdramour,,,,,,,,,,,,,,,,,,,,,,,,,,,,,,,,,,,,,,,
1012,Poltchageist,Imitation,,,,,,,,,,,,,,,,,,,,,,,,,,,,,,,,,,,,,,
1012,Poltchageist,Onéreuse,,,,,,,,,,,,,,,,,,,,,,,,,,,,,,,,,,,,,,
1013,Théffroyable,Imitation,,,,,,,,,,,,,,,,,,,,,,,,,,,,,,,,,,,,,,
1013,Théffroyable,Onéreuse,,,,,,,,,,,,,,,,,,,,,,,,,,,,,,,,,,,,,,
1014,Félicanis,,,,,,,,,,,,,,,,,,,,,,,,,,,,,,,,,,,,,,,
1015,Fortusimia,,,,,,,,,,,,,,,,,,,,,,,,,,,,,,,,,,,,,,,
1016,Favianos,,,,,,,,,,,,,,,,,,,,,,,,,,,,,,,,,,,,,,,
1017,Ogerpon,Masque Turquoise,,,,,,,,,,,,,,,,,,,,,,,,,,,,,,,,,,,,,,
1017,Ogerpon,Masque du Puits,,,,,,,,,,,,,,,,,,,,,,,,,,,,,,,,,,,,,,
1017,Ogerpon,Masque du Fourneau,,,,,,,,,,,,,,,,,,,,,,,,,,,,,,,,,,,,,,
1017,Ogerpon,Masque de la Pierre,,,,,,,,,,,,,,,,,,,,,,,,,,,,,,,,,,,,,,
1018,Pondralugon,,,,,,,,,,,,,,,,,,,,,,,,,,,,,,,,,,,,,,,
1019,Pomdorochi,,,,,,,,,,,,,,,,,,,,,,,,,,,,,,,,,,,,,,,
1020,Feu-Perçant,,,,,,,,,,,,,,,,,,,,,,,,,,,,,,,,,,,,,,,
1021,Ire-Foudre,,,,,,,,,,,,,,,,,,,,,,,,,,,,,,,,,,,,,,,
1022,Roc-de-Fer,,,,,,,,,,,,,,,,,,,,,,,,,,,,,,,,,,,,,,,
1023,Chef-de-Fer,,,,,,,,,,,,,,,,,,,,,,,,,,,,,,,,,,,,,,,
1024,Terapagos,,,,,,,,,,,,,,,,,,,,,,,,,,,,,,,,,,,,,,,
1025,Pêchaminus,,,,,,,,,,,,,,,,,,,,,,,,,,,,,,,,,,,,,,,