project,category,column1,column2,column3,,
001,,Oichi,"Jigglypuff,Wigglytuff",,,
001,,Mitsunari,"Scizor,Pawniard,Bisharp",,,
001,,Kiyomasa,"Larvitar,Fraxure,Haxorus",,,
001,,Masanori,"Skorupi,Krokorok,Krookodile",,,
001,,Motochika,"Oshawott,Dewott,Samurott",,,
001,,Motonari,"Snivy,Servine,Serperior",,,
001,,Hideyoshi,"Chimchar,Monferno,Infernape,Reshiram",,,
001,,Hanbei,"Mareep,Pikachu,Raichu",,,
001,,Kanbei,"Duskull,Lampent,Chandelure",,,
001,,Ginchiyo,"Shinx,Luxio,Luxray",,,
001,,Muneshige,"Starly,Staravia,Staraptor",,,
001,,Yoshimoto,"Pineco,Forretress",,,
001,,Yoshihiro,"Gurdurr,Conkeldurr",,,
001,,Shingen,"Rhyperior,Groudon",,,
001,,Yukimura,"Tepig,Charmeleon,Charizard",,,
001,,Kunoichi,"Scraggy,Sneasel,Weavile",,,
001,,Ieyasu,"Lairon,Aggron,Registeel",,,
001,,Tadakatsu,"Steelix,Metagross,Dialga",,,
001,,Ina,"Quagsire,Prinplup,Empoleon",,,
001,,Kenshin,"Gallade,Mewtwo",,,
001,,Aya,"Cubchoo,Snorunt,Froslass",,,
001,,Kanetsugu,"Kirlia,Kadabra,Alakazam",,,
001,,Kotaro,"Deino,Zorua,Zoroark",,,
001,,Keiji,"Rhyhorn,Bastiodon,Terrakion",,,
001,,Nene,"Zubat,Golbat,Crobat",,,
001,,Hanzo,"Spiritomb,Haunter,Gengar",,,
001,,Ujiyasu,"Roggenrola,Boldore,Gigalith",,,
001,,Kai,"Pansear,Darumaka,Darmanitan",,,
001,,Masamune,"Scyther,Rufflet,Braviary",,,
001,,Magoichi,"Carnivine,Grovyle,Sceptile",,,
001,,No,"Misdreavus,Mismagius",,,
001,,Okuni,"Venipede,Larvesta,Volcarona",,,
001,,Mitsuhide,"Lapras,Articuno",,,
001,,Gracia,"Munna,Gothorita,Gothitelle",,,
001,,Nobunaga,"Gabite,Hydreigon,Zekrom,Rayquaza",,,
001,,Ranmaru,"Dratini,Riolu,Lucario",,,
002,,Dworkin,Ditto,,,
002,,The Unicorn,Rapidash,,,
002,,Oberon,,,,
002,,Cymnea,,,,
002,,Benedict,,,,
002,,Lintra,,,,
002,,Dara,,,,
002,,Sawal,,,,
002,,Jurt,,,,
002,,Despil,,,,
002,,Mandor,,,,
002,,Osric,,,,
002,,Finndo,,,,
002,,Faiella,,,,
002,,Eric,,,,
002,,Corwin,,,,
002,,Merlin,,,,
002,,Deirdre,,,,
002,,Clarissa,,,,
002,,Fiona,,,,
002,,Bleys,,,,
002,,Brand,,,,
002,,Jasra,,,,
002,,Rinaldo,,,,
002,,Llewella,,,,
002,,Riga,,,,
002,,Caine,,,,
002,,Flora,Lillipup,,,
002,,Julian,Liepard,,,
002,,Gerard,Poliwrath,,,
002,,Random,,,,
002,,Morganthe,,,,
002,,Martin,Farfetch’d,,,
002,,Harla,,,,
002,,Delwin,,,,
002,,Sand,,,,
002,,Deela,,,,
002,,Dalt,,,,
002,,Kinta,,,,
002,,Corail,Corsola,,,
003,,Raikou,"Gold, Silver, Crystal",> Roaming,,
003,,Entei,"Gold, Silver, Crystal",> Roaming,,
003,,Suicune,"Gold, Silver",> Roaming,,
003,,Feebas,"Ruby, Sapphire, Emerald",> 6 Fishing Spots out of 436,,
003,,Wynaut,"Ruby, Sapphire, Emerald",> Mirage Island,,
003,,Latias,Sapphire,> Roaming,,
003,,Latios,Ruby,> Roaming,,
003,,Raikou,"FireRed, LeafGreen",> Roaming,,
003,,Entei,"FireRed, LeafGreen",> Roaming,,
003,,Suicune,"FireRed, LeafGreen",> Roaming,,
003,,Feebas,"Diamond, Pearl, Platinum","> 4 Fishing Spots out of 528
> Spots changing everyday",,
003,,Mesprit,"Diamond, Pearl, Platinum",> Roaming,,
003,,Cresselia,"Diamon, Pearl, Platinum",> Roaming,,
003,,Magikarp,Platinum,"> Resort Area
> Super Rod
> Level 100
> Pressure",,
003,,Articuno,Platinum,> Roaming,,
003,,Zapdos,Platinum,> Roaming,,
003,,Moltres,Platinum,> Roaming,,
003,,Raikou,"HeartGold, SoulSilver",> Roaming,,
003,,Entei,"HeartGold, SoulSilver",> Roaming,,
003,,Dialga,"HeartGold, SoulSilver","> Sinjoh Ruins
> Over 3 minutes per reset",,
003,,Palkia,"HeartGold, SoulSilver","> Sinjoh Ruins
> Over 3 minutes per reset",,
003,,Giratina,"HeartGold, SoulSilver","> Sinjoh Ruins
> Over 3 minutes per reset",,
003,,Latias,HeartGold,> Roaming,,
003,,Latios,SoulSilver,> Roaming,,
003,,Manaphy,"Diamong, Pearl, Platinum, HeartGold, SoulSilver","> Egg from Pokémon Ranger
> Need to trade before hatching",,
003,,Dragonite,"Black, White, Black2, White2","> Dragonspiral Tower
> Fishing
> Rippling Water",,
004,"Pokémon Ruby, Sapphire, Emerald",Pikachu,"Area 1, 2",,,
004,"Pokémon Ruby, Sapphire, Emerald",Oddish,"Area 1, 2, 3, 4",,,
004,"Pokémon Ruby, Sapphire, Emerald",Gloom,"Area 1, 2, 3, 4",,,
004,"Pokémon Ruby, Sapphire, Emerald",Psyduck,"Area 2, 3 surfing",,,
004,"Pokémon Ruby, Sapphire, Emerald",Golduck,Area 3 surfing,,,
004,"Pokémon Ruby, Sapphire, Emerald",Geodude,Area 4 rocksmash,,,
004,"Pokémon Ruby, Sapphire, Emerald",Doduo,"Area 1, 2, 3",,,
004,"Pokémon Ruby, Sapphire, Emerald",Dodrio,Area 3,,,
004,"Pokémon Ruby, Sapphire, Emerald",Rhyhorn,Area 3,,,
004,"Pokémon Ruby, Sapphire, Emerald",Goldeen,"Area 2, 3, 5 fishing",,,
004,"Pokémon Ruby, Sapphire, Emerald",Seaking,"Area 2, 3 fishing",,,
004,"Pokémon Ruby, Sapphire, Emerald",Pinsir,Area 3,,,
004,"Pokémon Ruby, Sapphire, Emerald",Magikarp,"Area 2, 3, 5 fishing",,,
004,"Pokémon Ruby, Sapphire, Emerald",Natu,"Area 1, 2",,,
004,"Pokémon Ruby, Sapphire, Emerald",Xatu,Area 4,,,
004,"Pokémon Ruby, Sapphire, Emerald",Wobbuffet,"Area 1, 2",,,
004,"Pokémon Ruby, Sapphire, Emerald",Girafarig,"Area 1, 2",,,
004,"Pokémon Ruby, Sapphire, Emerald",Heracross,Area 4,,,
004,"Pokémon Ruby, Sapphire, Emerald",Phanpy,Area 4,,,
004,Pokémon Emerald,Hoothoot,"Area 5, 6",,,
004,Pokémon Emerald,Ledyba,Area 6,,,
004,Pokémon Emerald,Spinarak,Area 5,,,
004,Pokémon Emerald,Mareep,Area 5,,,
004,Pokémon Emerald,Marill,Area 5 surfing,,,
004,Pokémon Emerald,Aipom,"Area 5, 6",,,
004,Pokémon Emerald,Sunkern,"Area 5, 6",,,
004,Pokémon Emerald,Wooper,Area 5 surfing,,,
004,Pokémon Emerald,Quagsire,Area 5 surfing,,,
004,Pokémon Emerald,Pineco,Area 6,,,
004,Pokémon Emerald,Gligar,Area 5,,,
004,Pokémon Emerald,Snubbull,Area 5,,,
004,Pokémon Emerald,Shuckle,Area 6 rocksmash,,,
004,Pokémon Emerald,Teddiursa,Area 6,,,
004,Pokémon Emerald,Remoraid,Area 6 fishing,,,
004,Pokémon Emerald,Octillery,Area 5 fishing,,,
004,Pokémon Emerald,Houndour,Area 6,,,
004,Pokémon Emerald,Stantler,Area 5,,,
004,Pokémon Emerald,Miltank,Area 6,,,
004,"Pokémon FireRed, LeafGreen",Nidoran F,"Area 1, 3 
Center, Area 2 leafgreen",,,
004,"Pokémon FireRed, LeafGreen",Nidorina,"Center, Area 2 
Area 1, 3 leafgreen",,,
004,"Pokémon FireRed, LeafGreen",Nidoran M,"Area 1, 3 
Center, Area 2 firered",,,
004,"Pokémon FireRed, LeafGreen",Nidorino,"Center, Area 2 
Area 1, 3 firered",,,
004,"Pokémon FireRed, LeafGreen",Paras,"Area 1, 2",,,
004,"Pokémon FireRed, LeafGreen",Parasect,"Center, Area 1",,,
004,"Pokémon FireRed, LeafGreen",Venonat,"Center, Area 3",,,
004,"Pokémon FireRed, LeafGreen",Venomoth,"Area 2, 3",,,
004,"Pokémon FireRed, LeafGreen",Pysduck,"Area 1, 2, 3, Center surfing fishing firered",,,
004,"Pokémon FireRed, LeafGreen",Poliwag,"Area 1, 2, 3, Center fishing",,,
004,"Pokémon FireRed, LeafGreen",Slowpoke,"Area 1, 2, 3, Center surfing fishing leafgreen",,,
004,"Pokémon FireRed, LeafGreen",Doduo,"Area 1, 3",,,
004,"Pokémon FireRed, LeafGreen",Exeggcute,"Area 1, 2, 3, Center",,,
004,"Pokémon FireRed, LeafGreen",Rhyhorn,"Center, Area 2",,,
004,"Pokémon FireRed, LeafGreen",Chansey,"Center, Area 2",,,
004,"Pokémon FireRed, LeafGreen",Kangaskhan,"Area 1, 3",,,
004,"Pokémon FireRed, LeafGreen",Goldeen,"Area 1, 2, 3, Center fishing",,,
004,"Pokémon FireRed, LeafGreen",Seaking,"Area 1, 2, 3, Center fishing",,,
004,"Pokémon FireRed, LeafGreen",Scyther,"Center, Area 1 firered",,,
004,"Pokémon FireRed, LeafGreen",Pinsir,"Center, Area 1 leafgreen",,,
004,"Pokémon FireRed, LeafGreen",Tauros,"Area 2, Area 3",,,
004,"Pokémon FireRed, LeafGreen",Magikarp,"Area 1, 2, 3, Center fishing",,,
004,"Pokémon FireRed, LeafGreen",Dratini,"Area 1, 2, 3, Center fishing",,,
004,"Pokémon FireRed, LeafGreen",Dragonair,"Area 1, 2, 3, Center fishing",,,
004,"Pokémon Diamond, Pearl, Platinum",Arbok,Dual-Slot firered,,,
004,"Pokémon Diamond, Pearl, Platinum",Paras,Binoculars,,,
004,"Pokémon Diamond, Pearl, Platinum",Psyduck,"Area 1, 2, 3, 4, 6 encounter diamond pearl
Area 1, 2, 3, 4, 5, 6 surfing diamond pearl",,,
004,"Pokémon Diamond, Pearl, Platinum",Golduck,Binoculars diamond pearl,,,
004,"Pokémon Diamond, Pearl, Platinum",Exeggcute,Binoculars,,,
004,"Pokémon Diamond, Pearl, Platinum",Tangela,"Area 1, 2, 3, 4, 5, 6, Binoculars platinum",,,
004,"Pokémon Diamond, Pearl, Platinum",Kangaskhan,Binoculars,,,
004,"Pokémon Diamond, Pearl, Platinum",Magikarp,"Area 1, 2, 3, 4, 5, 6 fishing",,,
004,"Pokémon Diamond, Pearl, Platinum",Gyarados,"Area 1, 2, 3, 4, 5, 6 fishing",,,
004,"Pokémon Diamond, Pearl, Platinum",Hoothoot,"Area 3, 4, 5, 6 night
Area 1, 2 diamond pearl night",,,
004,"Pokémon Diamond, Pearl, Platinum",Noctowl,"Area 1, 2 night 
Area 3, 4 platinum night",,,
004,"Pokémon Diamond, Pearl, Platinum",Marill,"Area 1, 2, 3, 4, 5, 6 encounter diamond pearl surfing",,,
004,"Pokémon Diamond, Pearl, Platinum",Yanma,"Area 1, 2, 3, 4, 5, 6, Binoculars diamond pearl",,,
004,"Pokémon Diamond, Pearl, Platinum",Wooper,"Area 1, 2, 3, 4, 5, 6 encounter surfing",,,
004,"Pokémon Diamond, Pearl, Platinum",Quagsire,"Area 1, 2, 3, 4, 5, 6 encounter surfing
Binoculars platinum",,,
004,"Pokémon Diamond, Pearl, Platinum",Shroomish,Binocluars,,,
004,"Pokémon Diamond, Pearl, Platinum",Azurill,"Area 1, 2, 3, 4, 5, 6 diamond pearl",,,
004,"Pokémon Diamond, Pearl, Platinum",Roselia,Binoculars diamond pearl,,,
004,"Pokémon Diamond, Pearl, Platinum",Gulpin,Binoculars,,,
004,"Pokémon Diamond, Pearl, Platinum",Carvanha,"Area 1, 2, 3, 4, 5, 6 fishing",,,
004,"Pokémon Diamond, Pearl, Platinum",Barboach,"Area 1, 2, 3, 4, 5, 6 fishing",,,
004,"Pokémon Diamond, Pearl, Platinum",Whiscash,"Area 1, 2, 3, 4, 5, 6 fishing",,,
004,"Pokémon Diamond, Pearl, Platinum",Kecleon,Binoculars diamond pearl,,,
004,"Pokémon Diamond, Pearl, Platinum",Tropius,"Area 1, 2, Binoculars platinum dawn day",,,
004,"Pokémon Diamond, Pearl, Platinum",Starly,"Area 1, 2, 3, 4, 5, 6 diamond pearl dawn day",,,
004,"Pokémon Diamond, Pearl, Platinum",Staravia,Binoculars diamond pearl,,,
004,"Pokémon Diamond, Pearl, Platinum",Bidoof,"Area 1, 2, 3, 4, 5, 6 diamond pearl",,,
004,"Pokémon Diamond, Pearl, Platinum",Bibarel,"Area 1, 2, 3, 4, 5, 6",,,
004,"Pokémon Diamond, Pearl, Platinum",Budew,"Area 1, 2, 3, 4, 5, 6 diamond pealr dawn day",,,
004,"Pokémon Diamond, Pearl, Platinum",Skorupi,Binoculars,,,
004,"Pokémon Diamond, Pearl, Platinum",Drapion,Binoculars,,,
004,"Pokémon Diamond, Pearl, Platinum",Croagunk,Binoculars,,,
004,"Pokémon Diamond, Pearl, Platinum",Toxicroak,Binoculars,,,
004,"Pokémon Diamond, Pearl, Platinum",Carnivine,Binoculars,,,
004,"Pokémon HeartGold, SoulSilver",Pidgey,Forest dawn day,,,
004,"Pokémon HeartGold, SoulSilver",Rattata,"Plains dawn day
Mountain",,,
004,"Pokémon HeartGold, SoulSilver",Raticate,"Plains night
Meadow – Plains 5
Mountain dawn day",,,
004,"Pokémon HeartGold, SoulSilver",Spearow,Wetland dawn day,,,
004,"Pokémon HeartGold, SoulSilver",Fearow,"Peak – Forest 5
Desert night
Desert – Plains 3
Desert – Peak 6 night
Wasteland night",,,
004,"Pokémon HeartGold, SoulSilver",Ekans,Marshland dawn day,,,
004,"Pokémon HeartGold, SoulSilver",Arbok,Marshland dawn day,,,
004,"Pokémon HeartGold, SoulSilver",Sandshrew,Desert,,,
004,"Pokémon HeartGold, SoulSilver",Sandslash,Desert,,,
004,"Pokémon HeartGold, SoulSilver",Nidoran F,Savannah dawn day,,,
004,"Pokémon HeartGold, SoulSilver",Nidorina,Savannah night,,,
004,"Pokémon HeartGold, SoulSilver",Nidoran M,Savannah dawn day,,,
004,"Pokémon HeartGold, SoulSilver",Nidorino,Savannah night,,,
004,"Pokémon HeartGold, SoulSilver",Clefairy,"Meadow night
Meadow – Peak 5 night",,,
004,"Pokémon HeartGold, SoulSilver",Jigglypuff,"Meadow dawn day 
Swamp dawn day'",,,
004,"Pokémon HeartGold, SoulSilver",Zubat,"Mountain night
Rocky Beach night
Savannah night",,,
004,"Pokémon HeartGold, SoulSilver",Golbat,"Mountain night
Savannah night",,,
004,"Pokémon HeartGold, SoulSilver",Oddish,Marshland night,,,
004,"Pokémon HeartGold, SoulSilver",Gloom,"Marshland night
Marshland – Plains 2",,,
004,"Pokémon HeartGold, SoulSilver",Paras,"Peak – Forest 3
Swamp day dawn",,,
004,"Pokémon HeartGold, SoulSilver",Parasect,Swamp – Plains 3,,,
004,"Pokémon HeartGold, SoulSilver",Diglett,Marshland – Peak 5,,,
004,"Pokémon HeartGold, SoulSilver",Psyduck,"Wetland night
Wetland surfing",,,
004,"Pokémon HeartGold, SoulSilver",Golduck,"Wasteland – Waterside 3
Wetland night
Wetland – Peak 5
Wetland – Waterside 4 surfing
Wetland – Waterside 6 surfing",,,
004,"Pokémon HeartGold, SoulSilver",Poliwag,"Meadow fishing
Marshland surfing fishing
Marshland – Waterside 2 fishing
Marshland – Waterside 3 fishing
Rocky Beach surfing
Wetland surfing fishing",,,
004,"Pokémon HeartGold, SoulSilver",Poliwhirl,"Meadow fishing
Meadow – Waterside 2 fishing
Meadow – Waterside 3 fishing
Meadow – Waterside 5 fishing
Marshland fishing
Rocky Beach surfing
Wetland fishing
Wetland – Waterside 2 fishing
Wetland – Waterside 6 fishing",,,
004,"Pokémon HeartGold, SoulSilver",Abra,Plains,,,
004,"Pokémon HeartGold, SoulSilver",Machop,Wasteland dawn day,,,
004,"Pokémon HeartGold, SoulSilver",Machoke,"Wasteland dawn
Wasteland – Peak 5",,,
004,"Pokémon HeartGold, SoulSilver",Bellsprout,"Forest
Wasteland – Forest 3",,,
004,"Pokémon HeartGold, SoulSilver",Weepinbell,Swamp – Forest 8,,,
004,"Pokémon HeartGold, SoulSilver",Geodude,"Peak
Meadow – Peak 3 dawn day",,,
004,"Pokémon HeartGold, SoulSilver",Graveler,Peak dawn day,,,
004,"Pokémon HeartGold, SoulSilver",Ponyta,Plains – Peak 5,,,
004,"Pokémon HeartGold, SoulSilver",Slowpoke,Rocky Beach,,,
004,"Pokémon HeartGold, SoulSilver",Slowbro,"Rocky Beach
Rocky Beach – Peak 3
Rocky Beach – Waterside 5",,,
004,"Pokémon HeartGold, SoulSilver",Magnemite,"Peak
Wasteland",,,
004,"Pokémon HeartGold, SoulSilver",Magneton,"Peak
Mountain
Mountain – Plains 3",,,
004,"Pokémon HeartGold, SoulSilver",Farfetch’d,"Wetland dawn day
Wetland – Forest 3",,,
004,"Pokémon HeartGold, SoulSilver",Doduo,"Rocky Beach dawn day
Wetland – Peak 4",,,
004,"Pokémon HeartGold, SoulSilver",Dodrio,Rocky Beach – Plains 10,,,
004,"Pokémon HeartGold, SoulSilver",Grimer,"Marshland dawn day
Marshland – Surfing",,,
004,"Pokémon HeartGold, SoulSilver",Muk,"Marshland – Waterside 8
Marshland – Waterside 16 surfing",,,
004,"Pokémon HeartGold, SoulSilver",Gasly,Forest night,,,
004,"Pokémon HeartGold, SoulSilver",Haunter,Forest night,,,
004,"Pokémon HeartGold, SoulSilver",Onix,Wasteland,,,
004,"Pokémon HeartGold, SoulSilver",Drowzee,Swamp night,,,
004,"Pokémon HeartGold, SoulSilver",Hypno,"Swamp night
Swamp – Forest 5 night",,,
004,"Pokémon HeartGold, SoulSilver",Krabby,"Mountain – Waterside 3
Rocky Beach encounters fishing
Rocky Beach – Waterside 2 fishing
Rocky Beach – Waterside 3 fishing",,,
004,"Pokémon HeartGold, SoulSilver",Kingler,"Rocky Beach fishing
Wasteland – Waterside 10",,,
004,"Pokémon HeartGold, SoulSilver",Voltorb,Swamp – Peak 10,,,
004,"Pokémon HeartGold, SoulSilver",Cubone,Desert dawn day,,,
004,"Pokémon HeartGold, SoulSilver",Marowak,"Desert dawn day
Desert – Peak 6 dawn day",,,
004,"Pokémon HeartGold, SoulSilver",Lickitung,"Forest – Waterside 3
Mountain dawn day",,,
004,"Pokémon HeartGold, SoulSilver",Koffing,Marshland,,,
004,"Pokémon HeartGold, SoulSilver",Weezing,Marshland dawn day,,,
004,"Pokémon HeartGold, SoulSilver",Rhyhorn,"Savannah dawn day
Savannah – Peak 5",,,
004,"Pokémon HeartGold, SoulSilver",Rhydon,Savannah – Peak 10,,,
004,"Pokémon HeartGold, SoulSilver",Chansey,Meadow – Plains 12,,,
004,"Pokémon HeartGold, SoulSilver",Kangaskhan,Wasteland dawn day,,,
004,"Pokémon HeartGold, SoulSilver",Goldeen,"Swamp surfing
Swamp fishing
Swamp – Waterside 2 fishing
Rocky Beach fishing",,,
004,"Pokémon HeartGold, SoulSilver",Seaking,"Swamp fishing
Swamp – Waterside 3 fishing
Swamp – Waterside 6 fishing
Swamp – Waterside 4 surfing
Rocky Beach fishing",,,
004,"Pokémon HeartGold, SoulSilver",Mr. Mime,"Forest dawn day
Forest – Plains 3",,,
004,"Pokémon HeartGold, SoulSilver",Electabuzz,Forest – Plains 3,,,
004,"Pokémon HeartGold, SoulSilver",Magmar,"Peak
Peak – Peak 10 dawn day",,,
004,"Pokémon HeartGold, SoulSilver",Tauros,"Savannah dawn day
Savannah – Plains 5",,,
004,"Pokémon HeartGold, SoulSilver",Magikarp,"Swamp surfing fishing
Meadow surfing fishing
Marshland surfing fishing
Rocky Beach surfing fishing
Wetland fishing",,,
004,"Pokémon HeartGold, SoulSilver",Gyarados,"Meadow – Waterside 7 fishing
Meadow – Waterside 10 fishing
Meadow – Waterside 14 fishing
Marshland fishing
Marshland – Waterside 3 fishing
Marshland – Waterside 4 fishing
Wetland – Waterside 6 fishing
Wetland – Waterside 9 fishing",,,
004,"Pokémon HeartGold, SoulSilver",Lapras,"Rocky Beach surfing
Rocky Beach – Waterside 10 surfing
Rocky Beach – Waterside 14 surfing
Rocky Beach – Waterside 18 surfing",,,
004,"Pokémon HeartGold, SoulSilver",Ditto,"Wetland dawn day
Wetland – Waterside 15",,,
004,"Pokémon HeartGold, SoulSilver",Dratini,"Swamp surfing
Swamp – Waterside 10 surfing",,,
004,"Pokémon HeartGold, SoulSilver",Dragonair,"Swamp – Waterside 15 surfing
Swamp – Waterside 20 surfing",,,
004,"Pokémon HeartGold, SoulSilver",Sentret,"Swamp
Wetland dawn day",,,
004,"Pokémon HeartGold, SoulSilver",Furret,"Swamp – Plains 5
Wetland – Plains 2",,,
004,"Pokémon HeartGold, SoulSilver",Mareep,Rocky Beach – Forest 5,,,
004,"Pokémon HeartGold, SoulSilver",Marill,"Meadow night
Meadow surfing",,,
004,"Pokémon HeartGold, SoulSilver",Hoppip,Meadow dawn day,,,
004,"Pokémon HeartGold, SoulSilver",Skiploom,"Meadow dawn day
Meadow – Forest 8
Meadow – Waterside 3 surfing",,,
004,"Pokémon HeartGold, SoulSilver",Jumpluff,"Marshland – Plans 5
Marshland – Waterside 10 surfing",,,
004,"Pokémon HeartGold, SoulSilver",Sunkern,Meadow day,,,
004,"Pokémon HeartGold, SoulSilver",Wooper,"Meadow night
Meadow surfing
Meadow – Waterside 3
Marshland night
Marshland surfing
Wetland night
Wetland surfing",,,
004,"Pokémon HeartGold, SoulSilver",Quagsire,"Marshland – Waterside 13 surfing
Wetland night
Wetland surfing
Wetland – Waterside 3 surfing",,,
004,"Pokémon HeartGold, SoulSilver",Murkrow,"Swamp
Swamp – Waterside 10 surfing
Swamp – Forest 5 dawn day",,,
004,"Pokémon HeartGold, SoulSilver",Misdreavus,"Forest
Forest – Forest 4",,,
004,"Pokémon HeartGold, SoulSilver",Wobbuffet,"Peak
Peak – Peak 10 night",,,
004,"Pokémon HeartGold, SoulSilver",Girafarig,"Plains
Plains – Plains 3 dawn day",,,
004,"Pokémon HeartGold, SoulSilver",Shuckle,Marshland – Peak 8,,,
004,"Pokémon HeartGold, SoulSilver",Houndour,Savannah – Forest 4,,,
004,"Pokémon HeartGold, SoulSilver",Houndoom,Plains – Peak 10,,,
004,"Pokémon HeartGold, SoulSilver",Stantler,"Plains night
Plains – Plains 3 night
Plains – Forest 3 night",,,
004,"Pokémon HeartGold, SoulSilver",Smeargle,"Plains dawn day
Plains – Forest 3 dawn day",,,
004,"Pokémon HeartGold, SoulSilver",Larvitar,"Mountain dawn day
Mountain – Peak 5",,,
004,"Pokémon HeartGold, SoulSilver",Zigzagoon,"Plains – Forest 15
Savannah – Plains 10",,,
004,"Pokémon HeartGold, SoulSilver",Linoone,Peak – Plains 5,,,
004,"Pokémon HeartGold, SoulSilver",Lotad,"Desert – Waterside 8
Plains – Waterside 12",,,
004,"Pokémon HeartGold, SoulSilver",Lombre,Wetland – Plains 14,,,
004,"Pokémon HeartGold, SoulSilver",Seedot,Meadow – Plains 35,,,
004,"Pokémon HeartGold, SoulSilver",Nuzleaf,"Meadow – Forest 28
Meadow – Forest 35",,,
004,"Pokémon HeartGold, SoulSilver",Surskit,"Plains – Waterside 28
Forest – Waterside 24
Wetland – Plains 6",,,
004,"Pokémon HeartGold, SoulSilver",Masquerain,"Meadow – Waterside 10 surfing
Meadow – Waterside 14 surfing",,,
004,"Pokémon HeartGold, SoulSilver",Shroomish,"Savannah – Forest 35, Plains 12",,,
004,"Pokémon HeartGold, SoulSilver",Breloom,Wasteland – Forest 42,,,
004,"Pokémon HeartGold, SoulSilver",Vigoroth,Peak – Forest 56 Plains 28,,,
004,"Pokémon HeartGold, SoulSilver",Azurill,Savannah – Waterside 5,,,
004,"Pokémon HeartGold, SoulSilver",Nosepass,Meadow – Peak 35,,,
004,"Pokémon HeartGold, SoulSilver",Aron,Rocky Beach – Peak 24,,,
004,"Pokémon HeartGold, SoulSilver",Lairon,Peak – Peak 24,,,
004,"Pokémon HeartGold, SoulSilver",Meditite,Mountain – Forest 20,,,
004,"Pokémon HeartGold, SoulSilver",Medicham,Wasteland – Forest 35,,,
004,"Pokémon HeartGold, SoulSilver",Electrike,Rocky Beach – Plains 10,,,
004,"Pokémon HeartGold, SoulSilver",Manetric,"Plains – Plains 15
Rocky Beach – Forest 10
Wasteland – Plains 3",,,
004,"Pokémon HeartGold, SoulSilver",Volbeat,Mountain – Plains 10,,,
004,"Pokémon HeartGold, SoulSilver",Illumise,Wasteland – Plains 10,,,
004,"Pokémon HeartGold, SoulSilver",Roselia,Marshland – Forest 49,,,
004,"Pokémon HeartGold, SoulSilver",Torkoal,Savannah – Peak 35,,,
004,"Pokémon HeartGold, SoulSilver",Spinda,Desert – Plain 14,,,
004,"Pokémon HeartGold, SoulSilver",Trapinch,Desert – Peak 49,,,
004,"Pokémon HeartGold, SoulSilver",Vibrava,Desert – Forest 49,,,
004,"Pokémon HeartGold, SoulSilver",Cacnea,Desert – Forest 35,,,
004,"Pokémon HeartGold, SoulSilver",Cacturne,"Desert – Waterside 42
Savannah – Forest 35",,,
004,"Pokémon HeartGold, SoulSilver",Zangoose,"Peak – Plains 12
Plains – Peak 15",,,
004,"Pokémon HeartGold, SoulSilver",Seviper,Marshland – Plains 45,,,
004,"Pokémon HeartGold, SoulSilver",Lunatone,Mountain – Peak 15,,,
004,"Pokémon HeartGold, SoulSilver",Solrock,Wasteland – Peak 42,,,
004,"Pokémon HeartGold, SoulSilver",Barboach,"Marshland – Waterside 4 fishing
Marshland – Waterside 5 fishing",,,
004,"Pokémon HeartGold, SoulSilver",Corpish,"Rocky Beach – Waterside 15 fishing
Rocky Beach – Waterside 20 fishing
Wetland – Waterside 10 fishing
Wetland – Waterside 14fishing",,,
004,"Pokémon HeartGold, SoulSilver",Shuppet,Forest – Forest 35,,,
004,"Pokémon HeartGold, SoulSilver",Banette,Marshland – Peak 49,,,
004,"Pokémon HeartGold, SoulSilver",Duskull,"Swamp – Peak 28
Swamp – Waterside 35 surfing",,,
004,"Pokémon HeartGold, SoulSilver",Dusclops,Mountain – Forest 35,,,
004,"Pokémon HeartGold, SoulSilver",Chimecho,Swamp – Forest 15,,,
004,"Pokémon HeartGold, SoulSilver",Spheal,Peak – Waterside 35,,,
004,"Pokémon HeartGold, SoulSilver",Sealeo,"Mountain – Waterside 49, Peak 21",,,
004,"Pokémon HeartGold, SoulSilver",Bagon,"Swamp – Peak 56, Forest 35",,,
004,"Pokémon HeartGold, SoulSilver",Shelgon,Wetland – Peak 63,,,
004,"Pokémon HeartGold, SoulSilver",Beldum,Forest – Peak 63,,,
004,"Pokémon HeartGold, SoulSilver",Metang,Mountain – Peak 56,,,
004,"Pokémon HeartGold, SoulSilver",Bidoof,Forest – Waterside 10,,,
004,"Pokémon HeartGold, SoulSilver",Shinx,Plains – Plains 10,,,
004,"Pokémon HeartGold, SoulSilver",Luxio,Savannah – Plains 24,,,
004,"Pokémon HeartGold, SoulSilver",Budew,"Forest – Plains 24
Rocky Beach – Forest 18",,,
004,"Pokémon HeartGold, SoulSilver",Pachirisu,"Swamp – Plains 10
Wetland – Forest 8",,,
004,"Pokémon HeartGold, SoulSilver",Buizel,Wetland – Waterside 35,,,
004,"Pokémon HeartGold, SoulSilver",Floatzel,Swamp – Waterside 10,,,
004,"Pokémon HeartGold, SoulSilver",Chingling,Mountain – Forest 10,,,
004,"Pokémon HeartGold, SoulSilver",Bronzor,"Peak – Peak 35, Forest 14",,,
004,"Pokémon HeartGold, SoulSilver",Bronzong,"Forest – Peak 56, Forest 35",,,
004,"Pokémon HeartGold, SoulSilver",Gible,"Rocky Beach – Plains 49, Peak 49",,,
004,"Pokémon HeartGold, SoulSilver",Riolu,"Meadow – Peak 42, Forest 28",,,
004,"Pokémon HeartGold, SoulSilver",Hippopotas,Desert – Peak 28,,,
004,"Pokémon HeartGold, SoulSilver",Skorupi,Wasteland – Peak 28,,,
004,"Pokémon HeartGold, SoulSilver",Croagunk,Marshland – Forest 42,,,
004,"Pokémon HeartGold, SoulSilver",Carnivine,"Desert – Plains 49
Marshland – Forest 35",,,
004,"Pokémon Omega Ruby, Alpha Sapphire",Kakuna,"Area 1, 2, 3, 4 – Hidden",,,
004,"Pokémon Omega Ruby, Alpha Sapphire",Pidgeotto,"Area 1, 2, 3, 4 – Hidden",,,
004,"Pokémon Omega Ruby, Alpha Sapphire",Pikachu,Area 1 encounters,,,
004,"Pokémon Omega Ruby, Alpha Sapphire",Oddish,"Area 1, 2, 3, 4 – Horde",,,
004,"Pokémon Omega Ruby, Alpha Sapphire",Gloom,"Area 1, 2, 3, 4 encounters tallgrass",,,
004,"Pokémon Omega Ruby, Alpha Sapphire",Psyduck,"Area 1, 2, 3, 4 encounters tallgrass surfing Horde",,,
004,"Pokémon Omega Ruby, Alpha Sapphire",Doduo,"Area 1, 2, 3, 4 encounters tallgrass surfing Horde",,,
004,"Pokémon Omega Ruby, Alpha Sapphire",Goldeen,"Area 1, 2, 3, 4 fishing",,,
004,"Pokémon Omega Ruby, Alpha Sapphire",Seaking,"Area 1, 2, 3, 4 fishing",,,
004,"Pokémon Omega Ruby, Alpha Sapphire",Pinsir,Area 4 encounter,,,
004,"Pokémon Omega Ruby, Alpha Sapphire",Rhyhorn,Area 3 encounter,,,
004,"Pokémon Omega Ruby, Alpha Sapphire",Magikarp,"Area 1, 2, 3, 4 fishing",,,
004,"Pokémon Omega Ruby, Alpha Sapphire",Heracross,Area 3 tallgrass,,,
004,"Pokémon Omega Ruby, Alpha Sapphire",Girafarig,Area 1 tallgrass,,,
004,"Pokémon Omega Ruby, Alpha Sapphire",Xatu,Area 2 encounter,,,
004,"Pokémon Omega Ruby, Alpha Sapphire",Wobbuffet,Area 2 tallgrass,,,
004,"Pokémon Omega Ruby, Alpha Sapphire",Donphan,Area 4 encounter,,,
004,"Pokémon Omega Ruby, Alpha Sapphire",Buneary,"Area 1, 2, 3, 4 – Hidden",,,
004,"Pokémon Brilliant Diamond, Shining Pearl",Paras,Changing Pokémon,,,
004,"Pokémon Brilliant Diamond, Shining Pearl",Psyduck,"Area 1, 2, 3, 4, 5, 6 encounter surfing",,,
004,"Pokémon Brilliant Diamond, Shining Pearl",Golduck,Changing Pokémon,,,
004,"Pokémon Brilliant Diamond, Shining Pearl",Exeggcute,Changing Pokémon,,,
004,"Pokémon Brilliant Diamond, Shining Pearl",Kangaskhan,Changing Pokémon,,,
004,"Pokémon Brilliant Diamond, Shining Pearl",Magikarp,All Areas fishing,,,
004,"Pokémon Brilliant Diamond, Shining Pearl",Gyarados,All Areas fishing,,,
004,"Pokémon Brilliant Diamond, Shining Pearl",Hoothoot,"Area 1, 2, 3, 4, 6 night",,,
004,"Pokémon Brilliant Diamond, Shining Pearl",Noctowl,"Area 1, 2 night",,,
004,"Pokémon Brilliant Diamond, Shining Pearl",Marill,"Area 1, 2, 3, 4, 5, 6 encounter surfing",,,
004,"Pokémon Brilliant Diamond, Shining Pearl",Yanma,Changing Pokémon,,,
004,"Pokémon Brilliant Diamond, Shining Pearl",Wooper,"Area 1, 2, 3, 4, 5, 6 encounter surfing",,,
004,"Pokémon Brilliant Diamond, Shining Pearl",Quagsire,"Area 1, 2, 3, 4, 5, 6 encounter surfing",,,
004,"Pokémon Brilliant Diamond, Shining Pearl",Shroomish,Changing Pokémon,,,
004,"Pokémon Brilliant Diamond, Shining Pearl",Azurill,"Area 1, 2, 3, 4, 5, 6",,,
004,"Pokémon Brilliant Diamond, Shining Pearl",Roselia,Changing Pokémon,,,
004,"Pokémon Brilliant Diamond, Shining Pearl",Gulpin,Changing Pokémon,,,
004,"Pokémon Brilliant Diamond, Shining Pearl",Carvanha,All Areas fishing,,,
004,"Pokémon Brilliant Diamond, Shining Pearl",Barboach,All Areas fishing,,,
004,"Pokémon Brilliant Diamond, Shining Pearl",Whiscash,All Areas fishing,,,
004,"Pokémon Brilliant Diamond, Shining Pearl",Starly,"Area 1, 2, 3, 4, 5, 6 dawn day",,,
004,"Pokémon Brilliant Diamond, Shining Pearl",Staravia,Changing Pokémon,,,
004,"Pokémon Brilliant Diamond, Shining Pearl",Bidoof,"Area 1, 2, 3, 4, 5, 6",,,
004,"Pokémon Brilliant Diamond, Shining Pearl",Bibarel,"Area 1, 2, 3, 4, 5, 6",,,
004,"Pokémon Brilliant Diamond, Shining Pearl",Budew,"Area 1, 2, 3, 4, 5, 6 dawn day",,,
004,"Pokémon Brilliant Diamond, Shining Pearl",Skorupi,Changing Pokémon,,,
004,"Pokémon Brilliant Diamond, Shining Pearl",Drapion,Changing Pokémon,,,
004,"Pokémon Brilliant Diamond, Shining Pearl",Croagunk,Changing Pokémon,,,
004,"Pokémon Brilliant Diamond, Shining Pearl",Toxicroak,Changing Pokémon,,,
004,"Pokémon Brilliant Diamond, Shining Pearl",Carnivine,Changing Pokémon,,,
005,,Aipom,,,,
005,,Heracross,,,,
005,,Wurmple,,,,
005,,Silcoon diamond brilliantdiamond,,,,
005,,Cascoon pearl shiningpearl,,,,
005,,Burmy,,,,
005,,Combee,,,,
005,,Cheruby,,,,
005,,Munchlax,,,,
006,,"Gold, Silver, Crystal","Chikorita,Cyndaquil,Totodile",,,
006,,"Ruby, Sapphire, Emerald","Treecko,Torchic,Mudkip",,,
006,,"FireRed, LeafGreen","Bulbasaur,Charmander,Squirtle",,,
006,,"Diamond, Pearl, Platinum","Turtwig,Chimchar,Piplup",,,
006,,"HeartGold, SoulSilver","Chikorita,Cyndaquil,Totodile",,,
006,,"Black, White","Snivy,Tepig,Oshawott",,,
006,,"Black2, White2","Snivy,Tepig,Oshawott",,,
006,,"X, Y","Chespin,Fennekin,Froakie",,,
006,,"Omega Ruby, Alpha Sapphire","Treecko,Torchic,Mudkip",,,
006,,"Sun, Moon","Rowlet,Litten,Popplio",,,
006,,"UltraSun, UltraMoon","Rowlet,Litten,Popplio",,,
006,,"Sword, Shield","Grookey,Scorbunny,Sobble",,,
006,,"Brilliant Diamond, Shining Pearl","Turtwig,Chimchar,Piplup",,,
006,,Legends: Arceus,"Rowlet,Cyndaquil,Oshawott",,,
006,,"Scarlet, Violet","Sprigatito,Fuecoco,Quaxly",,,
006,,Legends: Z-A,"Chikorita,Tepig,Totodile",,,
007,,Omanyte,Helix Fossil,,,
007,,Kabuto,Dome Fossil,,,
007,,Aerodactyl,Old Amber,,,
007,,Lileep,Root Fossil,,,
007,,Anorith,Claw Fossil,,,
007,,Cranidos,Skull Fossil,,,
007,,Shieldon,Armor Fossil,,,
007,,Tirtouga,Cover Fossil,,,
007,,Archen,Plume Fossil,,,
007,,Tyrunt,Jaw Fossil,,,
007,,Amaura,Sail Fossil,,,
007,,Dracozolt,Fossilized Bird + Drake,,,
007,,Dracovish,Fossilized Fish + Drake,,,
007,,Arctozolt,Fossilized Bird + Dino,,,
007,,Arctovish,Fossilized Fish + Dino,,,
008,,Bulbasaur,Chlorophyll,,,
008,,Ivysaur,Chlorophyll,,,
008,,Venusaur,Chlorophyll,,,
008,,Charmander,Solar Power,,,
008,,Charmeleon,Solar Power,,,
008,,Charizard,Solar Power,,,
008,,Squirtle,Rain Dish,,,
008,,Wartortle,Rain Dish,,,
008,,Blastoise,Rain Dish,,,
008,,Caterpie,Run Away,,,
008,,Butterfree,Tinted Lens,,,
008,,Weedle,Run Away,,,
008,,Beedrill,Sniper,,,
008,,Pidgey,Big Pecks,,,
008,,Pidgeotto,Big Pecks,,,
008,,Pidgeot,Big Pecks,,,
008,,Rattata,Hustle,,,
008,,Rattata – Alolan Form,Thick Fat,,,
008,,Raticate,Hustle,,,
008,,Raticate – Alolan Form,Thick Fat,,,
008,,Spearow,Sniper,,,
008,,Fearow,Sniper,,,
008,,Ekans,Unnerve,,,
008,,Arbok,Unnerve,,,
008,,Pichu,Lightning Rod,,,
008,,Pikachu,Lightning Rod,,,
008,,Raichu,Lightning Rod,,,
008,,Sandshrew,Sand Rush,,,
008,,Sandshrew – Alolan Form,Slush Rush,,,
008,,Sandslash,Sand Rush,,,
008,,Sandslash – Alolan Form,Slush Rush,,,
008,,Nidoran,Hustle,,,
008,,Nidorina,Hustle,,,
008,,Nidoqueen,Sheer Force,,,
008,,Nidoran,Hustle,,,
008,,Nidorino,Hustle,,,
008,,Nidoking,Sheer Force,,,
008,,Cleffa,Friend Guard,,,
008,,Clefairy,Friend Guard,,,
008,,Clefable,Unaware,,,
008,,Vulpix,Drought,,,
008,,Vulpix – Alolan Form,Snow Warning,,,
008,,Ninetales,Drought,,,
008,,Ninetales – Alolan Form,Snow Warning,,,
008,,Igglybuff,Friend Guard,,,
008,,Jigglypuff,Friend Guard,,,
008,,Wigglytuff,Frisk,,,
008,,Zubat,Infiltrator,,,
008,,Golbat,Infiltrator,,,
008,,Crobat,Infiltrator,,,
008,,Oddish,Run Away,,,
008,,Gloom,Stench,,,
008,,Vileplume,Effect Spore,,,
008,,Bellossom,Healer,,,
008,,Paras,Damp,,,
008,,Parasect,Damp,,,
008,,Venonat,Run Away,,,
008,,Venomoth,Wonder Skin,,,
008,,Diglett,Sand Force,,,
008,,Diglett – Alolan Form,Sand Force,,,
008,,Dugtrio,Sand Force,,,
008,,Dugtrio – Alolan Form,Sand Force,,,
008,,Meowth,Unnerve,,,
008,,Meowth – Alolan Form,Rattled,,,
008,,Meowth – Galarian Form,Unnerve,,,
008,,Persian,Unnerve,,,
008,,Persian – Alolan Form,Rattled,,,
008,,Perrserker,Steely Spirit,,,
008,,Psyduck,Swift Swim,,,
008,,Golduck,Swift Swim,,,
008,,Mankey,Defiant,,,
008,,Primeape,Defiant,,,
008,,Annihilape,Defiant,,,
008,,Growlithe,Justified,,,
008,,Growlithe – Hisuian Form,Rock Head,,,
008,,Arcanine,Justified,,,
008,,Arcanine – Hisuian Form,Rock Head,,,
008,,Poliwag,Swift Swim,,,
008,,Poliwhirl,Swift Swim,,,
008,,Poliwrath,Swift Swim,,,
008,,Politoed,Drizzle,,,
008,,Abra,Magic Guard,,,
008,,Kadabra,Magic Guard,,,
008,,Alakazam,Magic Guard,,,
008,,Machop,Steadfast,,,
008,,Machoke,Steadfast,,,
008,,Machamp,Steadfast,,,
008,,Bellsprout,Gluttony,,,
008,,Weepinbell,Gluttony,,,
008,,Victreebel,Gluttony,,,
008,,Tentacool,Rain Dish,,,
008,,Tentacruel,Rain Dish,,,
008,,Geodude,Sand Veil,,,
008,,Geodude – Alolan Form,Galvanize,,,
008,,Graveler,Sand Veil,,,
008,,Graveler – Alolan Form,Galvanize,,,
008,,Golem,Sand Veil,,,
008,,Golem – Alolan Form,Galvanize,,,
008,,Ponyta,Flame Body,,,
008,,Ponyta – Galarian Form,Anticipation,,,
008,,Rapidash,Flame Body,,,
008,,Rapidash – Galarian Form,Anticipation,,,
008,,Slowpoke,Regenerator,,,
008,,Slowpoke – Galarian Form,Regenerator,,,
008,,Slowbro,Regenerator,,,
008,,Slowbro – Galarian Form,Regenerator,,,
008,,Slowking,Regenerator,,,
008,,Slowking – Galarian Form,Regenerator,,,
008,,Magnemite,Analytic,,,
008,,Magneton,Analytic,,,
008,,Magnezone,Analytic,,,
008,,Farfetch’d,Defiant,,,
008,,Farfetch’d – Galarian Form,Scrappy,,,
008,,Sirfetch’d,Scrappy,,,
008,,Doduo,Tangled Feet,,,
008,,Dodrio,Tangled Feet,,,
008,,Seel,Ice Body,,,
008,,Dewgong,Ice Body,,,
008,,Grimer,Poison Touch,,,
008,,Grimer – Alolan Form,Power of Alchemy,,,
008,,Muk,Poison Touch,,,
008,,Muk – Alolan Form,Power of Alchemy,,,
008,,Shellder,Overcoat,,,
008,,Cloyster,Overcoat,,,
008,,Onix,Weak Armor,,,
008,,Steelix,Sheer Force,,,
008,,Drowzee,Inner Focus,,,
008,,Hypno,Inner Focus,,,
008,,Krabby,Sheer Force,,,
008,,Kingler,Sheer Force,,,
008,,Voltorb,Aftermath,,,
008,,Voltorb – Hisuian Form,Aftermath,,,
008,,Electrode,Aftermath,,,
008,,Electrode – Hisuian Form,Aftermath,,,
008,,Exeggcute,Harvest,,,
008,,Exeggutor,Harvest,,,
008,,Exeggutor – Alolan Form,Harvest,,,
008,,Cubone,Battle Armor,,,
008,,Marowak,Battle Armor,,,
008,,Marowak – Alolan Form,Rock Head,,,
008,,Tyrogue,Vital Spirit,,,
008,,Hitmonlee,Unburden,,,
008,,Hitmonchan,Inner Focus,,,
008,,Hitmontop,Steadfast,,,
008,,Lickitung,Cloud Nine,,,
008,,Lickilicky,Cloud Nine,,,
008,,Koffing,Stench,,,
008,,Weezing,Stench,,,
008,,Weezing – Galarian Form,Misty Surge,,,
008,,Rhyhorn,Reckless,,,
008,,Rhydon,Reckless,,,
008,,Rhyperior,Reckless,,,
008,,Happiny,Friend Guard,,,
008,,Chansey,Healer,,,
008,,Blissey,Healer,,,
008,,Tangela,Regenerator,,,
008,,Tangrowth,Regenerator,,,
008,,Kangaskhan,Inner Focus,,,
008,,Horsea,Damp,,,
008,,Seadra,Damp,,,
008,,Kingdra,Damp,,,
008,,Goldeen,Lightning Rod,,,
008,,Seaking,Lightning Rod,,,
008,,Staryu,Analytic,,,
008,,Starmie,Analytic,,,
008,,Mime Jr.,Technician,,,
008,,Mr. Mime,Technician,,,
008,,Mr. Mime – Galarian Form,Ice Body,,,
008,,Mr. Rime,Ice Body,,,
008,,Scyther,Steadfast,,,
008,,Scizor,Light Metal,,,
008,,Kleavor,Sharpness,,,
008,,Smoochum,Hydration,,,
008,,Jynx,Dry Skin,,,
008,,Elekid,Vital Spirit,,,
008,,Electabuzz,Vital Spirit,,,
008,,Electivire,Vital Spirit,,,
008,,Magby,Vital Spirit,,,
008,,Magmar,Vital Spirit,,,
008,,Magmortar,Vital Spirit,,,
008,,Pinsir,Moxie,,,
008,,Tauros,Sheer Force,,,
008,,Tauros – Paldean Form,Cud Chew,,,
008,,Magikarp,Rattled,,,
008,,Gyarados,Moxie,,,
008,,Lapras,Hydration,,,
008,,Ditto,Imposter,,,
008,,Eevee,Anticipation,,,
008,,Vaporeon,Hydration,,,
008,,Jolteon,Quick Feet,,,
008,,Flareon,Guts,,,
008,,Espeon,Magic Bounce,,,
008,,Umbreon,Inner Focus,,,
008,,Leafeon,Chlorophyll,,,
008,,Glaceon,Ice Body,,,
008,,Sylveon,Pixilate,,,
008,,Porygon,Analytic,,,
008,,Porygon2,Analytic,,,
008,,Porygon‑Z,Analytic,,,
008,,Omanyte,Weak Armor,,,
008,,Omastar,Weak Armor,,,
008,,Kabuto,Weak Armor,,,
008,,Kabutops,Weak Armor,,,
008,,Aerodactyl,Unnerve,,,
008,,Munchlax,Gluttony,,,
008,,Snorlax,Gluttony,,,
008,,Articuno,Snow Cloak,,,
008,,Zapdos,Static,,,
008,,Moltres,Flame Body,,,
008,,Dratini,Marvel Scale,,,
008,,Dragonair,Marvel Scale,,,
008,,Dragonite,Multiscale,,,
008,,Mewtwo,Unnerve,,,
008,,Chikorita,Leaf Guard,,,
008,,Bayleef,Leaf Guard,,,
008,,Meganium,Leaf Guard,,,
008,,Cyndaquil,Flash Fire,,,
008,,Quilava,Flash Fire,,,
008,,Typhlosion,Flash Fire,,,
008,,Typhlosion – Hisuian Form,Frisk,,,
008,,Totodile,Sheer Force,,,
008,,Croconaw,Sheer Force,,,
008,,Feraligatr,Sheer Force,,,
008,,Sentret,Frisk,,,
008,,Furret,Frisk,,,
008,,Hoothoot,Tinted Lens,,,
008,,Noctowl,Tinted Lens,,,
008,,Ledyba,Rattled,,,
008,,Ledian,Iron Fist,,,
008,,Spinarak,Sniper,,,
008,,Ariados,Sniper,,,
008,,Chinchou,Water Absorb,,,
008,,Lanturn,Water Absorb,,,
008,,Togepi,Super Luck,,,
008,,Togetic,Super Luck,,,
008,,Togekiss,Super Luck,,,
008,,Natu,Magic Bounce,,,
008,,Xatu,Magic Bounce,,,
008,,Mareep,Plus,,,
008,,Flaaffy,Plus,,,
008,,Ampharos,Plus,,,
008,,Azurill,Sap Sipper,,,
008,,Marill,Sap Sipper,,,
008,,Azumarill,Sap Sipper,,,
008,,Bonsly,Rattled,,,
008,,Sudowoodo,Rattled,,,
008,,Hoppip,Infiltrator,,,
008,,Skiploom,Infiltrator,,,
008,,Jumpluff,Infiltrator,,,
008,,Aipom,Skill Link,,,
008,,Ambipom,Skill Link,,,
008,,Sunkern,Early Bird,,,
008,,Sunflora,Early Bird,,,
008,,Yanma,Frisk,,,
008,,Yanmega,Frisk,,,
008,,Wooper,Unaware,,,
008,,Wooper – Paldean Form,Unaware,,,
008,,Quagsire,Unaware,,,
008,,Clodsire,Unaware,,,
008,,Murkrow,Prankster,,,
008,,Honchkrow,Moxie,,,
008,,Wynaut,Telepathy,,,
008,,Wobbuffet,Telepathy,,,
008,,Girafarig,Sap Sipper,,,
008,,Farigiraf,Sap Sipper,,,
008,,Pineco,Overcoat,,,
008,,Forretress,Overcoat,,,
008,,Dunsparce,Rattled,,,
008,,Dudunsparce,Rattled,,,
008,,Gligar,Immunity,,,
008,,Gliscor,Poison Heal,,,
008,,Snubbull,Rattled,,,
008,,Granbull,Rattled,,,
008,,Qwilfish,Intimidate,,,
008,,Qwilfish – Hisuian Form,Intimidate,,,
008,,Overqwil,Intimidate,,,
008,,Shuckle,Contrary,,,
008,,Heracross,Moxie,,,
008,,Sneasel,Pickpocket,,,
008,,Sneasel – Hisuian Form,Pickpocket,,,
008,,Weavile,Pickpocket,,,
008,,Sneasler,Poison Touch,,,
008,,Teddiursa,Honey Gather,,,
008,,Ursaring,Unnerve,,,
008,,Ursaluna,Unnerve,,,
008,,Slugma,Weak Armor,,,
008,,Magcargo,Weak Armor,,,
008,,Swinub,Thick Fat,,,
008,,Piloswine,Thick Fat,,,
008,,Mamoswine,Thick Fat,,,
008,,Corsola,Regenerator,,,
008,,Corsola – Galarian Form,Cursed Body,,,
008,,Cursola,Perish Body,,,
008,,Remoraid,Moody,,,
008,,Octillery,Moody,,,
008,,Delibird,Insomnia,,,
008,,Mantyke,Water Veil,,,
008,,Mantine,Water Veil,,,
008,,Skarmory,Weak Armor,,,
008,,Houndour,Unnerve,,,
008,,Houndoom,Unnerve,,,
008,,Phanpy,Sand Veil,,,
008,,Donphan,Sand Veil,,,
008,,Stantler,Sap Sipper,,,
008,,Wyrdeer,Sap Sipper,,,
008,,Smeargle,Moody,,,
008,,Miltank,Sap Sipper,,,
008,,Raikou,Inner Focus,,,
008,,Entei,Inner Focus,,,
008,,Suicune,Inner Focus,,,
008,,Larvitar,Sand Veil,,,
008,,Tyranitar,Unnerve,,,
008,,Lugia,Multiscale,,,
008,,Ho-Oh,Regenerator,,,
008,,Treecko,Unburden,,,
008,,Grovyle,Unburden,,,
008,,Sceptile,Unburden,,,
008,,Torchic,Speed Boost,,,
008,,Combusken,Speed Boost,,,
008,,Blaziken,Speed Boost,,,
008,,Mudkip,Damp,,,
008,,Marshtomp,Damp,,,
008,,Swampert,Damp,,,
008,,Poochyena,Rattled,,,
008,,Mightyena,Moxie,,,
008,,Zigzagoon,Quick Feet,,,
008,,Zigzagoon – Galarian Form,Quick Feet,,,
008,,Linoone,Quick Feet,,,
008,,Linoone – Galarian Form,Quick Feet,,,
008,,Obstagoon,Defiant,,,
008,,Wurmple,Run Away,,,
008,,Beautifly,Rivalry,,,
008,,Dustox,Compound Eyes,,,
008,,Lotad,Own Tempo,,,
008,,Lombre,Own Tempo,,,
008,,Ludicolo,Own Tempo,,,
008,,Seedot,Pickpocket,,,
008,,Nuzleaf,Pickpocket,,,
008,,Shiftry,Pickpocket,,,
008,,Taillow,Scrappy,,,
008,,Swellow,Scrappy,,,
008,,Wingull,Rain Dish,,,
008,,Pelipper,Rain Dish,,,
008,,Ralts,Telepathy,,,
008,,Kirlia,Telepathy,,,
008,,Gardevoir,Telepathy,,,
008,,Gallade,Justified,,,
008,,Surskit,Rain Dish,,,
008,,Masquerain,Unnerve,,,
008,,Shroomish,Quick Feet,,,
008,,Breloom,Technician,,,
008,,Nincada,Run Away,,,
008,,Ninjask,Infiltrator,,,
008,,Whismur,Rattled,,,
008,,Loudred,Scrappy,,,
008,,Exploud,Scrappy,,,
008,,Makuhita,Sheer Force,,,
008,,Hariyama,Sheer Force,,,
008,,Nosepass,Sand Force,,,
008,,Probopass,Sand Force,,,
008,,Skitty,Wonder Skin,,,
008,,Delcatty,Wonder Skin,,,
008,,Sableye,Prankster,,,
008,,Mawile,Sheer Force,,,
008,,Aron,Heavy Metal,,,
008,,Lairon,Heavy Metal,,,
008,,Aggron,Heavy Metal,,,
008,,Meditite,Telepathy,,,
008,,Medicham,Telepathy,,,
008,,Electrike,Minus,,,
008,,Manectric,Minus,,,
008,,Plusle,Lightning Rod,,,
008,,Minun,Volt Absorb,,,
008,,Volbeat,Prankster,,,
008,,Illumise,Prankster,,,
008,,Budew,Leaf Guard,,,
008,,Roselia,Leaf Guard,,,
008,,Roserade,Technician,,,
008,,Gulpin,Gluttony,,,
008,,Swalot,Gluttony,,,
008,,Carvanha,Speed Boost,,,
008,,Sharpedo,Speed Boost,,,
008,,Wailmer,Pressure,,,
008,,Wailord,Pressure,,,
008,,Numel,Own Tempo,,,
008,,Camerupt,Anger Point,,,
008,,Torkoal,Shell Armor,,,
008,,Spoink,Gluttony,,,
008,,Grumpig,Gluttony,,,
008,,Spinda,Contrary,,,
008,,Trapinch,Sheer Force,,,
008,,Cacnea,Water Absorb,,,
008,,Cacturne,Water Absorb,,,
008,,Swablu,Cloud Nine,,,
008,,Altaria,Cloud Nine,,,
008,,Zangoose,Toxic Boost,,,
008,,Seviper,Infiltrator,,,
008,,Barboach,Hydration,,,
008,,Whiscash,Hydration,,,
008,,Corphish,Adaptability,,,
008,,Crawdaunt,Adaptability,,,
008,,Lileep,Storm Drain,,,
008,,Cradily,Storm Drain,,,
008,,Anorith,Swift Swim,,,
008,,Armaldo,Swift Swim,,,
008,,Feebas,Adaptability,,,
008,,Milotic,Cute Charm,,,
008,,Kecleon,Protean,,,
008,,Shuppet,Cursed Body,,,
008,,Banette,Cursed Body,,,
008,,Duskull,Frisk,,,
008,,Dusclops,Frisk,,,
008,,Dusknoir,Frisk,,,
008,,Tropius,Harvest,,,
008,,Absol,Justified,,,
008,,Snorunt,Moody,,,
008,,Glalie,Moody,,,
008,,Froslass,Cursed Body,,,
008,,Spheal,Oblivious,,,
008,,Sealeo,Oblivious,,,
008,,Walrein,Oblivious,,,
008,,Clamperl,Rattled,,,
008,,Huntail,Water Veil,,,
008,,Gorebyss,Hydration,,,
008,,Relicanth,Sturdy,,,
008,,Luvdisc,Hydration,,,
008,,Bagon,Sheer Force,,,
008,,Shelgon,Overcoat,,,
008,,Salamence,Moxie,,,
008,,Beldum,Light Metal,,,
008,,Metang,Light Metal,,,
008,,Metagross,Light Metal,,,
008,,Regirock,Sturdy,,,
008,,Regice,Ice Body,,,
008,,Registeel,Light Metal,,,
008,,Turtwig,Shell Armor,,,
008,,Grotle,Shell Armor,,,
008,,Torterra,Shell Armor,,,
008,,Chimchar,Iron Fist,,,
008,,Monferno,Iron Fist,,,
008,,Infernape,Iron Fist,,,
008,,Piplup,Competitive,,,
008,,Prinplup,Competitive,,,
008,,Empoleon,Competitive,,,
008,,Starly,Reckless,,,
008,,Staravia,Reckless,,,
008,,Staraptor,Reckless,,,
008,,Bidoof,Moody,,,
008,,Bibarel,Moody,,,
008,,Kricketot,Run Away,,,
008,,Kricketune,Technician,,,
008,,Shinx,Guts,,,
008,,Luxio,Guts,,,
008,,Luxray,Guts,,,
008,,Cranidos,Sheer Force,,,
008,,Rampardos,Sheer Force,,,
008,,Shieldon,Soundproof,,,
008,,Bastiodon,Soundproof,,,
008,,Burmy,Overcoat,,,
008,,Wormadam,Overcoat,,,
008,,Mothim,Tinted Lens,,,
008,,Combee,Hustle,,,
008,,Vespiquen,Unnerve,,,
008,,Pachirisu,Volt Absorb,,,
008,,Buizel,Water Veil,,,
008,,Floatzel,Water Veil,,,
008,,Shellos,Sand Force,,,
008,,Gastrodon,Sand Force,,,
008,,Drifloon,Flare Boost,,,
008,,Drifblim,Flare Boost,,,
008,,Buneary,Limber,,,
008,,Lopunny,Limber,,,
008,,Glameow,Keen Eye,,,
008,,Purugly,Defiant,,,
008,,Stunky,Keen Eye,,,
008,,Skuntank,Keen Eye,,,
008,,Bronzor,Heavy Metal,,,
008,,Bronzong,Heavy Metal,,,
008,,Chatot,Big Pecks,,,
008,,Spiritomb,Infiltrator,,,
008,,Gible,Rough Skin,,,
008,,Gabite,Rough Skin,,,
008,,Garchomp,Rough Skin,,,
008,,Riolu,Prankster,,,
008,,Lucario,Justified,,,
008,,Hippopotas,Sand Force,,,
008,,Hippowdon,Sand Force,,,
008,,Skorupi,Keen Eye,,,
008,,Drapion,Keen Eye,,,
008,,Croagunk,Poison Touch,,,
008,,Toxicroak,Poison Touch,,,
008,,Finneon,Water Veil,,,
008,,Lumineon,Water Veil,,,
008,,Snover,Soundproof,,,
008,,Abomasnow,Soundproof,,,
008,,Dialga,Telepathy,,,
008,,Palkia,Telepathy,,,
008,,Heatran,Flame Body,,,
008,,Giratina – Altered Form,Telepathy,,,
008,,Snivy,Contrary,,,
008,,Servine,Contrary,,,
008,,Serperior,Contrary,,,
008,,Tepig,Thick Fat,,,
008,,Pignite,Thick Fat,,,
008,,Emboar,Reckless,,,
008,,Oshawott,Shell Armor,,,
008,,Dewott,Shell Armor,,,
008,,Samurott,Shell Armor,,,
008,,Samurott – Hisuian Form,Sharpness,,,
008,,Patrat,Analytic,,,
008,,Watchog,Analytic,,,
008,,Lillipup,Run Away,,,
008,,Herdier,Scrappy,,,
008,,Stoutland,Scrappy,,,
008,,Purrloin,Prankster,,,
008,,Liepard,Prankster,,,
008,,Pansage,Overgrow,,,
008,,Simisage,Overgrow,,,
008,,Pansear,Blaze,,,
008,,Simisear,Blaze,,,
008,,Panpour,Torrent,,,
008,,Simipour,Torrent,,,
008,,Munna,Telepathy,,,
008,,Musharna,Telepathy,,,
008,,Pidove,Rivalry,,,
008,,Tranquill,Rivalry,,,
008,,Unfezant,Rivalry,,,
008,,Blitzle,Sap Sipper,,,
008,,Zebstrika,Sap Sipper,,,
008,,Roggenrola,Sand Force,,,
008,,Boldore,Sand Force,,,
008,,Gigalith,Sand Force,,,
008,,Woobat,Simple,,,
008,,Swoobat,Simple,,,
008,,Drilbur,Mold Breaker,,,
008,,Excadrill,Mold Breaker,,,
008,,Audino,Klutz,,,
008,,Timburr,Iron Fist,,,
008,,Gurdurr,Iron Fist,,,
008,,Conkeldurr,Iron Fist,,,
008,,Tympole,Water Absorb,,,
008,,Palpitoad,Water Absorb,,,
008,,Seismitoad,Water Absorb,,,
008,,Throh,Mold Breaker,,,
008,,Sawk,Mold Breaker,,,
008,,Sewaddle,Overcoat,,,
008,,Swadloon,Overcoat,,,
008,,Leavanny,Overcoat,,,
008,,Venipede,Speed Boost,,,
008,,Whirlipede,Speed Boost,,,
008,,Scolipede,Speed Boost,,,
008,,Cottonee,Chlorophyll,,,
008,,Whimsicott,Chlorophyll,,,
008,,Petilil,Leaf Guard,,,
008,,Lilligant,Leaf Guard,,,
008,,Lilligant – Hisuian Form,Leaf Guard,,,
008,,Basculin – Red-Stripped,Mold Breaker,,,
008,,Basculin – Blue-Stripped,Mold Breaker,,,
008,,Basculin – White-Stripped,Mold Breaker,,,
008,,Basculegion,Mold Breaker,,,
008,,Sandile,Anger Point,,,
008,,Krokorok,Anger Point,,,
008,,Krookodile,Anger Point,,,
008,,Darumaka,Inner Focus,,,
008,,Darmanitan,Zen Mode,,,
008,,Maractus,Storm Drain,,,
008,,Dwebble,Weak Armor,,,
008,,Crustle,Weak Armor,,,
008,,Scraggy,Intimidate,,,
008,,Scrafty,Intimidate,,,
008,,Sigilyph,Tinted Lens,,,
008,,Tirtouga,Swift Swim,,,
008,,Carracosta,Swift Swim,,,
008,,Trubbish,Aftermath,,,
008,,Garbodor,Aftermath,,,
008,,Minccino,Skill Link,,,
008,,Cinccino,Skill Link,,,
008,,Gothita,Shadow Tag,,,
008,,Gothorita,Shadow Tag,,,
008,,Gothitelle,Shadow Tag,,,
008,,Solosis,Regenerator,,,
008,,Duosion,Regenerator,,,
008,,Reuniclus,Regenerator,,,
008,,Ducklett,Hydration,,,
008,,Swanna,Hydration,,,
008,,Vanillite,Weak Armor,,,
008,,Vanillish,Weak Armor,,,
008,,Vanilluxe,Weak Armor,,,
008,,Deerling,Serene Grace,,,
008,,Sawsbuck,Serene Grace,,,
008,,Emolga,Motor Drive,,,
008,,Karrablast,No Guard,,,
008,,Escavalier,Overcoat,,,
008,,Foongus,Regenerator,,,
008,,Amoonguss,Regenerator,,,
008,,Frillish,Damp,,,
008,,Jellicent,Damp,,,
008,,Alomomola,Regenerator,,,
008,,Joltik,Swarm,,,
008,,Galvantula,Swarm,,,
008,,Ferrothorn,Anticipation,,,
008,,Klink,Clear Body,,,
008,,Klang,Clear Body,,,
008,,Klinklang,Clear Body,,,
008,,Elgyem,Analytic,,,
008,,Beheeyem,Analytic,,,
008,,Litwick,Infiltrator,,,
008,,Lampent,Infiltrator,,,
008,,Chandelure,Infiltrator,,,
008,,Axew,Unnerve,,,
008,,Fraxure,Unnerve,,,
008,,Haxorus,Unnerve,,,
008,,Cubchoo,Rattled,,,
008,,Beartic,Swift Swim,,,
008,,Shelmet,Overcoat,,,
008,,Accelgor,Unburden,,,
008,,Stunfisk,Sand Veil,,,
008,,Mienfoo,Reckless,,,
008,,Mienshao,Reckless,,,
008,,Druddigon,Mold Breaker,,,
008,,Golett,No Guard,,,
008,,Golurk,No Guard,,,
008,,Pawniard,Pressure,,,
008,,Bisharp,Pressure,,,
008,,Kingambit,Pressure,,,
008,,Bouffalant,Soundproof,,,
008,,Rufflet,Hustle,,,
008,,Braviary,Defiant,,,
008,,Braviary – Hisuian Form,Tinted Lens,,,
008,,Vullaby,Weak Armor,,,
008,,Mandibuzz,Weak Armor,,,
008,,Heatmor,White Smoke,,,
008,,Durant,Truant,,,
008,,Larvesta,Swarm,,,
008,,Volcarona,Swarm,,,
008,,Tornadus – Incarnate Form,Defiant,,,
008,,Thundurus – Incarnate Form,Defiant,,,
008,,Landorus – Incarnate Form,Sheer Force,,,
008,,Chespin,Bulletproof,,,
008,,Quilladin,Bulletproof,,,
008,,Chesnaught,Bulletproof,,,
008,,Fennekin,Magician,,,
008,,Braixen,Magician,,,
008,,Delphox,Magician,,,
008,,Froakie,Protean,,,
008,,Frogadier,Protean,,,
008,,Greninja,Protean,,,
008,,Bunnelby,Huge Power,,,
008,,Diggersby,Huge Power,,,
008,,Fletchling,Gale Wings,,,
008,,Fletchinder,Gale Wings,,,
008,,Talonflame,Gale Wings,,,
008,,Scatterbug,Friend Guard,,,
008,,Spewpa,Friend Guard,,,
008,,Vivillon,Friend Guard,,,
008,,Litleo,Moxie,,,
008,,Pyroar,Moxie,,,
008,,Flabébé,Symbiosis,,,
008,,Floette,Symbiosis,,,
008,,Florges,Symbiosis,,,
008,,Skiddo,Grass Pelt,,,
008,,Gogoat,Grass Pelt,,,
008,,Pancham,Scrappy,,,
008,,Pangoro,Scrappy,,,
008,,Espurr,Own Tempo,,,
008,,Meowstic – Male,Prankster,,,
008,,Meowstic – Female,Competitive,,,
008,,Spritzee,Aroma Veil,,,
008,,Aromatisse,Aroma Veil,,,
008,,Swirlix,Unburden,,,
008,,Slurpuff,Unburden,,,
008,,Inkay,Infiltrator,,,
008,,Malamar,Infiltrator,,,
008,,Binacle,Pickpocket,,,
008,,Barbaracle,Pickpocket,,,
008,,Skrelp,Adaptability,,,
008,,Dragalge,Adaptability,,,
008,,Helioptile,Solar Power,,,
008,,Heliolisk,Solar Power,,,
008,,Tyrunt,Sturdy,,,
008,,Tyrantrum,Rock Head,,,
008,,Amaura,Snow Warning,,,
008,,Aurorus,Snow Warning,,,
008,,Hawlucha,Mold Breaker,,,
008,,Dedenne,Plus,,,
008,,Carbink,Sturdy,,,
008,,Goomy,Gooey,,,
008,,Sliggoo,Gooey,,,
008,,Goodra,Gooey,,,
008,,Klefki,Magician,,,
008,,Phantump,Harvest,,,
008,,Trevenant,Harvest,,,
008,,Pumpkaboo,Insomnia,,,
008,,Gourgeist,Insomnia,,,
008,,Bergmite,Sturdy,,,
008,,Avalugg,Sturdy,,,
008,,Noibat,Telepathy,,,
008,,Noivern,Telepathy,,,
008,,Rowlet,Long Reach,,,
008,,Dartrix,Long Reach,,,
008,,Decidueye,Long Reach,,,
008,,Decidueye – Hisuian Form,Scrappy,,,
008,,Litten,Intimidate,,,
008,,Torracat,Intimidate,,,
008,,Incineroar,Intimidate,,,
008,,Popplio,Liquid Voice,,,
008,,Brionne,Liquid Voice,,,
008,,Primarina,Liquid Voice,,,
008,,Pikipek,Pickup,,,
008,,Trumbeak,Pickup,,,
008,,Toucannon,Sheer Force,,,
008,,Yungoos,Adaptability,,,
008,,Gumshoos,Adaptability,,,
008,,Crabrawler,Anger Point,,,
008,,Crabominable,Anger Point,,,
008,,Cutiefly,Sweet Veil,,,
008,,Ribombee,Sweet Veil,,,
008,,Rockruff,Steadfast,,,
008,,Lycanroc – Midday Form,Steadfast,,,
008,,Lycanroc – Midnight Form,No Guard,,,
008,,Mareanie,Regenerator,,,
008,,Toxapex,Regenerator,,,
008,,Mudbray,Inner Focus,,,
008,,Mudsdale,Inner Focus,,,
008,,Dewpider,Water Absorb,,,
008,,Araquanid,Water Absorb,,,
008,,Fomantis,Contrary,,,
008,,Lurantis,Contrary,,,
008,,Morelull,Rain Dish,,,
008,,Shiinotic,Rain Dish,,,
008,,Salandit,Oblivious,,,
008,,Salazzle,Oblivious,,,
008,,Stufful,Cute Charm,,,
008,,Bewear,Unnerve,,,
008,,Bounsweet,Sweet Veil,,,
008,,Steenee,Sweet Veil,,,
008,,Tsareena,Sweet Veil,,,
008,,Comfey,Natural Cure,,,
008,,Oranguru,Symbiosis,,,
008,,Passimian,Defiant,,,
008,,Sandygast,Sand Veil,,,
008,,Palossand,Sand Veil,,,
008,,Pyukumuku,Unaware,,,
008,,Togedemaru,Sturdy,,,
008,,Bruxish,Wonder Skin,,,
008,,Drampa,Cloud Nine,,,
008,,Jangmo-o,Overcoat,,,
008,,Hakamo-o,Overcoat,,,
008,,Kommo-o,Overcoat,,,
008,,Tapu Koko,Telepathy,,,
008,,Tapu Lele,Telepathy,,,
008,,Tapu Bulu,Telepathy,,,
008,,Tapu Fini,Telepathy,,,
008,,Grookey,Grassy Surge,,,
008,,Thwackey,Grassy Surge,,,
008,,Rillaboom,Grassy Surge,,,
008,,Scorbunny,Libero,,,
008,,Raboot,Libero,,,
008,,Cinderace,Libero,,,
008,,Sobble,Sniper,,,
008,,Drizzile,Sniper,,,
008,,Inteleon,Sniper,,,
008,,Skwovet,Gluttony,,,
008,,Greedent,Gluttony,,,
008,,Rookidee,Big Pecks,,,
008,,Corvisquire,Big Pecks,,,
008,,Corviknight,Mirror Armor,,,
008,,Blipbug,Telepathy,,,
008,,Dottler,Telepathy,,,
008,,Orbeetle,Telepathy,,,
008,,Nickit,Stakeout,,,
008,,Thievul,Stakeout,,,
008,,Gossifleur,Effect Spore,,,
008,,Eldegoss,Effect Spore,,,
008,,Wooloo,Bulletproof,,,
008,,Dubwool,Bulletproof,,,
008,,Chewtle,Swift Swim,,,
008,,Drednaw,Swift Swim,,,
008,,Yamper,Rattled,,,
008,,Boltund,Competitive,,,
008,,Rolycoly,Flash Fire,,,
008,,Carkol,Flash Fire,,,
008,,Coalossal,Flash Fire,,,
008,,Applin,Bulletproof,,,
008,,Flapple,Hustle,,,
008,,Appletun,Thick Fat,,,
008,,Dipplin,Sticky Hold,,,
008,,Hydrapple,Sticky Hold,,,
008,,Silicobra,Sand Veil,,,
008,,Sandaconda,Sand Veil,,,
008,,Arrokuda,Propeller Tail,,,
008,,Barraskewda,Propeller Tail,,,
008,,Toxel,Klutz,,,
008,,Toxtricity,Technician,,,
008,,Sizzlipede,Flame Body,,,
008,,Centiskorch,Flame Body,,,
008,,Clobbopus,Technician,,,
008,,Grapploct,Technician,,,
008,,Sinistea,Cursed Body,,,
008,,Polteageist,Cursed Body,,,
008,,Hatenna,Magic Bounce,,,
008,,Hattrem,Magic Bounce,,,
008,,Hatterene,Magic Bounce,,,
008,,Impidimp,Pickpocket,,,
008,,Morgrem,Pickpocket,,,
008,,Grimmsnarl,Pickpocket,,,
008,,Milcery,Aroma Veil,,,
008,,Alcremie,Aroma Veil,,,
008,,Falinks,Defiant,,,
008,,Pincurchin,Electric Surge,,,
008,,Snom,Ice Scales,,,
008,,Frosmoth,Ice Scales,,,
008,,Indeedee,Psychic Surge,,,
008,,Cufant,Heavy Metal,,,
008,,Copperajah,Heavy Metal,,,
008,,Dracozolt,Sand Rush,,,
008,,Arctozolt,Slush Rush,,,
008,,Dracovish,Sand Rush,,,
008,,Arctovish,Slush Rush,,,
008,,Duraludon,Stalwart,,,
008,,Archaludon,Stalwart,,,
008,,Dreepy,Cursed Body,,,
008,,Drakloak,Cursed Body,,,
008,,Dragapult,Cursed Body,,,
008,,Enamorus – Incarnate Form,Contrary,,,
008,,Sprigatito,Protean,,,
008,,Floragato,Protean,,,
008,,Meowscarada,Protean,,,
008,,Fuecoco,Unaware,,,
008,,Crocalor,Unaware,,,
008,,Skeledirge,Unaware,,,
008,,Quaxly,Moxie,,,
008,,Quaxwell,Moxie,,,
008,,Quaquaval,Moxie,,,
008,,Lechonk,Thick Fat,,,
008,,Oinkologne,Thick Fat,,,
008,,Tarountula,Stakeout,,,
008,,Spidops,Stakeout,,,
008,,Nymble,Tinted Lens,,,
008,,Lokix,Tinted Lens,,,
008,,Pawmi,Iron Fist,,,
008,,Pawmo,Iron Fist,,,
008,,Pawmot,Iron Fist,,,
008,,Tandemaus,Own Tempo,,,
008,,Maushold,Technician,,,
008,,Fidough,Klutz,,,
008,,Dachsbun,Aroma Veil,,,
008,,Smoliv,Harvest,,,
008,,Dolliv,Harvest,,,
008,,Arboliva,Harvest,,,
008,,Squawkabilly – Green / Blue,Guts,,,
008,,Squawkabilly – Yellow / White,Sheer Force,,,
008,,Nacli,Clear Body,,,
008,,Naclstack,Clear Body,,,
008,,Garganacl,Clear Body,,,
008,,Charcadet,Flame Body,,,
008,,Armarouge,Weak Armor,,,
008,,Ceruledge,Weak Armor,,,
008,,Tadbulb,Damp,,,
008,,Bellibolt,Damp,,,
008,,Wattrel,Competitive,,,
008,,Kilowattrel,Competitive,,,
008,,Maschiff,Stakeout,,,
008,,Mabosstiff,Stakeout,,,
008,,Shroodle,Prankster,,,
008,,Grafaiai,Prankster,,,
008,,Bramblin,Infiltrator,,,
008,,Brambleghast,Infiltrator,,,
008,,Klawf,Regenerator,,,
008,,Capsakid,Klutz,,,
008,,Scovillain,Moody,,,
008,,Rellor,Shed Skin,,,
008,,Rabsca,Telepathy,,,
008,,Flittle,Speed Boost,,,
008,,Espathra,Speed Boost,,,
008,,Tinkatink,Pickpocket,,,
008,,Tinkatuff,Pickpocket,,,
008,,Tinkaton,Pickpocket,,,
008,,Wiglett,Sand Veil,,,
008,,Wugtrio,Sand Veil,,,
008,,Bombirdier,Rocky Payload,,,
008,,Varoom,Slow Start,,,
008,,Revavroom,Filter,,,
008,,Cyclizar,Regenerator,,,
008,,Orthworm,Sand Veil,,,
008,,Glimmet,Corrosion,,,
008,,Glimmora,Corrosion,,,
008,,Greavard,Fluffy,,,
008,,Houndstone,Fluffy,,,
008,,Flamigo,Costar,,,
008,,Cetoddle,Sheer Force,,,
008,,Cetitan,Sheer Force,,,
008,,Veluza,Sharpness,,,
008,,Dondozo,Water Veil,,,
008,,Tatsugiri,Storm Drain,,,
008,,Frigibax,Ice Body,,,
008,,Arctibax,Ice Body,,,
008,,Baxcalibur,Ice Body,,,
008,,Poltchageist,Heatproof,,,
008,,Sinistcha,Heatproof,,,
008,,Okidogi,Guard Dog,,,
008,,Munkidori,Frisk,,,
008,,Fezandipiti,Technician,,,
009,,Unown A,Anger,,,
009,,Unown B,Bear,,,
009,,Unown C,Chase,,,
009,,Unown D,Direct,,,
009,,Unown E,Engage,,,
009,,Unown F,Find,,,
009,,Unown G,Give,,,
009,,Unown H,Help,,,
009,,Unown I,Increase,,,
009,,Unown J,Join,,,
009,,Unown K,Keep,,,
009,,Unown L,Laugh,,,
009,,Unown M,Make,,,
009,,Unown N,Nuzzle,,,
009,,Unown O,Observe,,,
009,,Unown P,Perform,,,
009,,Unown Q,Quicken,,,
009,,Unown R,Reassure,,,
009,,Unown S,Search,,,
009,,Unown T,Tell,,,
009,,Unown U,Undo,,,
009,,Unown V,Vanish,,,
009,,Unown W,Want,,,
009,,Unown X,XXXXX,,,
009,,Unown Y,Yield,,,
009,,Unown Z,Zoom,,,
009,,Unown ?,?????,,,
009,,Unown !,!!!!!,,,
010,,Articuno,,,,
010,,Zapdos,,,,
010,,Moltres,,,,
010,,Mewtwo,,,,
010,,Mew,,,,
010,,Raikou,,,,
010,,Entei,,,,
010,,Suicune,,,,
010,,Lugia,,,,
010,,Ho-oh,,,,
010,,Celebi,,,,
010,,Regirock,,,,
010,,Regice,,,,
010,,Registeel,,,,
010,,Latias,,,,
010,,Latios,,,,
010,,Kyogre,,,,
010,,Groudon,,,,
010,,Rayquaza,,,,
010,,Jirachi,,,,
010,,Deoxys,,,,
010,,Uxie,,,,
010,,Mesprit,,,,
010,,Azelf,,,,
010,,Dialga,,,,
010,,Palkia,,,,
010,,Heatran,,,,
010,,Regigigas,,,,
010,,Giratina,,,,
010,,Cresselia,,,,
010,,Manaphy,,,,
010,,Darkrai,,,,
010,,Shaymin,,,,
010,,Arceus,,,,
010,,Cobalion,,,,
010,,Terrakion,,,,
010,,Virizion,,,,
010,,Tornadus,,,,
010,,Thundurus,,,,
010,,Reshiram,,,,
010,,Zekrom,,,,
010,,Landorus,,,,
010,,Kyurem,,,,
010,,Xerneas,,,,
010,,Yveltal,,,,
010,,Zygarde,,,,
010,,Type: Null,,,,
010,,Tapu Koko,,,,
010,,Tapu Lele,,,,
010,,Tapu Bulu,,,,
010,,Tapu Fini,,,,
010,,Solgaleo,,,,
010,,Lunala,,,,
010,,Necrozma,,,,
011,,Eevee,"Gold , Silver , Crystal",Goldenrod City,,
011,,Togepi,"Gold , Silver , Crystal",Violet City Pokémon Center,,
011,,Tyrogue,"Gold , Silver , Crystal",Mt. Mortar,,
011,,Pichu,Crystal,Route 34 Day Care,,
011,,Cleffa,Crystal,Route 34 Day Care,,
011,,Igglybuff,Crystal,Route 34 Day Care,,
011,,Tyrogue,Crystal,Route 34 Day Care,,
011,,Smoochum,Crystal,Route 34 Day Care,,
011,,Elekid,Crystal,Route 34 Day Care,,
011,,Magby,Crystal,Route 34 Day Care,,
011,,Spearow,"Gold , Silver , Crystal",Route 35 South gate,,
011,,Shuckle,"Gold , Silver , Crystal",Cianwood City,,
011,,Dratini,Crystal,Dragon’s Den,,
011,,Castform,"Ruby , Sapphire , Emerald",Weather Institute,,
011,,Wynaut,"Ruby , Sapphire , Emerald",Lavaridge Town,,
011,,Beldum,"Ruby , Sapphire , Emerald",Mossdeep City,,
011,,Chikorita,Emerald,Littleroot Town,,
011,,Cyndaquil,Emerald,Littleroot Town,,
011,,Totodile,Emerald,Littleroot Town,,
011,,Hitmonlee,"FireRed , LeafGreen",Fighting Dojo,,
011,,Hitmonchan,"FireRed , LeafGreen",Fighting Dojo,,
011,,Lapras,"FireRed , LeafGreen",Silph Co.,,
011,,Eevee,"FireRed , LeafGreen",Celadon Mansion,,
011,,Togepi,"FireRed , LeafGreen",Water Labyrinth,,
011,,Eevee,"Diamond , Pearl , Platinum",Hearthome City,,
011,,Porygon,Platinum,Veilstone City,,
011,,Togepi,Platinum,Eterna City,,
011,,Riolu,"Diamond , Pearl , Platinum",Iron Island,,
011,,Happiny,"Diamond , Pearl",Hearthome City West gate,,
011,,Bulbasaur,"HeartGold , SoulSilver",Professor Oak’s Laboratory,,
011,,Charmander,"HeartGold , SoulSilver",Professor Oak’s Laboratory,,
011,,Squirtle,"HeartGold , SoulSilver",Professor Oak’s Laboratory,,
011,,Eevee,"HeartGold , SoulSilver",Goldenrod City,,
011,,Dratini,"HeartGold , SoulSilver",Dragon’s Den,,
011,,Togepi,"HeartGold , SoulSilver",Violet City,,
011,,Mareep,"HeartGold , SoulSilver","Violet City, Code",,
011,,Wooper,"HeartGold , SoulSilver","Violet City, Code",,
011,,Slugma,"HeartGold , SoulSilver","Violet City, Code",,
011,,Tyrogue,"HeartGold , SoulSilver",Mt. Mortar,,
011,,Treecko,"HeartGold , SoulSilver",Silph. Co,,
011,,Torchic,"HeartGold , SoulSilver",Silph. Co,,
011,,Mudkip,"HeartGold , SoulSilver",Silph. Co,,
011,,Tentacool,"HeartGold , SoulSilver",Cianwood Pokémon Center,,
011,,Pansage,"Black , White",Dreamyard,,
011,,Pansear,"Black , White",Dreamyard,,
011,,Panpour,"Black , White",Dreamyard,,
011,,Larvesta,"Black , White",Route 18 Rest house,,
011,,Deerling,"Black2 , White2",Route 6 Weather Institute,,
011,,Eevee,"Black2 , White2",Castelia City,,
011,,Happiny,"Black2 , White2",Nacrene City East gate,,
011,,Bulbasaur,"X , Y",Lumiose City,,
011,,Charmander,"X , Y",Lumiose City,,
011,,Squirtle,"X , Y",Lumiose City,,
011,,Lapras,"X , Y",Route 12,,
011,,Chikorita,"Omega Ruby , Alpha Sapphire",Route 101,,
011,,Cyndaquil,"Omega Ruby , Alpha Sapphire",Route 101,,
011,,Totodile,"Omega Ruby , Alpha Sapphire",Route 101,,
011,,Togepi,"Omega Ruby , Alpha Sapphire",Lavaridge Town,,
011,,Sharpedo,"Omega Ruby , Alpha Sapphire",Battle Resort,,
011,,Camerupt,"Omega Ruby , Alpha Sapphire",Battle Resort,,
011,,Castform,"Omega Ruby , Alpha Sapphire",Weather Institute,,
011,,Wynaut,"Omega Ruby , Alpha Sapphire",Lavaridge Town,,
011,,Beldum,"Omega Ruby , Alpha Sapphire",Mossdeep City,,
011,,Latias,"Omega Ruby , Alpha Sapphire",Southern Island,,
011,,Latios,"Omega Ruby , Alpha Sapphire",Southern Island,,
011,,Turtwig,"Omega Ruby , Alpha Sapphire",Route 101,,
011,,Chimchar,"Omega Ruby , Alpha Sapphire",Route 101,,
011,,Piplup,"Omega Ruby , Alpha Sapphire",Route 101,,
011,,Snivy,"Omega Ruby , Alpha Sapphire",Route 101,,
011,,Tepig,"Omega Ruby , Alpha Sapphire",Route 101,,
011,,Oshawott,"Omega Ruby , Alpha Sapphire",Route 101,,
011,,Eevee,"Sun , Moon",Paniola Ranch,,
011,,Porygon,"Sun , Moon",Aether House,,
011,,Aeordactyle,"Sun , Moon",Seafolk Village,,
011,,Type: Null,"Sun , Moon",Aether Paradise,,
011,,Pikachu,"UltraSun , UltraMoon",Heahea Branch of the Surf Association,,
011,,Eevee,"UltraSun , UltraMoon",Paniola Ranch,,
011,,Porygon,"UltraSun , UltraMoon",Aether House,,
011,,Aeordactyle,"UltraSun , UltraMoon",Seafolk Village,,
011,,Poipole,"UltraSun , UltraMoon",Megalo Tower/Ultra Megalopolis,,
011,,Type: Null,"UltraSun , UltraMoon",Ancient Poni Path,,
011,,Eevee,"Brilliant Diamond, Shining Pearl",Bebe,,
011,,Happiny,"Brilliant Diamond, Shining Pearl",Hiker,,
011,,Riolu,"Brilliant Diamond, Shining Pearl",Riley,,
012,,Abra,"Gold, Silver, Crystal",Goldenrod,200 coins,
012,,Dratini,"Gold, Silver",Goldenrod,2100 coins,
012,,Ekans,Gold,Goldenrod,700 coins,
012,,Sandshrew,Silver,Goldenrod,700 coins,
012,,Wobbuffet,Crystal,Goldenrod,1500 coins,
012,,Cubone,Crystal,Goldenrod,800 coins,
012,,Porygon,"Gold, Silver, Crystal",Celadon,"9999 coins Gold, Silver
5555 coins Crystal",
012,,Eevee,"Gold, Silver",Celadon,6666 coins,
012,,Mr. Mime,"Gold, Silver",Celadon,3333 coins,
012,,Pikachu,Crystal,Celadon,2222 coins,
012,,Larvitar,Crystal,Celadon,8888 coins,
012,,Abra,"FireRed, LeafGreen",Celadon,"180 coins FireRed
120 coins LeafGreen",
012,,Clefairy,"FireRed, LeafGreen",Celadon,"500 coins FireRed 
750 coins LeafGreen",
012,,Dratini,"FireRed, LeafGreen",Celadon,"2800 coins FireRed 
5600 coins LeafGreen",
012,,Porygon,"FireRed, LeafGreen",Celadon,"9999 coins FireRed 
6500 coins LeafGreen",
012,,Scyther,FireRed,Celadon,5500 coins,
012,,Pinsir,LeafGreen,Celadon,2500 coins,
012,,Abra,"HeartGold, SoulSilver",Goldenrod,200 coins,
012,,Dratini,"HeartGold, SoulSilver",Goldenrod,2100 coins,
012,,Ekans,HeartGold,Goldenrod,700 coins,
012,,Sandshrew,SoulSilver,Goldenrod,700 coins,
012,,Eevee,"HeartGold, SoulSilver",Celadon,6666 coins,
012,,Mr. Mime,"HeartGold, SoulSilver",Celadon,3333 coins,
012,,Porygon,"HeartGold, SoulSilver",Celadon,9999 coins,
013,,Badge,Planned,Found,,
013,,Stone Badge,Ralts,Milady,,
013,,Knuckle Badge,Skitty,Porthos,,
013,,Dynamo Badge,Plusle,Cho,,
013,,Heat Badge,Numel,Deela,,
013,,Balance Badge,Solrock,,,
013,,Feather Badge,Tropius,,,
013,,Mind Badge,Vulpix,,,
013,,Rain Badge,Groudon,,,
014,,Hard Resets,Foselos,,,
014,,Soft Resets,Chesedonia,,,
014,,Encounters,Milady,,,
014,,Surfing,Marvolo,,,
014,,Fishing,Devanagari,,,
014,,Eggs,,,,
014,,Eggs + Shiny Parent,,,,
014,,Runs,,,,
014,,Masuda Eggs,Corwin,,,
014,,Poké Radar,Plume,,,
014,,Poké Radar Full Rate,KEUNOTOR,,,
014,,Encounters + Cute Charm,,,,
014,,Encounters + Shiny Charm,タリエシン,,,
014,,Masuda Eggs + Shiny Charm,Jasra,,,
014,,Friend Safari,Aria,,,
014,,Chain Fishing,,,,
014,,Hidden Pokémon,,,,
014,,S.O.S. Battle,Faiella,,,
014,,Dynamax Adventure,,,,
014,,Grand Underground + Something Good Happens,,,,
014,,Mass Outbreak,Charmillon,,,
014,,Massive Mass Outbreak,,,,
014,,Mass Outbreak + 60 Pokémon Defeated,Stonehenge,,,
014,,Sparkling Power 3,,,,
016,"Pokémon Gold, Silver and Crystal",Marill,Mt. Mortar gold silver,Hiker Parry (Route 45),,
016,"Pokémon Gold, Silver and Crystal",Yanma,Route 35,Bug Catcher Arnie (Route 35),,
016,"Pokémon Gold, Silver and Crystal",Dunsparce,Dark Cave,Hiker Anthony (Route 33),,
016,"Pokémon Gold, Silver and Crystal",Snubbull,Route 38 Mt. Mortar gold silver,Schoolboy Chad (Route 38),,
016,"Pokémon Gold, Silver and Crystal",Qwilfish,Route 32 fishing,Fisher Ralph (Route 32),,
016,"Pokémon Gold, Silver and Crystal",Remoraid,Route 44 fishing gold silver,Fisher Wilton (Route 44),,
016,"Pokémon Ruby, Sapphire and Emerald",Surskit,"Route 102, Route 114, Route 117, Route 120 ruby sapphire",,,
016,"Pokémon Ruby, Sapphire and Emerald",Skitty,Route 116,,,
016,"Pokémon Ruby, Sapphire and Emerald",Seedot,"Route 102, Route 117, Route 120 emerald",,,
016,"Pokémon Ruby, Sapphire and Emerald",Nuzleaf,Route 114 emerald,,,
016,"Pokémon Diamond, Pearl and Platinum",Pidgey,Route 229,,,
016,"Pokémon Diamond, Pearl and Platinum",Magnemite,Fuego Ironworks,,,
016,"Pokémon Diamond, Pearl and Platinum",Farfetch’d,Route 221,,,
016,"Pokémon Diamond, Pearl and Platinum",Doduo,Route 201,,,
016,"Pokémon Diamond, Pearl and Platinum",Drowzee,Route 215,,,
016,"Pokémon Diamond, Pearl and Platinum",Krabby,Route 226,,,
016,"Pokémon Diamond, Pearl and Platinum",Voltorb,Route 218,,,
016,"Pokémon Diamond, Pearl and Platinum",Cubone,Route 203,,,
016,"Pokémon Diamond, Pearl and Platinum",Lickitung,Lake Valor,,,
016,"Pokémon Diamond, Pearl and Platinum",Pinsir,Route 229,,,
016,"Pokémon Diamond, Pearl and Platinum",Natu,Route 224,,,
016,"Pokémon Diamond, Pearl and Platinum",Dunsparce,Route 208,,,
016,"Pokémon Diamond, Pearl and Platinum",Snubbull,Route 209,,,
016,"Pokémon Diamond, Pearl and Platinum",Swinub,Route 217,,,
016,"Pokémon Diamond, Pearl and Platinum",Corsola,Route 230,,,
016,"Pokémon Diamond, Pearl and Platinum",Delibird,"Route 216 
Route 217",,,
016,"Pokémon Diamond, Pearl and Platinum",Phanpy,Route 207,,,
016,"Pokémon Diamond, Pearl and Platinum",Smoochum,Lake Acuity,,,
016,"Pokémon Diamond, Pearl and Platinum",Larvitar,Route 206,,,
016,"Pokémon Diamond, Pearl and Platinum",Zigzagoon,Route 202,,,
016,"Pokémon Diamond, Pearl and Platinum",Surskit,Lake Verity,,,
016,"Pokémon Diamond, Pearl and Platinum",Slakoth,Eterna Forest,,,
016,"Pokémon Diamond, Pearl and Platinum",Makuhita,Route 225,,,
016,"Pokémon Diamond, Pearl and Platinum",Nosepass,Route 206,,,
016,"Pokémon Diamond, Pearl and Platinum",Skitty,Route 222,,,
016,"Pokémon Diamond, Pearl and Platinum",Electrike,Valley Windwork,,,
016,"Pokémon Diamond, Pearl and Platinum",Spoink,Route 214,,,
016,"Pokémon Diamond, Pearl and Platinum",Spinda,Route 227,,,
016,"Pokémon Diamond, Pearl and Platinum",Absol,Route 213,,,
016,"Pokémon Diamond, Pearl and Platinum",Beldum,Route 228,,,
016,Pokémon HeartGold and SoulSilver,Chansey,Route 13,,,
016,Pokémon HeartGold and SoulSilver,Ditto,Route 47,,,
016,Pokémon HeartGold and SoulSilver,Marill,Mt. Mortar,,,
016,Pokémon HeartGold and SoulSilver,Yanma,Route 45,,,
016,Pokémon HeartGold and SoulSilver,Dunsparce,Dark Cave,,,
016,Pokémon HeartGold and SoulSilver,Snubbull,Route 38,,,
016,Pokémon HeartGold and SoulSilver,Qwilfish,Route 32,,,
016,Pokémon HeartGold and SoulSilver,Remoraid,Route 44,,,
016,Pokémon HeartGold and SoulSilver,Poochyena,Route 1,,,
016,Pokémon HeartGold and SoulSilver,Wingull,Vermillon City,,,
016,Pokémon HeartGold and SoulSilver,Ralts,Route 34,,,
016,Pokémon HeartGold and SoulSilver,Sableye,Route 9,,,
016,Pokémon HeartGold and SoulSilver,Mawile,Route 9,,,
016,Pokémon HeartGold and SoulSilver,Gulpin,Route 3,,,
016,Pokémon HeartGold and SoulSilver,Swablu,Route 45,,,
016,Pokémon HeartGold and SoulSilver,Whiscash,Violet City,,,
016,Pokémon HeartGold and SoulSilver,Baltoy,Route 3,,,
016,Pokémon HeartGold and SoulSilver,Clamperl,Route 19,,,
016,Pokémon HeartGold and SoulSilver,Relicanth,Route 12,,,
016,Pokémon HeartGold and SoulSilver,Luvdisc,Route 27,,,
016,Pokémon HeartGold and SoulSilver,Kricketot,Viridian Forest,,,
016,Pokémon HeartGold and SoulSilver,Buneary,Route 25,,,
016,Pokémon Black and White,Paras,Route 11,,,
016,Pokémon Black and White,Mankey,Route 15,,,
016,Pokémon Black and White,Farfetch’d,Route 1,,,
016,Pokémon Black and White,Doduo,Route 12,,,
016,Pokémon Black and White,Exeggcute,Route 18,,,
016,Pokémon Black and White,Sentret,Route 7,,,
016,Pokémon Black and White,Yanma,Route 14,,,
016,Pokémon Black and White,Pineco,Route 16,,,
016,Pokémon Black and White,Houndoor,Route 9,,,
016,Pokémon Black and White,Smeargle,Route 5,,,
016,Pokémon Black and White,Tyrogue,Route 10,,,
016,Pokémon Black and White,Poochyena,Route 9,,,
016,Pokémon Black and White,Shroomish,Route 11,,,
016,Pokémon Black and White,Plusle,Route 6,,,
016,Pokémon Black and White,Minun,Route 6,,,
016,Pokémon Black and White,Volbeat,Route 3,,,
016,Pokémon Black and White,Illumise,Route 3,,,
016,Pokémon Black and White,Shuppet,Route 13,,,
016,Pokémon Black and White,Wynaut,Route 2,,,
016,Pokémon Black and White,Hippopotas,Route 4,,,
016,Pokémon Black and White,Croagunk,Route 8,,,
016,Pokémon Black2 and White2,Fearow,Route 15,,,
016,Pokémon Black2 and White3,Slowpoke,Abudant Shrine,,,
016,Pokémon Black2 and White4,Farfetch’d,Route 1,,,
016,Pokémon Black2 and White5,Doduo,Route 12,,,
016,Pokémon Black2 and White6,Hypno,Dreamyard,,,
016,Pokémon Black2 and White7,Mr. Mime,Route 20,,,
016,Pokémon Black2 and White8,Furret,Route 7,,,
016,Pokémon Black2 and White9,Ledian,Route 22,,,
016,Pokémon Black2 and White10,Ariados,Route 22,,,
016,Pokémon Black2 and White11,Natu,Route 5,,,
016,Pokémon Black2 and White12,Sudowoodo,Route 20,,,
016,Pokémon Black2 and White13,Hoppip,Route 18,,,
016,Pokémon Black2 and White14,Quagsire,Route 8,,,
016,Pokémon Black2 and White15,Pineco,Route 16,,,
016,Pokémon Black2 and White16,Swellow,Route 13,,,
016,Pokémon Black2 and White17,Masquerain,Route 11,,,
016,Pokémon Black2 and White18,Plusle,Route 6,,,
016,Pokémon Black2 and White19,Minun,Route 6,,,
016,Pokémon Black2 and White20,Volbeat,Route 3,,,
016,Pokémon Black2 and White21,Illumise,Route 3,,,
016,Pokémon Black2 and White22,Swalot,Route 9,,,
016,Pokémon Black2 and White23,Cacturne,Reversal Mountain,,,
016,Pokémon Black2 and White24,Hippowdon,Desert Resort,,,
016,Pokémon Brilliant Diamond and Shining Pearl,Pidgey,Route 229,,,
016,Pokémon Brilliant Diamond and Shining Pearl,Magnemite,Fuego Ironworks,,,
016,Pokémon Brilliant Diamond and Shining Pearl,Farfetch’d,Route 221,,,
016,Pokémon Brilliant Diamond and Shining Pearl,Doduo,Route 201,,,
016,Pokémon Brilliant Diamond and Shining Pearl,Drowzee,Route 215,,,
016,Pokémon Brilliant Diamond and Shining Pearl,Krabby,Route 226,,,
016,Pokémon Brilliant Diamond and Shining Pearl,Voltorb,Route 218,,,
016,Pokémon Brilliant Diamond and Shining Pearl,Cubone,Route 203,,,
016,Pokémon Brilliant Diamond and Shining Pearl,Lickitung,Lake Valor,,,
016,Pokémon Brilliant Diamond and Shining Pearl,Pinsir,Route 229,,,
016,Pokémon Brilliant Diamond and Shining Pearl,Natu,Route 224,,,
016,Pokémon Brilliant Diamond and Shining Pearl,Dunsparce,Route 208,,,
016,Pokémon Brilliant Diamond and Shining Pearl,Snubbull,Route 209,,,
016,Pokémon Brilliant Diamond and Shining Pearl,Swinub,Route 217,,,
016,Pokémon Brilliant Diamond and Shining Pearl,Corsola,Route 230,,,
016,Pokémon Brilliant Diamond and Shining Pearl,Delibird,"Route 216 
Route 217",,,
016,Pokémon Brilliant Diamond and Shining Pearl,Phanpy,Route 207,,,
016,Pokémon Brilliant Diamond and Shining Pearl,Smoochum,Lake Acuity,,,
016,Pokémon Brilliant Diamond and Shining Pearl,Larvitar,Route 206,,,
016,Pokémon Brilliant Diamond and Shining Pearl,Zigzagoon,Route 202,,,
016,Pokémon Brilliant Diamond and Shining Pearl,Surskit,Lake Verity,,,
016,Pokémon Brilliant Diamond and Shining Pearl,Slakoth,Eterna Forest,,,
016,Pokémon Brilliant Diamond and Shining Pearl,Makuhita,Route 225,,,
016,Pokémon Brilliant Diamond and Shining Pearl,Nosepass,Route 206,,,
016,Pokémon Brilliant Diamond and Shining Pearl,Skitty,Route 222,,,
016,Pokémon Brilliant Diamond and Shining Pearl,Electrike,Valley Windwork,,,
016,Pokémon Brilliant Diamond and Shining Pearl,Spoink,Route 214,,,
016,Pokémon Brilliant Diamond and Shining Pearl,Spinda,Route 227,,,
016,Pokémon Brilliant Diamond and Shining Pearl,Absol,Route 213,,,
016,Pokémon Brilliant Diamond and Shining Pearl,Beldum,Route 228,,,
017,"Pokémon Gold, Silver, Crystal",Caterpie,,,,
017,"Pokémon Gold, Silver, Crystal",Metapod,,,,
017,"Pokémon Gold, Silver, Crystal",Butterfree,,,,
017,"Pokémon Gold, Silver, Crystal",Weedle,,,,
017,"Pokémon Gold, Silver, Crystal",Kakuna,,,,
017,"Pokémon Gold, Silver, Crystal",Beedrill,,,,
017,"Pokémon Gold, Silver, Crystal",Paras,,,,
017,"Pokémon Gold, Silver, Crystal",Venonat,,,,
017,"Pokémon Gold, Silver, Crystal",Scyther,,,,
017,"Pokémon Gold, Silver, Crystal",Pinsir,,,,
017,"Pokémon HeartGold, SoulSilver",Caterpie,Tuesday,,,
017,"Pokémon HeartGold, SoulSilver",Metapod,Tuesday,,,
017,"Pokémon HeartGold, SoulSilver",Butterfree,Tuesday,,,
017,"Pokémon HeartGold, SoulSilver",Weedle,Tuesday,,,
017,"Pokémon HeartGold, SoulSilver",Kakuna,Tuesday,,,
017,"Pokémon HeartGold, SoulSilver",Beedrill,Tuesday,,,
017,"Pokémon HeartGold, SoulSilver",Paras,Tuesday,,,
017,"Pokémon HeartGold, SoulSilver",Venonat,Tuesday,,,
017,"Pokémon HeartGold, SoulSilver",Scyther,"Tuesday, Thursday, Saturday",,,
017,"Pokémon HeartGold, SoulSilver",Pinsir,"Tuesday, Thursday, Saturday",,,
017,"Pokémon HeartGold, SoulSilver",Wurmple,"Thursday, Saturday",,,
017,"Pokémon HeartGold, SoulSilver",Silcoon,Thursday,,,
017,"Pokémon HeartGold, SoulSilver",Beautifly,Saturday,,,
017,"Pokémon HeartGold, SoulSilver",Cascoon,Saturday,,,
017,"Pokémon HeartGold, SoulSilver",Dustox,Thursday,,,
017,"Pokémon HeartGold, SoulSilver",Nincada,"Thursday, Saturday",,,
017,"Pokémon HeartGold, SoulSilver",Volbeat,Thursday,,,
017,"Pokémon HeartGold, SoulSilver",Illumise,Saturday,,,
017,"Pokémon HeartGold, SoulSilver",Kricketot,"Thursday, Saturday",,,
017,"Pokémon HeartGold, SoulSilver",Kricketune,"Thursday, Saturday",,,
017,"Pokémon HeartGold, SoulSilver",Combee,"Thursday, Saturday",,,
018,,Meowth,,,,
018,,Persian,,,,
018,,Skitty,,,,
018,,Delcatty,,,,
018,,Shinx,,,,
018,,Luxio,,,,
018,,Luxray,,,,
018,,Glameow,,,,
018,,Purugly,,,,
018,,Purrloin,,,,
018,,Liepard,,,,
018,,Litleo,,,,
018,,Pyroar,,,,
018,,Espurr,,,,
018,,Meowstic,,,,
018,,Litten,,,,
018,,Torracat,,,,
018,,Incineroar,,,,
018,,Perrserker,,,,
018,,Sprigatito,,,,
018,,Floragato,,,,
018,,Meowscarada,,,,
019,,Normal,Sirocco,,,
019,,Dragon,Auvergne,,,
019,,Flying,Plume,,,
019,,Psychic,Sophia,,,
019,,Dark,Benedict,,,
019,,Grass,Corwin,,,
019,,Fire,Jasra,,,
019,,Bug,Milady,,,
019,,Ghost,ランプラー,,,
019,,Poison,Seisaku,,,
019,,Water,Caine,,,
019,,Fighting,タリエシン,,,
019,,Steel,Foselos,,,
019,,Fairy,Break,,,
019,,Ice,Sage,,,
019,,Rock,Amagami,,,
019,,Ground,Ada,,,
019,,Electric,Saphir,,,
021,,Archipelago,,,,
021,,Continental,,,,
021,,Elegant,,,,
021,,Garden,,,,
021,,High Plains,,,,
021,,Icy Snow,,,,
021,,Jungle,,,,
021,,Marine,,,,
021,,Meadow,,,,
021,,Modern,,,,
021,,Monsoon,,,,
021,,Ocean,,,,
021,,Polar,,,,
021,,River,,,,
021,,Sandstorm,,,,
021,,Savannah,,,,
021,,Sun,,,,
021,,Tundra,,,,
021,,Fantasy,,,,
022,"Pokémon Gold, Silver, Crystal",Geodude,Team Rocket’s Hideout,Trap Floor,,
022,"Pokémon Gold, Silver, Crystal",Geodude,Team Rocket’s Hideout,Trap Floor,,
022,"Pokémon Gold, Silver, Crystal",Geodude,Team Rocket’s Hideout,Trap Floor,,
022,"Pokémon Gold, Silver, Crystal",Geodude,Team Rocket’s Hideout,Trap Floor,,
022,"Pokémon Gold, Silver, Crystal",Geodude,Team Rocket’s Hideout,Trap Floor,,
022,"Pokémon Gold, Silver, Crystal",Geodude,Team Rocket’s Hideout,Trap Floor,,
022,"Pokémon Gold, Silver, Crystal",Geodude,Team Rocket’s Hideout,Trap Floor,,
022,"Pokémon Gold, Silver, Crystal",Geodude,Team Rocket’s Hideout,Trap Floor,,
022,"Pokémon Gold, Silver, Crystal",Voltorb,Team Rocket’s Hideout,Trap Floor,,
022,"Pokémon Gold, Silver, Crystal",Voltorb,Team Rocket’s Hideout,Trap Floor,,
022,"Pokémon Gold, Silver, Crystal",Voltorb,Team Rocket’s Hideout,Trap Floor,,
022,"Pokémon Gold, Silver, Crystal",Voltorb,Team Rocket’s Hideout,Trap Floor,,
022,"Pokémon Gold, Silver, Crystal",Voltorb,Team Rocket’s Hideout,Trap Floor,,
022,"Pokémon Gold, Silver, Crystal",Voltorb,Team Rocket’s Hideout,Trap Floor,,
022,"Pokémon Gold, Silver, Crystal",Voltorb,Team Rocket’s Hideout,Trap Floor,,
022,"Pokémon Gold, Silver, Crystal",Voltorb,Team Rocket’s Hideout,Trap Floor,,
022,"Pokémon Gold, Silver, Crystal",Electrode,Team Rocket’s Hideout,Transmitter Room,,
022,"Pokémon Gold, Silver, Crystal",Electrode,Team Rocket’s Hideout,Transmitter Room,,
022,"Pokémon Gold, Silver, Crystal",Electrode,Team Rocket’s Hideout,Transmitter Room,,
022,"Pokémon Gold, Silver, Crystal",Koffing,Team Rocket’s Hideout,Trap Floor,,
022,"Pokémon Gold, Silver, Crystal",Koffing,Team Rocket’s Hideout,Trap Floor,,
022,"Pokémon Gold, Silver, Crystal",Koffing,Team Rocket’s Hideout,Trap Floor,,
022,"Pokémon Gold, Silver, Crystal",Koffing,Team Rocket’s Hideout,Trap Floor,,
022,"Pokémon Gold, Silver, Crystal",Koffing,Team Rocket’s Hideout,Trap Floor,,
022,"Pokémon Gold, Silver, Crystal",Koffing,Team Rocket’s Hideout,Trap Floor,,
022,"Pokémon Gold, Silver, Crystal",Koffing,Team Rocket’s Hideout,Trap Floor,,
022,"Pokémon Gold, Silver, Crystal",Koffing,Team Rocket’s Hideout,Trap Floor,,
022,"Pokémon Gold, Silver, Crystal",Koffing,Team Rocket’s Hideout,Trap Floor,,
022,"Pokémon Gold, Silver, Crystal",Lapras,Union Cave,Every Friday,,
022,"Pokémon Gold, Silver, Crystal",Snorlax,Vermilion City,,,
022,"Pokémon Gold, Silver, Crystal",Sudowoodo,Route 36,,,
022,"Pokémon Gold, Silver, Crystal",Raikou,Roaming,,,
022,"Pokémon Gold, Silver, Crystal",Entei,Roaming,,,
022,"Pokémon Gold, Silver, Crystal",Suicune,Roaming,,,
022,"Pokémon Gold, Silver, Crystal",Suicune,Tin Tower,,,
022,"Pokémon Gold, Silver, Crystal",Lugia,Whirl Island,,,
022,"Pokémon Gold, Silver, Crystal",Ho-oh,Tin Tower,,,
022,"Pokémon Ruby, Sapphire, Emerald",Voltorb,New Mauville,,,
022,"Pokémon Ruby, Sapphire, Emerald",Voltorb,New Mauville,,,
022,"Pokémon Ruby, Sapphire, Emerald",Voltorb,New Mauville,,,
022,"Pokémon Ruby, Sapphire, Emerald",Electrode,"Team Aqua Hideout sapphire emerald
Team Magma Hideout ruby",,,
022,"Pokémon Ruby, Sapphire, Emerald",Electrode,"Team Aqua Hideout sapphire emerald
Team Magma Hideout ruby",,,
022,"Pokémon Ruby, Sapphire, Emerald",Sudowoodo,Battle Frontier emerald,,,
022,"Pokémon Ruby, Sapphire, Emerald",Kecleon,Route 119,,,
022,"Pokémon Ruby, Sapphire, Emerald",Kecleon,Route 119,,,
022,"Pokémon Ruby, Sapphire, Emerald",Kecleon,Route 120,,,
022,"Pokémon Ruby, Sapphire, Emerald",Kecleon,Route 120,,,
022,"Pokémon Ruby, Sapphire, Emerald",Kecleon,Route 120,,,
022,"Pokémon Ruby, Sapphire, Emerald",Kecleon,Route 120,,,
022,"Pokémon Ruby, Sapphire, Emerald",Kecleon,Route 120,,,
022,"Pokémon Ruby, Sapphire, Emerald",Kecleon,Route 120,,,
022,"Pokémon Ruby, Sapphire, Emerald",Regirock,Desert Ruins,,,
022,"Pokémon Ruby, Sapphire, Emerald",Regice,Island Cave,,,
022,"Pokémon Ruby, Sapphire, Emerald",Registeel,Ancient Tomb,,,
022,"Pokémon Ruby, Sapphire, Emerald",Latias,Roaming sapphire emerald,,,
022,"Pokémon Ruby, Sapphire, Emerald",Latios,Roaming ruby emerald,,,
022,"Pokémon Ruby, Sapphire, Emerald",Kyogre,"Cave of Origin sapphire
Marine Cave emerald",,,
022,"Pokémon Ruby, Sapphire, Emerald",Groudon,"Cave of Origin ruby
Terra Cave emerald",,,
022,"Pokémon Ruby, Sapphire, Emerald",Rayquaza,Sky Pillar,,,
022,"Pokémon FireRed, LeafGreen",Hypno,Berry Forest,,,
022,"Pokémon FireRed, LeafGreen",Electrode,Power Plant,,,
022,"Pokémon FireRed, LeafGreen",Electrode,Power Plant,,,
022,"Pokémon FireRed, LeafGreen",Snorlax,Route 12,,,
022,"Pokémon FireRed, LeafGreen",Snorlax,Route 16,,,
022,"Pokémon FireRed, LeafGreen",Articuno,Seafoam Islands,,,
022,"Pokémon FireRed, LeafGreen",Zapdos,Power Plant,,,
022,"Pokémon FireRed, LeafGreen",Moltres,Mt. Ember,,,
022,"Pokémon FireRed, LeafGreen",Mewtwo,Cerulean Cave,,,
022,"Pokémon FireRed, LeafGreen",Raikou,Roaming,Starter is Squirtle,,
022,"Pokémon FireRed, LeafGreen",Entei,Roaming,Starter is Bulbasaur,,
022,"Pokémon FireRed, LeafGreen",Suicune,Roaming,Starter is Charmander,,
022,"Pokémon Diamond, Pearl, Platinum",Drifloon,Valley Windwork,Every Friday,,
022,"Pokémon Diamond, Pearl, Platinum",Spiritomb,Route 209,,,
022,"Pokémon Diamond, Pearl, Platinum",Rotom,Old Chateau,"National Dex diamond pearl
Night only",,
022,"Pokémon Diamond, Pearl, Platinum",Uxie,Acuity Cavern,,,
022,"Pokémon Diamond, Pearl, Platinum",Mesprit,Roaming,,,
022,"Pokémon Diamond, Pearl, Platinum",Azelf,Valor Cavern,,,
022,"Pokémon Diamond, Pearl, Platinum",Dialga,Spear Pillar diamond platinum,Talking to Cynthia’s grandmother in Celestic Town platinum,,
022,"Pokémon Diamond, Pearl, Platinum",Palkia,Spear Pillar pearl platinum,Talking to Cynthia’s grandmother in Celestic Town platinum,,
022,"Pokémon Diamond, Pearl, Platinum",Heatran,Stark Mountain,Talking to Buck and his grandfather in Survival Area,,
022,"Pokémon Diamond, Pearl, Platinum",Regigigas,Snowpoint Temple,"Requires Regirock, Regice, Registeel",,
022,"Pokémon Diamond, Pearl, Platinum",Giratina,"Turnback Cave diamond pearl 
Distortion World platinum",,,
022,"Pokémon Diamond, Pearl, Platinum",Cresselia,Roaming,Bringing Lunar Wing to Eldritch’s son,,
022,"Pokémon Diamond, Pearl, Platinum",Articuno,Roaming,Talking to Professor Oak in Eterna City,,
022,"Pokémon Diamond, Pearl, Platinum",Zapdos,Roaming,Talking to Professor Oak in Eterna City,,
022,"Pokémon Diamond, Pearl, Platinum",Moltres,Roaming,Talking to Professor Oak in Eterna City,,
022,"Pokémon HeartGold, SoulSilver",Geodude,Team Rocket HQ,Trap Floor Before defeating Electrodes,,
022,"Pokémon HeartGold, SoulSilver",Geodude,Team Rocket HQ,Trap Floor Before defeating Electrodes,,
022,"Pokémon HeartGold, SoulSilver",Geodude,Team Rocket HQ,Trap Floor Before defeating Electrodes,,
022,"Pokémon HeartGold, SoulSilver",Geodude,Team Rocket HQ,Trap Floor Before defeating Electrodes,,
022,"Pokémon HeartGold, SoulSilver",Geodude,Team Rocket HQ,Trap Floor Before defeating Electrodes,,
022,"Pokémon HeartGold, SoulSilver",Voltorb,Team Rocket HQ,Trap Floor Before defeating Electrodes,,
022,"Pokémon HeartGold, SoulSilver",Voltorb,Team Rocket HQ,Trap Floor Before defeating Electrodes,,
022,"Pokémon HeartGold, SoulSilver",Voltorb,Team Rocket HQ,Trap Floor Before defeating Electrodes,,
022,"Pokémon HeartGold, SoulSilver",Voltorb,Team Rocket HQ,Trap Floor Before defeating Electrodes,,
022,"Pokémon HeartGold, SoulSilver",Voltorb,Team Rocket HQ,Trap Floor Before defeating Electrodes,,
022,"Pokémon HeartGold, SoulSilver",Voltorb,Team Rocket HQ,Trap Floor Before defeating Electrodes,,
022,"Pokémon HeartGold, SoulSilver",Electrode,Team Rocket HQ,,,
022,"Pokémon HeartGold, SoulSilver",Electrode,Team Rocket HQ,,,
022,"Pokémon HeartGold, SoulSilver",Electrode,Team Rocket HQ,,,
022,"Pokémon HeartGold, SoulSilver",Koffing,Team Rocket HQ,Trap Floor Before defeating Electrodes,,
022,"Pokémon HeartGold, SoulSilver",Koffing,Team Rocket HQ,Trap Floor Before defeating Electrodes,,
022,"Pokémon HeartGold, SoulSilver",Koffing,Team Rocket HQ,Trap Floor Before defeating Electrodes,,
022,"Pokémon HeartGold, SoulSilver",Koffing,Team Rocket HQ,Trap Floor Before defeating Electrodes,,
022,"Pokémon HeartGold, SoulSilver",Koffing,Team Rocket HQ,Trap Floor Before defeating Electrodes,,
022,"Pokémon HeartGold, SoulSilver",Lapras,Union Cave,Every Friday,,
022,"Pokémon HeartGold, SoulSilver",Snorlax,Route 11,,,
022,"Pokémon HeartGold, SoulSilver",Articuno,Seafoam Islands,Requires 16 badges,,
022,"Pokémon HeartGold, SoulSilver",Zapdos,Route 10,Requires 16 badges,,
022,"Pokémon HeartGold, SoulSilver",Moltres,Mt. Silver Cave,,,
022,"Pokémon HeartGold, SoulSilver",Mewtwo,Cerulean Cave,,,
022,"Pokémon HeartGold, SoulSilver",Sudowoodo,Route 36,,,
022,"Pokémon HeartGold, SoulSilver",Raikou,Roaming,,,
022,"Pokémon HeartGold, SoulSilver",Entei,Roaming,,,
022,"Pokémon HeartGold, SoulSilver",Suicune,Route 25,,,
022,"Pokémon HeartGold, SoulSilver",Lugia,Whirl Islands,Requires Tidal Bell soulsilver,,
022,"Pokémon HeartGold, SoulSilver",Ho-oh,Bell Tower,Requires Clear Bell heartgold,,
022,"Pokémon HeartGold, SoulSilver",Latias,Roaming heartgold,,,
022,"Pokémon HeartGold, SoulSilver",Latios,Roaming soulsilver,,,
022,"Pokémon HeartGold, SoulSilver",Kyogre,Embedded Tower heartgold,,,
022,"Pokémon HeartGold, SoulSilver",Groudon,Embedded Tower soulsilver,,,
022,"Pokémon HeartGold, SoulSilver",Rayquaza,Embedded Tower,,,
022,"Pokémon Black, White",Musharna,Dreamyard,Every Friday,,
022,"Pokémon Black, White",Darmanitan,Desert Resort,Requires Rage Candy Bar,,
022,"Pokémon Black, White",Darmanitan,Desert Resort,Requires Rage Candy Bar,,
022,"Pokémon Black, White",Darmanitan,Desert Resort,Requires Rage Candy Bar,,
022,"Pokémon Black, White",Darmanitan,Desert Resort,Requires Rage Candy Bar,,
022,"Pokémon Black, White",Darmanitan,Desert Resort,Requires Rage Candy Bar,,
022,"Pokémon Black, White",Foongus,Route 6,,,
022,"Pokémon Black, White",Foongus,Route 6,,,
022,"Pokémon Black, White",Foongus,Route 10,,,
022,"Pokémon Black, White",Foongus,Route 10,,,
022,"Pokémon Black, White",Amoonguss,Route 10,,,
022,"Pokémon Black, White",Amoonguss,Route 10,,,
022,"Pokémon Black, White",Volcarona,Relic Castle,,,
022,"Pokémon Black, White",Cobalion,Mistralton Cave,,,
022,"Pokémon Black, White",Terrakion,Victory Road,After Cobalion,,
022,"Pokémon Black, White",Virizion,Pinwheel Forest,After Cobalion,,
022,"Pokémon Black, White",Tornadus,Roaming black,,,
022,"Pokémon Black, White",Thundurus,Roaming white,,,
022,"Pokémon Black, White",Landorus,Abundant Shrine,,,
022,"Pokémon Black, White",Kyurem,Giant Chasm,,,
022,"Pokémon Black2, White2",Regirock,Underground Ruins,,,
022,"Pokémon Black2, White3",Regice,Underground Ruins,Iceberg Key,,
022,"Pokémon Black2, White4",Registeel,Underground Ruins,Steel Key,,
022,"Pokémon Black2, White5",Latias,Dreamyard white2,,,
022,"Pokémon Black2, White6",Latios,Dreamyard black2,,,
022,"Pokémon Black2, White7",Uxie,Nacrene City,,,
022,"Pokémon Black2, White8",Mesprit,Celestial Tower,,,
022,"Pokémon Black2, White9",Azelf,Route 23,,,
022,"Pokémon Black2, White10",Heatran,Reversal Mountain,,,
022,"Pokémon Black2, White11",Regigigas,Twist Mountain,"Regirock, Regice, Registeel in party",,
022,"Pokémon Black2, White12",Cresselia,Marvelous Bridge,,,
022,"Pokémon Black2, White13",Crustle,Seaside Cave,,,
022,"Pokémon Black2, White14",Foongus,Route 6,,,
022,"Pokémon Black2, White15",Foongus,Route 6,,,
022,"Pokémon Black2, White16",Foongus,Route 6,,,
022,"Pokémon Black2, White17",Foongus,Route 7,,,
022,"Pokémon Black2, White18",Foongus,Route 7,,,
022,"Pokémon Black2, White19",Amoonguss,Route 11,,,
022,"Pokémon Black2, White20",Amoonguss,Route 11,,,
022,"Pokémon Black2, White21",Amoonguss,Route 22,,,
022,"Pokémon Black2, White22",Amoonguss,Route 22,,,
022,"Pokémon Black2, White23",Amoonguss,Route 23,,,
022,"Pokémon Black2, White24",Amoonguss,Route 23,,,
022,"Pokémon Black2, White25",Amoonguss,Route 23,,,
022,"Pokémon Black2, White26",Jellicent M,Undella Bay black2,Every Monday,,
022,"Pokémon Black2, White27",Jellicent F,Undella Bay white2,Every Thursday,,
022,"Pokémon Black2, White28",Braviary,Route 4 white2,Every Monday,,
022,"Pokémon Black2, White29",Mandibuzz,Route 4 black2,Every Thursday,,
022,"Pokémon Black2, White30",Volcarona,Relic Castle,,,
022,"Pokémon Black2, White31",Cobalion,Route 13,,,
022,"Pokémon Black2, White32",Terrakion,Route 22,,,
022,"Pokémon Black2, White33",Virizion,Route 11,,,
022,"Pokémon Black2, White34",Kyurem,Giant Chasm,,,
022,"Pokémon X, Y",Snorlax,Route 7,,,
022,"Pokémon X, Y",Banette,Pokémon Village,Trash Can Thursday,,
022,"Pokémon X, Y",Banette,Pokémon Village,Trash Can Thursday,,
022,"Pokémon X, Y",Banette,Pokémon Village,Trash Can Thursday,,
022,"Pokémon X, Y",Banette,Pokémon Village,Trash Can Thursday,,
022,"Pokémon X, Y",Rotom,Lost Hotel,Trash Can Tuesday,,
022,"Pokémon X, Y",Rotom,Lost Hotel,Trash Can Tuesday,,
022,"Pokémon X, Y",Rotom,Lost Hotel,Trash Can Tuesday,,
022,"Pokémon X, Y",Rotom,Lost Hotel,Trash Can Tuesday,,
022,"Pokémon X, Y",Trubbish,Lost Hotel,Trash Can,,
022,"Pokémon X, Y",Garbodor,Pokémon Village,Trash Can,,
022,"Pokémon X, Y",Garbodor,Lost Hotel,Trash Can,,
022,"Pokémon Omega Ruby, Alpha Sapphire",Voltorb,New Mauville,,,
022,"Pokémon Omega Ruby, Alpha Sapphire",Voltorb,New Mauville,,,
022,"Pokémon Omega Ruby, Alpha Sapphire",Voltorb,New Mauville,,,
022,"Pokémon Omega Ruby, Alpha Sapphire",Voltorb,New Mauville,,,
022,"Pokémon Omega Ruby, Alpha Sapphire",Electrode,"Team Aqua Hideout alphasapphire
Team Magma Hideout omegaruby",,,
022,"Pokémon Omega Ruby, Alpha Sapphire",Electrode,"Team Aqua Hideout alphasapphire
Team Magma Hideout omegaruby",,,
022,"Pokémon Omega Ruby, Alpha Sapphire",Raikou,Trackless Forest,"Lugia or Ho-oh in party
XX:00 – XX:19",,
022,"Pokémon Omega Ruby, Alpha Sapphire",Entei,Trackless Forest,"Lugia or Ho-oh in party
XX:20 – XX:39",,
022,"Pokémon Omega Ruby, Alpha Sapphire",Suicune,Trackless Forest,"Lugia or Ho-oh in party
XX:40 – XX:59",,
022,"Pokémon Omega Ruby, Alpha Sapphire",Lugia,Sea Mauville alphasapphire,Tidal Bell,,
022,"Pokémon Omega Ruby, Alpha Sapphire",Ho-oh,Sea Mauville omegaruby,Clear Bell,,
022,"Pokémon Omega Ruby, Alpha Sapphire",Kecleon,Route 119,,,
022,"Pokémon Omega Ruby, Alpha Sapphire",Kecleon,Route 120,,,
022,"Pokémon Omega Ruby, Alpha Sapphire",Kecleon,Route 120,,,
022,"Pokémon Omega Ruby, Alpha Sapphire",Kecleon,Route 120,,,
022,"Pokémon Omega Ruby, Alpha Sapphire",Kecleon,Lavaridge Town,,,
022,"Pokémon Omega Ruby, Alpha Sapphire",Kecleon,Mossdeep Space Center,,,
022,"Pokémon Omega Ruby, Alpha Sapphire",Regirock,Desert Ruins,,,
022,"Pokémon Omega Ruby, Alpha Sapphire",Regice,Island Cave,,,
022,"Pokémon Omega Ruby, Alpha Sapphire",Registeel,Ancient Tomb,,,
022,"Pokémon Omega Ruby, Alpha Sapphire",Spiritomb,Sea Mauville,,,
022,"Pokémon Omega Ruby, Alpha Sapphire",Uxie,Nameless Cavern,"3 Max Friendship in party
20:00 – 20:59",,
022,"Pokémon Omega Ruby, Alpha Sapphire",Mesprit,Nameless Cavern,"3 Max Friendship in party
04:00 – 19:59",,
022,"Pokémon Omega Ruby, Alpha Sapphire",Azelf,Nameless Cavern,"3 Max Friendship in party
21:00 – 09:59",,
022,"Pokémon Omega Ruby, Alpha Sapphire",Dialga,Dimensional Rift alphasapphire,"Uxie, Mesprit, Azelf in party",,
022,"Pokémon Omega Ruby, Alpha Sapphire",Palkia,Dimensional Rift omegaruby,"Uxie, Mesprit, Azelf in party",,
022,"Pokémon Omega Ruby, Alpha Sapphire",Heatran,Scorched Slab,,,
022,"Pokémon Omega Ruby, Alpha Sapphire",Regigigas,Island Cave day,"Nicknamed Regice with “cold item”, Regirock, Registeel in party",,
022,"Pokémon Omega Ruby, Alpha Sapphire",Giratina,Dimensional Rift,"Dialga, Palkia in party",,
022,"Pokémon Omega Ruby, Alpha Sapphire",Cresselia,Crescent Isle,,,
022,"Pokémon Omega Ruby, Alpha Sapphire",Cobalion,Pathless Plain,"3 Pokémon 510 EVs in party
Sunday, Wednesday, Friday",,
022,"Pokémon Omega Ruby, Alpha Sapphire",Terrakion,Pathless Plain,"3 Pokémon 510 EVs in party
Tuesday, Saturday",,
022,"Pokémon Omega Ruby, Alpha Sapphire",Virizion,Pathless Plain,"3 Pokémon 510 EVs in party
Monday, Thursday",,
022,"Pokémon Omega Ruby, Alpha Sapphire",Tornadus,Storm Cloud omegaruby,Castform in party,,
022,"Pokémon Omega Ruby, Alpha Sapphire",Thundurus,Storm Cloud alphasapphire,Castform in party,,
022,"Pokémon Omega Ruby, Alpha Sapphire",Reshiram,Fabled Cave omegaruby,Level 100 Pokémon in party,,
022,"Pokémon Omega Ruby, Alpha Sapphire",Zekrom,Fabled Cave alphasapphire,Level 100 Pokémon in party,,
022,"Pokémon Omega Ruby, Alpha Sapphire",Landorus,Storm Cloud,"Tornadus, Thundurus in party",,
022,"Pokémon Omega Ruby, Alpha Sapphire",Kyurem,Gnarled Den,"Reshiram, Zekrom in party",,
022,"Pokémon Sun, Moon",Exeggutor Alolan Form,Exeggutor Island,,,
022,"Pokémon Sun, Moon",Wimpod,Route 8,,,
022,"Pokémon Sun, Moon",Wimpod,Poni Breaker Coast,,,
022,"Pokémon Sun, Moon",Wimpod,Poni Wilds,,,
022,"Pokémon UltraSun, UltraMoon",Gastly,Trainer’s School,,,
022,"Pokémon UltraSun, UltraMoon",Hypno,Hau’oli City,,,
022,"Pokémon UltraSun, UltraMoon",Hypno,Hau’oli City,,,
022,"Pokémon UltraSun, UltraMoon",Hypno,Hau’oli City,,,
022,"Pokémon UltraSun, UltraMoon",Electrode,Team Rocket’s Castle,,,
022,"Pokémon UltraSun, UltraMoon",Electrode,Team Rocket’s Castle,,,
022,"Pokémon UltraSun, UltraMoon",Electrode,Team Rocket’s Castle,,,
022,"Pokémon UltraSun, UltraMoon",Pinsir,Exeggutor Island,,,
022,"Pokémon UltraSun, UltraMoon",Pinsir,Exeggutor Island,,,
022,"Pokémon UltraSun, UltraMoon",Pinsir,Exeggutor Island,,,
022,"Pokémon UltraSun, UltraMoon",Ditto,Route 9,,,
022,"Pokémon UltraSun, UltraMoon",Ditto,Konikoni City,,,
022,"Pokémon UltraSun, UltraMoon",Ditto,Konikoni City,,,
022,"Pokémon UltraSun, UltraMoon",Ditto,Konikoni City,,,
022,"Pokémon UltraSun, UltraMoon",Ditto,Konikoni City,,,
022,"Pokémon UltraSun, UltraMoon",Articuno,Ultra Space Wilds,Cliff World,,
022,"Pokémon UltraSun, UltraMoon",Zapdos,Ultra Space Wilds,Cliff World,,
022,"Pokémon UltraSun, UltraMoon",Moltres,Ultra Space Wilds,Cliff World,,
022,"Pokémon UltraSun, UltraMoon",Mewtwo,Ultra Space Wilds,Rocky World,,
022,"Pokémon UltraSun, UltraMoon",Raikou,Ultra Space Wilds ultrasun,Rocky World,,
022,"Pokémon UltraSun, UltraMoon",Entei,Ultra Space Wilds ultramoon,Rocky World,,
022,"Pokémon UltraSun, UltraMoon",Suicune,Ultra Space Wilds,"Water World
Raikou, Entei in party",,
022,"Pokémon UltraSun, UltraMoon",Lugia,Ultra Space Wilds ultramoon,Water World,,
022,"Pokémon UltraSun, UltraMoon",Ho-oh,Ultra Space Wilds ultrasun,Cliff World,,
022,"Pokémon UltraSun, UltraMoon",Regirock,Ultra Space Wilds,Cave World,,
022,"Pokémon UltraSun, UltraMoon",Regice,Ultra Space Wilds,Cave World,,
022,"Pokémon UltraSun, UltraMoon",Registeel,Ultra Space Wilds,Cave World,,
022,"Pokémon UltraSun, UltraMoon",Latias,Ultra Space Wilds ultramoon,Water World,,
022,"Pokémon UltraSun, UltraMoon",Latios,Ultra Space Wilds ultrasun,Water World,,
022,"Pokémon UltraSun, UltraMoon",Kyogre,Ultra Space Wilds ultramoon,Water World,,
022,"Pokémon UltraSun, UltraMoon",Groudon,Ultra Space Wilds ultrasun,Cave World,,
022,"Pokémon UltraSun, UltraMoon",Rayquaza,Ultra Space Wilds,"Cliff World
Kyogre, Groudon in party",,
022,"Pokémon UltraSun, UltraMoon",Drifloon,Trainer’s School,,,
022,"Pokémon UltraSun, UltraMoon",Uxie,Ultra Space Wilds,Water World,,
022,"Pokémon UltraSun, UltraMoon",Mesprit,Ultra Space Wilds,Water World,,
022,"Pokémon UltraSun, UltraMoon",Azelf,Ultra Space Wilds,Water World,,
022,"Pokémon UltraSun, UltraMoon",Dialga,Ultra Space Wilds ultrasun,Rocky World,,
022,"Pokémon UltraSun, UltraMoon",Palkia,Ultra Space Wilds ultramoon,Cave World,,
022,"Pokémon UltraSun, UltraMoon",Heatran,Ultra Space Wilds ultrasun,Cave World,,
022,"Pokémon UltraSun, UltraMoon",Regigigas,Ultra Space Wilds ultramoon,Cave World,,
022,"Pokémon UltraSun, UltraMoon",Giratina,Ultra Space Wilds,"Cave World
Dialga, Palkia in party",,
022,"Pokémon UltraSun, UltraMoon",Cresselia,Ultra Space Wilds,Cliff World,,
022,"Pokémon UltraSun, UltraMoon",Frilish,Route 14,,,
022,"Pokémon UltraSun, UltraMoon",Cobalion,Ultra Space Wilds,Rocky World,,
022,"Pokémon UltraSun, UltraMoon",Terrakion,Ultra Space Wilds,Rocky World,,
022,"Pokémon UltraSun, UltraMoon",Virizion,Ultra Space Wilds,Rocky World,,
022,"Pokémon UltraSun, UltraMoon",Tornadus,Ultra Space Wilds ultrasun,Cliff World,,
022,"Pokémon UltraSun, UltraMoon",Thundurus,Ultra Space Wilds ultramoon,Cliff World,,
022,"Pokémon UltraSun, UltraMoon",Reshiram,Ultra Space Wilds ultrasun,Rocky World,,
022,"Pokémon UltraSun, UltraMoon",Zekrom,Ultra Space Wilds ultramoon,Rocky World,,
022,"Pokémon UltraSun, UltraMoon",Landorus,Ultra Space Wilds,"Cliff World
Tornadus, Thundurus in party",,
022,"Pokémon UltraSun, UltraMoon",Kyurem,Ultra Space Wilds,"Water World
Reshiram, Zekrom in party",,
022,"Pokémon UltraSun, UltraMoon",Xerneas,Ultra Space Wilds ultrasun,Rocky World,,
022,"Pokémon UltraSun, UltraMoon",Yveltal,Ultra Space Wilds ultramoon,Cliff World,,
022,"Pokémon UltraSun, UltraMoon",Bewear,Hau’oli City,,,
022,"Pokémon UltraSun, UltraMoon",Sandygast,Route 15 ultramoon,,,
022,"Pokémon UltraSun, UltraMoon",Nihilego,Ultra Deep Sea,,,
022,"Pokémon UltraSun, UltraMoon",Buzzwole,Ultra Jungle ultrasun,,,
022,"Pokémon UltraSun, UltraMoon",Pheromosa,Ultra Desert ultramoon,,,
022,"Pokémon UltraSun, UltraMoon",Xurkitree,Ultra Plant,,,
022,"Pokémon UltraSun, UltraMoon",Celesteela,Ultra Crater ultramoon,,,
022,"Pokémon UltraSun, UltraMoon",Kartana,Ultra Forest ultrasun,,,
022,"Pokémon UltraSun, UltraMoon",Guzzlord,Ultra Ruin,,,
022,"Pokémon UltraSun, UltraMoon",Stakataka,Poni Grove ultramoon,,,
022,"Pokémon UltraSun, UltraMoon",Stakataka,Poni Grove ultramoon,,,
022,"Pokémon UltraSun, UltraMoon",Blacephalon,Poni Grove ultrasun,,,
022,"Pokémon UltraSun, UltraMoon",Blacephalon,Poni Grove ultrasun,,,
022,"Let's Go Pikachu, Let's Go Eevee",Snorlax,Route 12,,,
022,"Let's Go Pikachu, Let's Go Eevee",Snorlax,Route 16,,,
022,"Let's Go Pikachu, Let's Go Eevee",Electrode,Power Plant,,,
022,"Let's Go Pikachu, Let's Go Eevee",Electrode,Power Plant,,,
022,"Let's Go Pikachu, Let's Go Eevee",Electrode,Power Plant,,,
022,"Let's Go Pikachu, Let's Go Eevee",Electrode,Power Plant,,,
022,"Let's Go Pikachu, Let's Go Eevee",Articuno,Seafom Islands,,,
022,"Let's Go Pikachu, Let's Go Eevee",Zapdos,Power Plant,,,
022,"Let's Go Pikachu, Let's Go Eevee",Moltres,Victory Road,,,
022,"Let's Go Pikachu, Let's Go Eevee",Mewtwo,Cerulean Cave,,,
011,,Bulbasaur,"Let's Go Pikachu, Let's Go Eevee",,,
011,,Charmander,"Let's Go Pikachu, Let's Go Eevee",,,
011,,Squirtle,"Let's Go Pikachu, Let's Go Eevee",,,
011,,Persian,Let's Go Pikachu,,,
011,,Arcanine,Let's Go Eevee,,,
011,,Lapras,"Let's Go Pikachu, Let's Go Eevee",,,
011,,Hitmonlee,"Let's Go Pikachu, Let's Go Eevee",,,
011,,Hitmonchan,"Let's Go Pikachu, Let's Go Eevee",,,
011,,Porygon,"Let's Go Pikachu, Let's Go Eevee",,,
022,"Pokémon Sword, Shield",Regirock,Rock Peak Ruins,,,
022,"Pokémon Sword, Shield",Regice,Iceberg Ruins,,,
022,"Pokémon Sword, Shield",Registeel,Iron Ruins,,,
022,"Pokémon Sword, Shield",Regieleki,Split-Decision Ruins,,,
022,"Pokémon Sword, Shield",Regidrago,Split-Decision Ruins,,,
022,"Pokémon Sword, Shield",Spiritomb,Ballimere Lake,Requires speaking to 32 players avatars,,
022,"Pokémon Sword, Shield",Regigigas,Giant’s Bed,Required all 5 titans in party,,
022,"Pokémon Sword, Shield",Cobalion,Frigid Sea,,,
022,"Pokémon Sword, Shield",Terrakion,Lakeside Cave,,,
022,"Pokémon Sword, Shield",Virizion,Giant’s Bed,,,
022,"Pokémon Brilliant Diamond, Shining Pearl",Drifloon,Valley Windwork,Every Friday,,
022,"Pokémon Brilliant Diamond, Shining Pearl",Spiritomb,Route 209,After speaking 32 times to people in Grand Underground,,
022,"Pokémon Brilliant Diamond, Shining Pearl",Uxie,Acuity Cavern,,,
022,"Pokémon Brilliant Diamond, Shining Pearl",Mesprit,Roaming,,,
022,"Pokémon Brilliant Diamond, Shining Pearl",Azelf,Valor Cavern,,,
022,"Pokémon Brilliant Diamond, Shining Pearl",Rotom,Old Chateau,,,
022,"Pokémon Brilliant Diamond, Shining Pearl",Heatran,Stark Mountain,,,
022,"Pokémon Brilliant Diamond, Shining Pearl",Regigigas,Snowpoint Temple,,,
022,"Pokémon Brilliant Diamond, Shining Pearl",Giratina,Turnback Cave,,,
022,"Pokémon Brilliant Diamond, Shining Pearl",Cresselia,Roaming,,,
022,"Pokémon Brilliant Diamond, Shining Pearl",Articuno,Ramanas Park shiningpearl,,,
022,"Pokémon Brilliant Diamond, Shining Pearl",Zapdos,Ramanas Park shiningpearl,,,
022,"Pokémon Brilliant Diamond, Shining Pearl",Moltres,Ramanas Park shiningpearl,,,
022,"Pokémon Brilliant Diamond, Shining Pearl",Mewtwo,Ramanas Park,,,
022,"Pokémon Brilliant Diamond, Shining Pearl",Raikou,Ramanas Park brilliantdiamond,,,
022,"Pokémon Brilliant Diamond, Shining Pearl",Entei,Ramanas Park brilliantdiamond,,,
022,"Pokémon Brilliant Diamond, Shining Pearl",Suicune,Ramanas Park brilliantdiamond,,,
022,"Pokémon Brilliant Diamond, Shining Pearl",Lugia,Ramanas Park shiningpearl,,,
022,"Pokémon Brilliant Diamond, Shining Pearl",Ho-oh,Ramanas Park brilliantdiamond,,,
022,"Pokémon Brilliant Diamond, Shining Pearl",Regirock,Ramanas Park,,,
022,"Pokémon Brilliant Diamond, Shining Pearl",Regice,Ramanas Park,,,
022,"Pokémon Brilliant Diamond, Shining Pearl",Registeel,Ramanas Park,,,
022,"Pokémon Brilliant Diamond, Shining Pearl",Latias,Ramanas Park,,,
022,"Pokémon Brilliant Diamond, Shining Pearl",Latios,Ramanas Park,,,
022,"Pokémon Brilliant Diamond, Shining Pearl",Kyogre,Ramanas Park,,,
022,"Pokémon Brilliant Diamond, Shining Pearl",Groudon,Ramanas Park,,,
022,"Pokémon Brilliant Diamond, Shining Pearl",Rayquaza,Ramanas Park,,,
022,"Pokémon Brilliant Diamond, Shining Pearl",Arceus,Hall of Origin,,,
023,,Ivysaur,,,,
023,,Venusaur,,,,
023,,Gloom,,,,
023,,Vileplume,,,,
023,,Bellsprout,,,,
023,,Weepinbell,,,,
023,,Victreebel,,,,
023,,Meganium,,,,
023,,Bellossom,,,,
023,,Skiploom,,,,
023,,Jumpluff,,,,
023,,Sukern,,,,
023,,Sunflora,,,,
023,,Roselia,,,,
023,,Lileep,,,,
023,,Cradily,,,,
023,,Roserade,,,,
023,,Cherrim,,,,
023,,Shaymin,,,,
023,,Cottonee,,,,
023,,Whimsicott,,,,
023,,Lilligant,,,,
023,,Maractus,,,,
023,,Deerling,,,,
023,,Sawsbuck – Spring Form,,,,
023,,Flabébé,,,,
023,,Floette,,,,
023,,Florges,,,,
023,,Comfey,,,,
023,,Gossifleur,,,,
023,,Edelgoss,,,,
024,"Pokémon Gold, Silver, Crystal",Zubat,Route 32 gold silver dawn,,,
024,"Pokémon Gold, Silver, Crystal",Weezing,Burned Tower B1F crystal,,,
024,"Pokémon Gold, Silver, Crystal",Jynx,Ice Path B1F crystal dawn day,,,
024,"Pokémon Gold, Silver, Crystal",Chansey,"Route 13, Route 14, Route 15",,,
024,"Pokémon Gold, Silver, Crystal",Yanma,Route 35,,,
024,"Pokémon Gold, Silver, Crystal",Quagsire,Route 26 gold dawn,,,
024,"Pokémon Gold, Silver, Crystal",Marill,Mt. Mortar 1F gold silver,,,
024,"Pokémon Gold, Silver, Crystal",Snubbull,Route 38 gold silver,,,
024,"Pokémon Gold, Silver, Crystal",Sneasel,Ice Path B1F crystal night,,,
024,"Pokémon Gold, Silver, Crystal",Dunsparce,Dark Cave – Route 31 Side,,,
024,"Pokémon Gold, Silver, Crystal",Pupitar,Mt. Silver Cave (Summit) crystal dawn day,,,
024,"Pokémon Ruby, Sapphire, Emerald",Magneton,New Mauville Basement,,,
024,"Pokémon Ruby, Sapphire, Emerald",Electrode,New Mauville Basement,,,
024,"Pokémon Ruby, Sapphire, Emerald",Tentacruel,Abandoned Ship surfing,,,
024,"Pokémon Ruby, Sapphire, Emerald",Goldeen,"Route 102, Route 111, Route 114, Route 117, Route 120 emerald surfing",,,
024,"Pokémon Ruby, Sapphire, Emerald",Quagsire,Safari Zone Area 5 emerald surfing,,,
024,"Pokémon Ruby, Sapphire, Emerald",Octillery,Safari Zone Area 5 emerald fishing,,,
024,"Pokémon Ruby, Sapphire, Emerald",Seedot,"Route 102, Route 117, Route 120 emerald",,,
024,"Pokémon Ruby, Sapphire, Emerald",Nuzleaf,Route 114 emerald,,,
024,"Pokémon Ruby, Sapphire, Emerald",Surskit,"Route 102, Route 114, Route 117, Route 120 ruby sapphire
Route 102, Route 111, Route 114, Route 117, Route 120 ruby sapphire surfing",,,
024,"Pokémon Ruby, Sapphire, Emerald",Volbeat,Route 117 ruby emerald,,,
024,"Pokémon Ruby, Sapphire, Emerald",Illumise,Route 117 sapphire,,,
024,"Pokémon Ruby, Sapphire, Emerald",Kecleon,"Route 118, Route 119, Route 120, Route 121, Route 123, Route 125",,,
024,"Pokémon Ruby, Sapphire, Emerald",Wailord,Route 129,,,
024,"Pokémon FireRed, LeafGreen",Metapod,"Route 24, Route 25 firered",,,
024,"Pokémon FireRed, LeafGreen",Kakuna,"Route 24, Route 25 leafgreen",,,
024,"Pokémon FireRed, LeafGreen",Nidoran F,Route 3 firered,,,
024,"Pokémon FireRed, LeafGreen",Nidoran M,Route 3 leafgreen,,,
024,"Pokémon FireRed, LeafGreen",Clefairy,Mt. Moon 1F,,,
024,"Pokémon FireRed, LeafGreen",Psyduck,"Pallet Town, Cerulean City, Vermilion City, Vermilion City Port, Cinnabar Island, Route 4, Route 10, Route 11, Route 13, Route 19, Route 20, Route 21, Route 24, One Island, Five Island, Treasure Beach, Kindle Road, Bond Bridge, Resort Gorgeous, Water Labyrinth, Trainer Tower, Water Path, Green Path, Outcast Island, Memorial Pillar, Five Isle Meadow, Tanoby Ruins, Icefall Cave Back Cave firered fishing",,,
024,"Pokémon FireRed, LeafGreen",Golduck,Seafoam Islands B3F B4F firered surfing,,,
024,"Pokémon FireRed, LeafGreen",Slowpoke,"Pallet Town, Cerulean City, Vermilion City, Vermilion City Port, Cinnabar Island, Route 4, Route 10, Route 11, Route 13, Route 19, Route 20, Route 21, Route 24, One Island, Five Island, Treasure Beach, Kindle Road, Bond Bridge, Resort Gorgeous, Water Labyrinth, Trainer Tower, Water Path, Green Path, Outcast Island, Memorial Pillar, Five Isle Meadow, Tanoby Ruins, Icefall Cave Back Cave leafgreen fishing",,,
024,"Pokémon FireRed, LeafGreen",Slowbro,Seafoam Islands B3F B4F leafgreen surfing,,,
024,"Pokémon FireRed, LeafGreen",Haunter,Pokémon Tower 3F,,,
024,"Pokémon FireRed, LeafGreen",Koffing,Celadon City surfing,,,
024,"Pokémon FireRed, LeafGreen",Grimer,Celadon City fishing,,,
024,"Pokémon FireRed, LeafGreen",Kangaskhan,Safari Zone West,,,
024,"Pokémon FireRed, LeafGreen",Scyther,Safari Zone East firered,,,
024,"Pokémon FireRed, LeafGreen",Pinsir,Safari Zone East leafgreen,,,
024,"Pokémon FireRed, LeafGreen",Tauros,Safari Zone North,,,
024,"Pokémon FireRed, LeafGreen",Chansey,Safari Zone Center,,,
024,"Pokémon FireRed, LeafGreen",Lapras,Icefall Cave Back Cave surfing,,,
024,"Pokémon FireRed, LeafGreen",Dragonair,Safari Zone fishing,,,
024,"Pokémon FireRed, LeafGreen",Unown ?,Tanoby Chambers – Monean Chamber,,,
024,"Pokémon FireRed, LeafGreen",Unown O,Tanoby Chambers – Liptoo Chamber,,,
024,"Pokémon FireRed, LeafGreen",Unown !,Tanoby Chambers – Viapois Chamber,,,
024,"Pokémon FireRed, LeafGreen",Wobbuffet,Cerulean Cave B1F,,,
024,"Pokémon Diamond, Pearl, Platinum",Geodude,Iron Island,,,
024,"Pokémon Diamond, Pearl, Platinum",Golbat,Lost Tower 3F,,,
024,"Pokémon Diamond, Pearl, Platinum",Tentacruel,"Route 205 South, Route 212 North Rain, Valley Windwork, Iron Island platinum surfing",,,
024,"Pokémon Diamond, Pearl, Platinum",Beautifly,"Route 205 North, Eterna Forest platinum",,,
024,"Pokémon Diamond, Pearl, Platinum",Dustox,"Route 205 North, Eterna Forest platinum",,,
024,"Pokémon Diamond, Pearl, Platinum",Kirlia,"Route 203, Route 204 South pokeradar",,,
024,"Pokémon Diamond, Pearl, Platinum",Azurill,Great Marsh Area 1 2 3 4 6 diamond pearl,,,
024,"Pokémon Diamond, Pearl, Platinum",Pelipper,"Sunyshore City, Route 219, Route 220, Route 221, Route 222 platinum surfing",,,
024,"Pokémon Diamond, Pearl, Platinum",Chimecho,"Mount Coronet 4F Room 3, Turnback Cave Between First and Second Pillar platinum",,,
024,"Pokémon Diamond, Pearl, Platinum",Dusclops,"Turnback Cave Before Encountering a Pillar pokeradar platinum
Turnback Cave Between First and Second Pillar platinum dawn day",,,
024,"Pokémon Diamond, Pearl, Platinum",Bidoof,Great Marsh Area 1 2 3 4 6 diamond pearl,,,
024,"Pokémon Diamond, Pearl, Platinum",Shellos East Sea,Route 224 diamond pearl,,,
024,"Pokémon Diamond, Pearl, Platinum",Gastrodon East Sea,"Pastoria City, Route 213 platinum surfing",,,
024,"Pokémon Diamond, Pearl, Platinum",Gastrodon West Sea,"Canalave City, Route 218, Fuego Ironworks platinum surfing",,,
024,"Pokémon HeartGold, SoulSilver",Weedle,Route 2 – Northern Section soulsilver,,,
024,"Pokémon HeartGold, SoulSilver",Kakuna,Route 2 soulsilver night,,,
024,"Pokémon HeartGold, SoulSilver",Chansey,"Route 13, Route 14, Route 15",,,
024,"Pokémon HeartGold, SoulSilver",Yanma,Route 35,,,
024,"Pokémon HeartGold, SoulSilver",Marill,Mt. Mortar 1F,,,
024,"Pokémon HeartGold, SoulSilver",Snubbull,Route 38,,,
024,"Pokémon HeartGold, SoulSilver",Dunsparce,Dark Cave – Route 31 Side,,,
024,"Pokémon Black, White",Dragonite,Dragonspiral Tower Outside water fishing,,,
024,"Pokémon Black, White",Chinchou,Route 18 fishing,,,
024,"Pokémon Black, White",Cryogonal,"Twist Mountain B1F-3F Spring, Summer, Autumn",,,
024,"Pokémon Black2, White2",Dragonite,Dragonspiral Tower Outside water fishing,,,
024,"Pokémon Black2, White3",Mienfoo,Dragonspiral Tower Entrance Dark Grass Winter,,,
024,"Pokémon X, Y",Lapras,"Route 12, Azure Bay surfing",,,
024,"Pokémon X, Y",Abomasnow,Route 17,,,
024,"Pokémon X, Y",Flabébé White Flower,"Route 4, Route 7",,,
024,"Pokémon X, Y",Pumpkaboo Super Size,Route 16,,,
024,"Pokémon Omega Ruby, Alpha Sapphire",Mantine,Battle Resort surfing,,,
024,"Pokémon Omega Ruby, Alpha Sapphire",Surskit,"Route 102, Route 114, Route 117",,,
024,"Pokémon Omega Ruby, Alpha Sapphire",Pelipper,Sea Mauville surfing,,,
024,"Pokémon Omega Ruby, Alpha Sapphire",Relicanth,Route 128 Underwater,,,
024,"Pokémon Sun, Moon",Butterfree,"Route 5 Southern half, Melemele Meadow",,,
024,"Pokémon Sun, Moon",Poliwrath,Malie Garden Ally in Rain day,,,
024,"Pokémon Sun, Moon",Staryu,Route 7 fishing,,,
024,"Pokémon Sun, Moon",Shellder,Kala’e Bay fishing,,,
024,"Pokémon Sun, Moon",Kangaskhan,Wela Volcano Park,,,
024,"Pokémon Sun, Moon",Dratini,"Vast Pony Canyon, Poni Gauntlet, Poni Meadow fishing",,,
024,"Pokémon Sun, Moon",Politoed,Mali Garden Ally in Rain night,,,
024,"Pokémon Sun, Moon",Chinchou,"Route 8, Akala Outskirts fishing",,,
024,"Pokémon Sun, Moon",Corsola,Melemele Sea fishing,,,
024,"Pokémon Sun, Moon",Barboach,"Paniola Town, Seaward Cave fishing",,,
024,"Pokémon Sun, Moon",Castform,"Tapu Village Ally in Hail, Lush Jungle Ally in Rain, Exeggutor Island Ally in Rain, Route 17 Ally in Rain, Hain Desert Ally in Sandstorm, Mount Lanakila Ally in Hail",,,
024,"Pokémon Sun, Moon",Feebas,Brooklet Hill fishing,,,
024,"Pokémon Sun, Moon",Luvdisc,Melemele Sea fishing,,,
024,"Pokémon Sun, Moon",Sharpedo,Poni Breaker Coast fishing,,,
024,"Pokémon Sun, Moon",Relicanth,Poni Wilds fishing,,,
024,"Pokémon Sun, Moon",Bagon,Route 3 South of Bridge,,,
024,"Pokémon Sun, Moon",Alomomola,Brooklet Hill Totem’s Den fishing,,,
024,"Pokémon Sun, Moon",Bruxish,"Route 13, Route 14, Route 15, Ula’ula Beach fishing",,,
024,"Pokémon Sun, Moon",Dhelmise,Seafolk Village fishing,,,
024,"Pokémon UltaSun, UltraMoon",Butterfree,"Route 5, Melemele Meadow",,,
024,"Pokémon UltaSun, UltraMoon",Dratini,"Poni Gauntlet, Poni Meadow fishing",,,
024,"Pokémon UltaSun, UltraMoon",Poliwrath,Malie Garden Ally in Rain day,,,
024,"Pokémon UltaSun, UltraMoon",Kangaskhan,Wela Volcano Park,,,
024,"Pokémon UltaSun, UltraMoon",Politoed,Mali Garden Ally in Rain night,,,
024,"Pokémon UltaSun, UltraMoon",Castform,"Tapu Village Ally in Hail, Lush Jungle in Rain, Exeggutor Island Ally in Rain, Route 17 Ally in Rain, Haina Desert Ally in Sandstorm, Mount Lanakila Ally in Hail",,,
024,"Pokémon UltaSun, UltraMoon",Feebas,Brooklet Hill fishing,,,
024,"Pokémon UltaSun, UltraMoon",Relicanth,Poni Breaker Coast fishing,,,
024,"Pokémon UltaSun, UltraMoon",Bagon,Route 3 South of Bridge,,,
024,"Pokémon UltaSun, UltraMoon",Vanilluxe,Mount Lanakila Ally in Hail,,,
024,"Pokémon UltaSun, UltraMoon",Larvesta,Lush Jungle Cave,,,
024,"Pokémon UltaSun, UltraMoon",Trumbeak,Lush Jungle night,,,
024,"Pokémon UltaSun, UltraMoon",Salandit,Route 8 night,,,
024,"Pokémon Let's Go Pikachu, Let's Go Eevee",Ditto,Pokémon Mansion,,,
024,"Pokémon Let's Go Pikachu, Let's Go Eevee",Poliwrath,Cerulean Cave surfing,,,
024,"Pokémon Let's Go Pikachu, Let's Go Eevee",Nidoqueen,Route 23,,,
024,"Pokémon Let's Go Pikachu, Let's Go Eevee",Nidoking,Route 23,,,
024,"Pokémon Let's Go Pikachu, Let's Go Eevee",Exeggutor,Route 23,,,
024,"Pokémon Let's Go Pikachu, Let's Go Eevee",Vileplume,Route 21 letsgopikachu,,,
024,"Pokémon Let's Go Pikachu, Let's Go Eevee",Starmie,"Route 18, Route 19, Route 21 surfing",,,
024,"Pokémon Let's Go Pikachu, Let's Go Eevee",Scyther,"Route 14, Route 15 letsgopikachu",,,
024,"Pokémon Let's Go Pikachu, Let's Go Eevee",Dragonair,Route 10 surfing,,,
024,"Pokémon Let's Go Pikachu, Let's Go Eevee",Arcanine,"Route 7, Route 8 letsgopikachu",,,
024,"Pokémon Let's Go Pikachu, Let's Go Eevee",Kadabra,"Route 7, Route 8",,,
024,"Pokémon Let's Go Pikachu, Let's Go Eevee",Cloyster,Seafoam Islands surfing,,,
024,"Pokémon Let's Go Pikachu, Let's Go Eevee",Kangaskhan,Rock Tunnel,,,
024,"Pokémon Let's Go Pikachu, Let's Go Eevee",Clefable,Mt. Moon,,,
024,"Pokémon Let's Go Pikachu, Let's Go Eevee",Onix,Mt. Moon,,,
024,"Pokémon Let's Go Pikachu, Let's Go Eevee",Butterfree,Viridian Forest letsgopikachu,,,
024,"Pokémon Let's Go Pikachu, Let's Go Eevee",Victreebell,Route 21 letsgoeevee,,,
024,"Pokémon Let's Go Pikachu, Let's Go Eevee",Pinsir,"Route 14, Route 15 letsgoeevee",,,
024,"Pokémon Let's Go Pikachu, Let's Go Eevee",Ninetales,"Route 7, Route 8 letsgoeevee",,,
024,"Pokémon Let's Go Pikachu, Let's Go Eevee",Beedrill,Viridian Forest letsgoeevee,,,
024,"Pokémon Sword, Shield",Feebas,"Route 2  fishing
Giant’s Bed, Giant’s Foot, Roaring-Sea Cave (Visible) sunny cloudy rainy thunderstorm snow blizzard harshsun fog surfing",,,
024,"Pokémon Sword, Shield",Sizzlipede,Route 3 (Hidden),,,
024,"Pokémon Sword, Shield",Trubbish,Route 3 (Visible – East),,,
024,"Pokémon Sword, Shield",Ferroseed,Route 4 (Hidden),,,
024,"Pokémon Sword, Shield",Pikachu,Route 4 (Visible) sword,,,
024,"Pokémon Sword, Shield",Eevee,Route 4 (Visible) shield,,,
024,"Pokémon Sword, Shield",Pumpkaboo Super Size,"Route 4 (Visible)
Hammerlock Hills (Visible)",,,
024,"Pokémon Sword, Shield",Trapinch,Route 6 (Visible) sword,,,
024,"Pokémon Sword, Shield",Axew,Route 6 (Visible) shield,,,
024,"Pokémon Sword, Shield",Lapras,"Route 9 Circhester Bay fishing
Frigid Sea (Visible) snow blizzard surfing",,,
024,"Pokémon Sword, Shield",Dhelmise,"Route 9 Circhester Bay, Outer Spikemuth (Visible)",,,
024,"Pokémon Sword, Shield",Duraludon,Route 10 North (Visible),,,
024,"Pokémon Sword, Shield",Sinistea – Antique Form,"Glimwood Tangle (Hidden)
Old Cemetery (Visible) sunny cloudy rainy thunderstorm snowy blizzard harshsun fog",,,
024,"Pokémon Sword, Shield",Pyukumuku,South Lake Miloch fishing,,,
024,"Pokémon Sword, Shield",Cufant,Bridge Field (Visible) sunny,,,
024,"Pokémon Sword, Shield",Gardevoir,Lake of Outrage (Hidden) fog,,,
024,"Pokémon Sword, Shield",Dreepy,Lake of Outrage (Hidden) cloudy,,,
024,"Pokémon Sword, Shield",Flygon,Lake of Outrage (Visible) harshsun sword,,,
024,"Pokémon Sword, Shield",Haxorus,Lake of Outrage (Visible) thunderstorm shield,,,
024,"Pokémon Sword, Shield",Drakloak,Lake of Outrage (Visible) cloudy rainy,,,
024,"Pokémon Sword, Shield",Gyarados,"Workout Sea, Stepping-Stone Sea, Insular Sea, Honeycalm Sea, Honeycalm Island (Visible) surfing",,,
024,"Pokémon Sword, Shield",Lanturn,"Workout Sea, Stepping-Stone Sea, Insular Sea, Honeycalm Sea, Honeycalm Island (Visible) surfing thunderstorm",,,
024,"Pokémon Sword, Shield",Jellicent,"Workout Sea, Stepping-Stone Sea, Insular Sea, Honeycalm Sea, Honeycalm Island (Visible) surfing cloudy fog",,,
024,"Pokémon Sword, Shield",Dragalge,"Workout Sea, Stepping-Stone Sea, Insular Sea, Honeycalm Sea, Honeycalm Island (Visible) surfing shield",,,
024,"Pokémon Sword, Shield",Clawitzer,"Workout Sea, Stepping-Stone Sea, Insular Sea, Honeycalm Sea, Honeycalm Island (Visible) surfing sword",,,
024,"Pokémon Sword, Shield",Audino,"Slippery Slope, Frostpoint Field, Snowslide Slope, Path to the Peak (Visible) sunny cloudy snowy blizzard harshsun fog
Giant’s Bed, Old Cemetery, Giant’s Foot (Visible) sunny cloudy rainy thunderstorm snowy blizzard harshsun fog
Frigid Sea (Visible) sunny cloudy rainy thunderstorm snowy blizzard harshsun fog
Frigid Sea (Visible) 
Three-Point Pass, Ballimere Lake (Visible) sunny cloudy rainy thunderstorm snowy blizzard harshsun fog
Frigid Sea (Visible) 
Tunnel to the Top, Roaring-Sea Cave, Lakeside Cave (Visible)",,,
024,"Pokémon Sword, Shield",Absol,Three-Point Pass (Visible) blizzard,,,
024,"Pokémon Scarlet, Violet",Happiny,"Pokémon League, South Province Area One, Two, Three, West Province Area One (Land – Prairie, Flowers)",,,
024,"Pokémon Scarlet, Violet",Charcadet,"South Province Area Three, Four, Five, East Province Area One, Two, Three, Tagtree Thicket, West Province Area One, Two, Three, Asado Desert, Colonnade Hollow (Land – Forest, Mountain, Rocky Area, Cave)",,,
024,"Pokémon Scarlet, Violet",Gothitelle,South Province Area Six (Land – Town),,,
024,"Pokémon Scarlet, Violet",Sylveon,South Province Area Six (Land – Town),,,
024,"Pokémon Scarlet, Violet",Chansey,"South Province Area Six, East Province Area Two, Tagtree Thicket, East Paldean Sea, West Province Area Two, Three, North Province Area One, Two, Three, Glaseado Mountain, Dalizapa Passage, Area Zero (Land – Mountain, Flower, Prairie)",,,
024,"Pokémon Scarlet, Violet",Flareon,"South Province Area Six, North Province Area One, Glaseado Mountain, Dalizapa Passage (Land – Mountain)",,,
024,"Pokémon Scarlet, Violet",Gallade,"South Province Area Six, North Province Area One, Glaseado Mountain, Dalizapa Passage (Land – Mountain) dawn day dusk",,,
024,"Pokémon Scarlet, Violet",Vaporeon,"South Province Area Six, West Province Area Three, North Province Area One, Two, Three, Casseroya Lake, Glaseado Mountain, Area Zero (Land, Water – Lake, Riverside)",,,
024,"Pokémon Scarlet, Violet",Umbreon,"South Province Area Six, Alfornada Cavern, East Province Area Three, North Province Area Two, Three, Glaseado Mountain, Dalizapa Passage, Area Zero (Land – Cave) night",,,
024,"Pokémon Scarlet, Violet",Glimmet,"South Province Area Six, Alfornada Cavern, East Province Area Three , West Province Area Two , North Province Area One, Two, Three, Glaseado Mountain, Dalizapa Passage, Area Zero, Colonnade Hollow (Overland – Cave)",,,
024,"Pokémon Scarlet, Violet",Espeon,"West Province Area Three, Area Zero (Land – Prairie) dawn day dusk",,,
024,"Pokémon Scarlet, Violet",Jolteon,"West Province Area Three, Soccarat Trail (Land – Forest)",,,
024,"Pokémon Scarlet, Violet",Leafeon,"West Province Area Three, Soccarat Trail (Land – Forest)",,,
024,"Pokémon Scarlet, Violet",Lycanroc – Dusk Form,North Province Area One (Land – Mountain) dusk,,,
024,"Pokémon Scarlet, Violet",Brambleghast,"North Province Area One, Soccarat Trail (Land – Mountain)",,,
024,"Pokémon Scarlet, Violet",Glaceon,"North Province Area One, Three, Casseroya Lake, Glaseado Mountain (Land – Snowfield)",,,
024,"Pokémon Scarlet, Violet",Blissey,"North Province Area One, Two, Three (Land – Flowers)",,,
024,"Pokémon Scarlet, Violet",Florges – Red,North Province Area Three (Overland – Flowers),,,
024,"Pokémon Scarlet, Violet",Florges – Yellow,North Province Area Three (Overland – Flowers),,,
024,"Pokémon Scarlet, Violet",Florges – Blue,North Province Area Three (Overland – Flowers),,,
024,"Pokémon Scarlet, Violet",Florges – Orange,North Province Area Three (Overland – Flowers),,,
024,"Pokémon Scarlet, Violet",Florges – White,North Province Area Three (Overland – Flowers),,,
024,"Pokémon Scarlet, Violet",Frigibax,Glaseado Mountain (Land – Snowfield),,,
024,"Pokémon Scarlet, Violet",Volcarona,Area Zero (Overland – Prairie),,,
024,"Pokémon Scarlet, Violet",Roaring Moon,Area Zero (Land – Underground) scarlet,,,
024,"Pokémon Scarlet, Violet",Iron Valiant,Area Zero (Land – Underground) violet,,,
029,"Pokémon Brilliant Diamond, Shining Pearl",Magikarp,"Twinleaf Town, Pastoria City, Celestic Town, Canalave City, Sunyshore City, Pokémon League, Resort Area, Route 203, Route 204 South, Route 205, Route 208, Route 209, Route 211, Route 212, Route 213, Route 214, Route 218, Route 219, Route 220, Route 221, Route 222, Route 223, Route 224, Route 225, Route 226, Route 227, Route 228, Route 229, Route 230, Lake Verity, Oreburgh Gate, Valley Windwork, Mount Coronet, Lake Valor, Great Marsh, Fuego Ironworks, Iron Island, Lake Acuity, Victory Road, Sendoff Spring fishing",,,
029,"Pokémon Brilliant Diamond, Shining Pearl",Golduck,"Resort Area, Sendoff Spring surfing",,,
024,"Pokémon Brilliant Diamond, Shining Pearl",Kirlia,"Route 203, Route 204 South pokeradar",,,
024,"Pokémon Brilliant Diamond, Shining Pearl",Shellos East Sea,Route 224,,,
029,"Pokémon Brilliant Diamond, Shining Pearl",Gyarados,"Route 229, Victory Road fishing",,,
029,"Pokémon Brilliant Diamond, Shining Pearl",Gastly,Old Chateau,,,
024,"Pokémon Brilliant Diamond, Shining Pearl",Golbat,Lost Tower 3F,,,
029,"Pokémon Brilliant Diamond, Shining Pearl",Unown F,Solaceon Ruins Second Big Room,,,
029,"Pokémon Brilliant Diamond, Shining Pearl",Unown R,Solaceon Ruins Third Big Room,,,
029,"Pokémon Brilliant Diamond, Shining Pearl",Unown I,Solaceon Ruins Fourth Big Room,,,
029,"Pokémon Brilliant Diamond, Shining Pearl",Unown E,Solaceon Ruins Fifth Big Room,,,
029,"Pokémon Brilliant Diamond, Shining Pearl",Unown U,Solaceon Ruins Sixth Big Room,,,
029,"Pokémon Brilliant Diamond, Shining Pearl",Unown D,Solaceon Ruins Seventh Big Room,,,
024,"Pokémon Brilliant Diamond, Shining Pearl",Bidoof,Great Marsh,,,
024,"Pokémon Brilliant Diamond, Shining Pearl",Azurill,Great Marsh,,,
024,"Pokémon Brilliant Diamond, Shining Pearl",Geodude,Iron Island B1F/B2F/B3F,,,
029,"Pokémon Brilliant Diamond, Shining Pearl",Golbat,Victory Road surfing,,,
025,,Meowth,Gold,Egg,,
025,,Meowth,Silver,Route 5,,
025,,Meowth,Silver,Route 6,,
025,,Meowth,Silver,Route 7,,
025,,Meowth,Silver,Route 8,,
025,,Meowth,Silver,Route 38,,
025,,Meowth,Silver,Route 39,,
025,,Meowth,Silver,Egg,,
025,,Persian,Silver,Route 7,,
025,,Meowth,Crystal,Route 5,,
025,,Meowth,Crystal,Route 6,,
025,,Meowth,Crystal,Route 7,,
025,,Meowth,Crystal,Route 8,,
025,,Meowth,Crystal,Route 11,,
025,,Meowth,Crystal,Route 38,,
025,,Meowth,Crystal,Route 39,,
025,,Meowth,Crystal,Egg,,
025,,Persian,Crystal,Route 7,,
025,,Meowth,Ruby,Egg,,
025,,Skitty,Ruby,Route 116,,
025,,Skitty,Ruby,Egg,,
025,,Meowth,Sapphire,Egg,,
025,,Skitty,Sapphire,Route 116,,
025,,Skitty,Sapphire,Egg,,
025,,Meowth,Emerald,Egg,,
025,,Skitty,Emerald,Route 116,,
025,,Skitty,Emerald,Egg,,
025,,Meowth,FireRed,Route 5,,
025,,Meowth,FireRed,Route 6,,
025,,Meowth,FireRed,Route 7,,
025,,Meowth,FireRed,Route 8,,
025,,Meowth,FireRed,Bond Bridge,,
025,,Meowth,FireRed,Canyon Entrance,,
025,,Meowth,FireRed,Cape Brink,,
025,,Meowth,FireRed,Five Isle Meadow,,
025,,Meowth,FireRed,Kindle Road,,
025,,Meowth,FireRed,Ruin Valley,,
025,,Meowth,FireRed,Sevault Canyon,,
025,,Meowth,FireRed,Treasure Beach,,
025,,Meowth,FireRed,Water Path,,
025,,Meowth,FireRed,Egg,,
025,,Persian,FireRed,Bond Bridge,,
025,,Persian,FireRed,Canyon Entrance,,
025,,Persian,FireRed,Cape Brink,,
025,,Persian,FireRed,Five Isle Meadow,,
025,,Persian,FireRed,Kindle Road,,
025,,Persian,FireRed,Ruin Valley,,
025,,Persian,FireRed,Sevault Canyon,,
025,,Persian,FireRed,Treasure Beach,,
025,,Persian,FireRed,Water Path,,
025,,Skitty,FireRed,Egg,,
025,,Meowth,LeafGreen,Route 5,,
025,,Meowth,LeafGreen,Route 6,,
025,,Meowth,LeafGreen,Route 7,,
025,,Meowth,LeafGreen,Route 8,,
025,,Meowth,LeafGreen,Bond Bridge,,
025,,Meowth,LeafGreen,Canyon Entrance,,
025,,Meowth,LeafGreen,Cape Brink,,
025,,Meowth,LeafGreen,Five Isle Meadow,,
025,,Meowth,LeafGreen,Kindle Road,,
025,,Meowth,LeafGreen,Ruin Valley,,
025,,Meowth,LeafGreen,Sevault Canyon,,
025,,Meowth,LeafGreen,Treasure Beach,,
025,,Meowth,LeafGreen,Water Path,,
025,,Meowth,LeafGreen,Egg,,
025,,Persian,LeafGreen,Bond Bridge,,
025,,Persian,LeafGreen,Canyon Entrance,,
025,,Persian,LeafGreen,Cape Brink,,
025,,Persian,LeafGreen,Five Isle Meadow,,
025,,Persian,LeafGreen,Kindle Road,,
025,,Persian,LeafGreen,Ruin Valley,,
025,,Persian,LeafGreen,Sevault Canyon,,
025,,Persian,LeafGreen,Treasure Beach,,
025,,Persian,LeafGreen,Water Path,,
025,,Skitty,LeafGreen,Egg,,
025,,Meowth,Diamond,Trophy Garden,,
025,,Meowth,Diamond,Egg,,
025,,Skitty,Diamond,Route 222,,
025,,Skitty,Diamond,Egg,,
025,,Shinx,Diamond,Route 202,,
025,,Shinx,Diamond,Route 203,,
025,,Shinx,Diamond,Route 204,,
025,,Shinx,Diamond,Fuego Ironworks,,
025,,Shinx,Diamond,Egg,,
025,,Luxio,Diamond,Fuego Ironworks,,
025,,Glameow,Diamond,Egg,,
025,,Meowth,Pearl,Trophy Garden,,
025,,Meowth,Pearl,Egg,,
025,,Skitty,Pearl,Route 222,,
025,,Skitty,Pearl,Egg,,
025,,Shinx,Pearl,Route 202,,
025,,Shinx,Pearl,Route 203,,
025,,Shinx,Pearl,Route 204,,
025,,Shinx,Pearl,Fuego Ironworks,,
025,,Shinx,Pearl,Egg,,
025,,Luxio,Pearl,Fuego Ironworks,,
025,,Glameow,Pearl,Route 218,,
025,,Glameow,Pearl,Route 222,,
025,,Glameow,Pearl,Egg,,
025,,Purugly,Pearl,Route 222,,
025,,Purugly,Pearl,Route 229,,
025,,Meowth,Platinum,Trophy Garden,,
025,,Meowth,Platinum,Egg,,
025,,Skitty,Platinum,Route 222,,
025,,Skitty,Platinum,Egg,,
025,,Shinx,Platinum,Route 202,,
025,,Shinx,Platinum,Route 203,,
025,,Shinx,Platinum,Route 204,,
025,,Shinx,Platinum,Valley Windworks,,
025,,Shinx,Platinum,Egg,,
025,,Luxio,Platinum,Route 222,,
025,,Glameow,Platinum,Egg,,
025,,Meowth,Heartgold,Egg,,
025,,Skitty,Heartgold,Egg,,
025,,Shinx,Heartgold,Safari Zone,,
025,,Shinx,Heartgold,Route 1,,
025,,Shinx,Heartgold,Route 2,,
025,,Shinx,Heartgold,Route 3,,
025,,Shinx,Heartgold,Route 5,,
025,,Shinx,Heartgold,Route 7,,
025,,Shinx,Heartgold,Route 8,,
025,,Shinx,Heartgold,Route 11,,
025,,Shinx,Heartgold,Route 14,,
025,,Shinx,Heartgold,Route 15,,
025,,Shinx,Heartgold,Route 16,,
025,,Shinx,Heartgold,Route 17,,
025,,Shinx,Heartgold,Route 18,,
025,,Shinx,Heartgold,Route 29,,
025,,Shinx,Heartgold,Route 33,,
025,,Shinx,Heartgold,Route 36,,
025,,Shinx,Heartgold,Route 37,,
025,,Shinx,Heartgold,Route 38,,
025,,Shinx,Heartgold,Route 39,,
025,,Shinx,Heartgold,Route 46,,
025,,Shinx,Heartgold,Route 48,,
025,,Shinx,Heartgold,National Park,,
025,,Shinx,Heartgold,Egg,,
025,,Luxio,Heartgold,Safari Zone,,
025,,Glameow,Heartgold,Egg,,
025,,Meowth,SoulSilver,Route 5,,
025,,Meowth,SoulSilver,Route 6,,
025,,Meowth,SoulSilver,Route 7,,
025,,Meowth,SoulSilver,Route 8,,
025,,Meowth,SoulSilver,Route 38,,
025,,Meowth,SoulSilver,Route 39,,
025,,Meowth,SoulSilver,Egg,,
025,,Persian,SoulSilver,Route 7,,
025,,Persian,SoulSilver,Cerulean Cave,,
025,,Skitty,SoulSilver,Egg,,
025,,Shinx,SoulSilver,Safari Zone,,
025,,Shinx,SoulSilver,Route 1,,
025,,Shinx,SoulSilver,Route 2,,
025,,Shinx,SoulSilver,Route 3,,
025,,Shinx,SoulSilver,Route 5,,
025,,Shinx,SoulSilver,Route 7,,
025,,Shinx,SoulSilver,Route 8,,
025,,Shinx,SoulSilver,Route 11,,
025,,Shinx,SoulSilver,Route 14,,
025,,Shinx,SoulSilver,Route 15,,
025,,Shinx,SoulSilver,Route 16,,
025,,Shinx,SoulSilver,Route 17,,
025,,Shinx,SoulSilver,Route 18,,
025,,Shinx,SoulSilver,Route 29,,
025,,Shinx,SoulSilver,Route 33,,
025,,Shinx,SoulSilver,Route 36,,
025,,Shinx,SoulSilver,Route 37,,
025,,Shinx,SoulSilver,Route 38,,
025,,Shinx,SoulSilver,Route 39,,
025,,Shinx,SoulSilver,Route 46,,
025,,Shinx,SoulSilver,Route 48,,
025,,Shinx,SoulSilver,National Park,,
025,,Shinx,SoulSilver,Egg,,
025,,Luxio,SoulSilver,Safari Zone,,
025,,Glameow,SoulSilver,Egg,,
025,,Meowth,Black,Egg,,
025,,Skitty,Black,Egg,,
025,,Shinx,Black,Egg,,
025,,Glameow,Black,Egg,,
025,,Purrloin,Black,Route 2,,
025,,Purrloin,Black,Route 3,,
025,,Purrloin,Black,Dreamyard,,
025,,Purrloin,Black,Egg,,
025,,Liepard,Black,Route 5,,
025,,Liepard,Black,Route 9,,
025,,Liepard,Black,Route 16,,
025,,Liepard,Black,Dreamyard,,
025,,Meowth,White,Egg,,
025,,Skitty,White,Egg,,
025,,Shinx,White,White Forest,,
025,,Glameow,White,Egg,,
025,,Purrloin,White,Route 2,,
025,,Purrloin,White,Route 3,,
025,,Purrloin,White,Dreamyard,,
025,,Purrloin,White,Egg,,
025,,Liepard,White,Route 5,,
025,,Liepard,White,Route 9,,
025,,Liepard,White,Route 16,,
025,,Liepard,White,Dreamyard,,
025,,Meowth,Black2,Egg,,
025,,Skitty,Black2,Egg,,
025,,Shinx,Black2,Egg,,
025,,Glameow,Black2,Egg,,
025,,Purrloin,Black2,Route 3,,
025,,Purrloin,Black2,Route 19,,
025,,Purrloin,Black2,Route 20,,
025,,Purrloin,Black2,Egg,,
025,,Liepard,Black2,Route 2,,
025,,Liepard,Black2,Route 5,,
025,,Liepard,Black2,Route 9,,
025,,Liepard,Black2,Route 16,,
025,,Liepard,Black2,Dreamyard,,
025,,Meowth,White2,Egg,,
025,,Skitty,White2,Castelia City,,
025,,Skitty,White2,Egg,,
025,,Delcatty,White2,Castelia City,,
025,,Shinx,White2,Egg,,
025,,Glameow,White2,Egg,,
025,,Purrloin,White2,Route 3,,
025,,Purrloin,White2,Route 19,,
025,,Purrloin,White2,Route 20,,
025,,Purrloin,White2,Egg,,
025,,Liepard,White2,Route 2,,
025,,Liepard,White2,Route 5,,
025,,Liepard,White2,Route 9,,
025,,Liepard,White2,Route 16,,
025,,Liepard,White2,Dreamyard,,
025,,Meowth,X,Egg,,
025,,Skitty,X,Route 4,,
025,,Skitty,X,Egg,,
025,,Shinx,X,Egg,,
025,,Glameow,X,Egg,,
025,,Purrloin,X,Egg,,
025,,Litleo,X,Route 22,,
025,,Litleo,X,Egg,,
025,,Espurr,X,Route 6,,
025,,Espurr,X,Egg,,
025,,Meowth,Y,Egg,,
025,,Skitty,Y,Route 4,,
025,,Skitty,Y,Egg,,
025,,Shinx,Y,Egg,,
025,,Glameow,Y,Egg,,
025,,Purrloin,Y,Egg,,
025,,Liepard,Y,Route 15,,
025,,Litleo,Y,Route 22,,
025,,Litleo,Y,Egg,,
025,,Espurr,Y,Route 6,,
025,,Espurr,Y,Egg,,
025,,Meowth,Omega Ruby,Egg,,
025,,Persian,Omega Ruby,Mirage Island Route 124,,
025,,Skitty,Omega Ruby,Route 116,,
025,,Skitty,Omega Ruby,Egg,,
025,,Shinx,Omega Ruby,Egg,,
025,,Luxio,Omega Ruby,Route 118,,
025,,Glameow,Omega Ruby,Mirage Forest Mossdeep City,,
025,,Glameow,Omega Ruby,Egg,,
025,,Purugly,Omega Ruby,Mirage Forest Route 114,,
025,,Purugly,Omega Ruby,Mirage Forest Lilycove City,,
025,,Purugly,Omega Ruby,Mirage Forest Route 124,,
025,,Purugly,Omega Ruby,Mirage Island Route 125,,
025,,Purrloin,Omega Ruby,Egg,,
025,,Litleo,Omega Ruby,Egg,,
025,,Espurr,Omega Ruby,Egg,,
025,,Meowth,Alpha Sapphire,Egg,,
025,,Persian,Alpha Sapphire,Mirage Island Route 124,,
025,,Skitty,Alpha Sapphire,Route 116,,
025,,Skitty,Alpha Sapphire,Egg,,
025,,Shinx,Alpha Sapphire,Egg,,
025,,Luxio,Alpha Sapphire,Route 118,,
025,,Glameow,Alpha Sapphire,Mirage Forest Mossdeep City,,
025,,Glameow,Alpha Sapphire,Egg,,
025,,Purugly,Alpha Sapphire,Mirage Forest Route 114,,
025,,Purugly,Alpha Sapphire,Mirage Forest Lilycove City,,
025,,Purugly,Alpha Sapphire,Mirage Forest Route 124,,
025,,Purugly,Alpha Sapphire,Mirage Island Route 125,,
025,,Purrloin,Alpha Sapphire,Egg,,
025,,Litleo,Alpha Sapphire,Egg,,
025,,Espurr,Alpha Sapphire,Egg,,
025,,Meowth,Sun,Egg,,
025,,Meowth Alolan Form,Sun,Route 2,,
025,,Meowth Alolan Form,Sun,Trainers’ School,,
025,,Meowth Alolan Form,Sun,Hau’oli City,,
025,,Meowth Alolan Form,Sun,Malie Garden,,
025,,Meowth Alolan Form,Sun,Egg,,
025,,Skitty,Sun,Egg,,
025,,Shinx,Sun,Egg,,
025,,Luxio,Sun,Route 8 Island Scan Tuesday,,
025,,Glameow,Sun,Egg,,
025,,Purrloin,Sun,Egg,,
025,,Litleo,Sun,Egg,,
025,,Espurr,Sun,Egg,,
025,,Litten,Sun,Iki Town,,
025,,Litten,Sun,Egg,,
025,,Meowth,Moon,Egg,,
025,,Meowth Alolan Form,Moon,Route 2,,
025,,Meowth Alolan Form,Moon,Trainers’ School,,
025,,Meowth Alolan Form,Moon,Hau’oli City,,
025,,Meowth Alolan Form,Moon,Malie Garden,,
025,,Meowth Alolan Form,Moon,Egg,,
025,,Skitty,Moon,Egg,,
025,,Shinx,Moon,Egg,,
025,,Luxio,Moon,Route 8 Island Scan Tuesday,,
025,,Glameow,Moon,Egg,,
025,,Purrloin,Moon,Egg,,
025,,Litleo,Moon,Egg,,
025,,Espurr,Moon,Egg,,
025,,Litten,Moon,Iki Town,,
025,,Litten,Moon,Egg,,
025,,Meowth,UltraSun,Egg,,
025,,Meowth Alolan Form,UltraSun,Route 2,,
025,,Meowth Alolan Form,UltraSun,Trainers’ School,,
025,,Meowth Alolan Form,UltraSun,Hau’oli City,,
025,,Meowth Alolan Form,UltraSun,Malie Garden,,
025,,Meowth Alolan Form,UltraSun,Egg,,
025,,Persian Alolan Form,UltraSun,Malie Garden SOS Battle,,
025,,Skitty,UltraSun,Egg,,
025,,Shinx,UltraSun,Egg,,
025,,Glameow,UltraSun,Egg,,
025,,Purrloin,UltraSun,Egg,,
025,,Litleo,UltraSun,Poké Pelago,,
025,,Litleo,UltraSun,Egg,,
025,,Pyroar,UltraSun,Poni Plains,,
025,,Espurr,UltraSun,Egg,,
025,,Litten,UltraSun,Route 1,,
025,,Litten,UltraSun,Egg,,
025,,Meowth,UltraMoon,Egg,,
025,,Meowth Alolan Form,UltraMoon,Route 2,,
025,,Meowth Alolan Form,UltraMoon,Trainers’ School,,
025,,Meowth Alolan Form,UltraMoon,Hau’oli City,,
025,,Meowth Alolan Form,UltraMoon,Malie Garden,,
025,,Meowth Alolan Form,UltraMoon,Egg,,
025,,Persian Alolan Form,UltraMoon,Malie Garden SOS Battle,,
025,,Skitty,UltraMoon,Egg,,
025,,Shinx,UltraMoon,Egg,,
025,,Glameow,UltraMoon,Egg,,
025,,Purrloin,UltraMoon,Egg,,
025,,Litleo,UltraMoon,Poké Pelago,,
025,,Litleo,UltraMoon,Egg,,
025,,Pyroar,UltraMoon,Poni Plains,,
025,,Espurr,UltraMoon,Egg,,
025,,Litten,UltraMoon,Route 1,,
025,,Litten,UltraMoon,Egg,,
025,,Meowth,Sword,Egg,,
025,,Meowth Alolan Form,Sword,Egg,,
025,,Meowth Galar Form,Sword,Egg,,
025,,Meowth Galar Form,Sword,Route 4,,
025,,Meowth Galar Form,Sword,Dusty Bowl,,
025,,Meowth Galar Form,Sword,Giant’s Seat,,
025,,Meowth Galar Form,Sword,Stony Wilderness,,
025,,Meowth Galar Form,Sword,Brawlers’ Cave,,
025,,Meowth Galar Form,Sword,Courageous Cavern,,
025,,Meowth Galar Form,Sword,Stepping-Stone Sea,,
025,,Meowth Galar Form,Sword,Snowslide Slope,,
025,,Meowth Galar Form,Sword,Path to the Peak,,
025,,Meowth Galar Form,Sword,Giant’s Bed,,
025,,Meowth Galar Form,Sword,Frigid Sea,,
025,,Persian,Sword,Max Lair,,
025,,Persian Alolan Form,Sword,Max Lair,,
025,,Shinx,Sword,Challenge Beach,,
025,,Shinx,Sword,Training Lowlands,,
025,,Shinx,Sword,Challenge Road,,
025,,Shinx,Sword,Potbottom Desert,,
025,,Shinx,Sword,Egg,,
025,,Luxio,Sword,Fields of Honor,,
025,,Luxio,Sword,Soothing Wetlands,,
025,,Luxio,Sword,Loop Lagoon,,
025,,Luxio,Sword,Training Lowlands,,
025,,Luxray,Sword,Soothing Wetlands,,
025,,Luxray,Sword,Forest of Focus,,
025,,Luxray,Sword,Loop Lagoon,,
025,,Luxray,Sword,Training Lowlands,,
025,,Luxray,Sword,Max Lair,,
025,,Purrloin,Sword,Route 2,,
025,,Purrloin,Sword,Lake of Outrage,,
025,,Purrloin,Sword,Dappled Grove,,
025,,Purrloin,Sword,West Lake Axewell,,
025,,Purrloin,Sword,Watchover Ruins,,
025,,Purrloin,Sword,East Lake Axewell,,
025,,Purrloin,Sword,North Lake Miloch,,
025,,Purrloin,Sword,Motorstoke Riverbank,,
025,,Purrloin,Sword,Bridge Field,,
025,,Purrloin,Sword,Stony Wilderness,,
025,,Purrloin,Sword,Egg,,
025,,Purrloin,Sword,Giant’s Mirror,,
025,,Purrloin,Sword,Dusty Bowl,,
025,,Liepard,Sword,Route 7,,
025,,Liepard,Sword,Route 9,,
025,,Liepard,Sword,Axew’s Eye,,
025,,Liepard,Sword,Giant’s Seat,,
025,,Liepard,Sword,Bridge Field,,
025,,Liepard,Sword,Giant’s Cap,,
025,,Liepard,Sword,West Lake Axewell,,
025,,Liepard,Sword,Stony Wilderness,,
025,,Liepard,Sword,Giant’s Mirror,,
025,,Liepard,Sword,Dusty Bowl,,
025,,Liepard,Sword,Frostpoint Field,,
025,,Liepard,Sword,Giant’s Bed,,
025,,Liepard,Sword,Snowslide Slope,,
025,,Liepard,Sword,Giant’s Foot,,
025,,Liepard,Sword,Frigid Sea,,
025,,Liepard,Sword,Max Lair,,
025,,Espurr,Sword,Route 5,,
025,,Espurr,Sword,Hammerlock Hills,,
025,,Espurr,Sword,Motostoke Riverbank,,
025,,Espurr,Sword,Watchtower Ruins,,
025,,Espurr,Sword,Stony Wilderness,,
025,,Espurr,Sword,Egg,,
025,,Meowstic,Sword,Route 7,,
025,,Meowstic,Sword,Dusty Bowl,,
025,,Meowstic,Sword,Watchtower Ruins,,
025,,Meowstic,Sword,Stony Wilderness,,
025,,Litten,Sword,Egg,,
025,,Perrserker,Sword,Route 7,,
025,,Perrserker,Sword,Route 9,,
025,,Perrserker,Sword,Giant’s Mirror,,
025,,Perrserker,Sword,Lake of Outrage,,
025,,Perrserker,Sword,Dusty Bowl,,
025,,Perrserker,Sword,Giant’s Seat,,
025,,Perrserker,Sword,Stony Wilderness,,
025,,Perrserker,Sword,Giant’s Bed,,
025,,Perrserker,Sword,Snowslide Slope,,
025,,Perrserker,Sword,Path to the Peak,,
025,,Perrserker,Sword,Frigid Sea,,
025,,Perrserker,Sword,Max Lair,,
025,,Meowth,Shield,Egg,,
025,,Meowth Alolan Form,Shield,Egg,,
025,,Meowth Galar Form,Shield,Egg,,
025,,Meowth Galar Form,Shield,Route 4,,
025,,Meowth Galar Form,Shield,Dusty Bowl,,
025,,Meowth Galar Form,Shield,Giant’s Seat,,
025,,Meowth Galar Form,Shield,Stony Wilderness,,
025,,Meowth Galar Form,Shield,Brawlers’ Cave,,
025,,Meowth Galar Form,Shield,Courageous Cavern,,
025,,Meowth Galar Form,Shield,Stepping-Stone Sea,,
025,,Meowth Galar Form,Shield,Snowslide Slope,,
025,,Meowth Galar Form,Shield,Path to the Peak,,
025,,Meowth Galar Form,Shield,Giant’s Bed,,
025,,Meowth Galar Form,Shield,Frigid Sea,,
025,,Persian,Shield,Max Lair,,
025,,Persian Alolan Form,Shield,Max Lair,,
025,,Shinx,Shield,Challenge Beach,,
025,,Shinx,Shield,Training Lowlands,,
025,,Shinx,Shield,Challenge Road,,
025,,Shinx,Shield,Potbottom Desert,,
025,,Shinx,Shield,Egg,,
025,,Luxio,Shield,Fields of Honor,,
025,,Luxio,Shield,Soothing Wetlands,,
025,,Luxio,Shield,Loop Lagoon,,
025,,Luxio,Shield,Training Lowlands,,
025,,Luxray,Shield,Soothing Wetlands,,
025,,Luxray,Shield,Forest of Focus,,
025,,Luxray,Shield,Loop Lagoon,,
025,,Luxray,Shield,Training Lowlands,,
025,,Luxray,Shield,Max Lair,,
025,,Purrloin,Shield,Route 2,,
025,,Purrloin,Shield,Lake of Outrage,,
025,,Purrloin,Shield,Dappled Grove,,
025,,Purrloin,Shield,West Lake Axewell,,
025,,Purrloin,Shield,Watchover Ruins,,
025,,Purrloin,Shield,East Lake Axewell,,
025,,Purrloin,Shield,North Lake Miloch,,
025,,Purrloin,Shield,Motorstoke Riverbank,,
025,,Purrloin,Shield,Bridge Field,,
025,,Purrloin,Shield,Stony Wilderness,,
025,,Purrloin,Shield,Egg,,
025,,Purrloin,Shield,Giant’s Mirror,,
025,,Purrloin,Shield,Dusty Bowl,,
025,,Liepard,Shield,Route 7,,
025,,Liepard,Shield,Route 9,,
025,,Liepard,Shield,Axew’s Eye,,
025,,Liepard,Shield,Giant’s Seat,,
025,,Liepard,Shield,Bridge Field,,
025,,Liepard,Shield,Giant’s Cap,,
025,,Liepard,Shield,West Lake Axewell,,
025,,Liepard,Shield,Stony Wilderness,,
025,,Liepard,Shield,Giant’s Mirror,,
025,,Liepard,Shield,Dusty Bowl,,
025,,Liepard,Shield,Frostpoint Field,,
025,,Liepard,Shield,Giant’s Bed,,
025,,Liepard,Shield,Snowslide Slope,,
025,,Liepard,Shield,Giant’s Foot,,
025,,Liepard,Shield,Frigid Sea,,
025,,Liepard,Shield,Max Lair,,
025,,Espurr,Shield,Route 5,,
025,,Espurr,Shield,Hammerlock Hills,,
025,,Espurr,Shield,Motostoke Riverbank,,
025,,Espurr,Shield,Watchtower Ruins,,
025,,Espurr,Shield,Stony Wilderness,,
025,,Espurr,Shield,Egg,,
025,,Meowstic,Shield,Route 7,,
025,,Meowstic,Shield,Dusty Bowl,,
025,,Meowstic,Shield,Watchtower Ruins,,
025,,Meowstic,Shield,Stony Wilderness,,
025,,Litten,Shield,Egg,,
025,,Perrserker,Shield,Route 7,,
025,,Perrserker,Shield,Route 9,,
025,,Perrserker,Shield,Giant’s Mirror,,
025,,Perrserker,Shield,Lake of Outrage,,
025,,Perrserker,Shield,Dusty Bowl,,
025,,Perrserker,Shield,Giant’s Seat,,
025,,Perrserker,Shield,Stony Wilderness,,
025,,Perrserker,Shield,Giant’s Bed,,
025,,Perrserker,Shield,Snowslide Slope,,
025,,Perrserker,Shield,Path to the Peak,,
025,,Perrserker,Shield,Frigid Sea,,
025,,Perrserker,Shield,Max Lair,,
025,,Shinx,Legends: Arceus,Aspiration Hill,,
025,,Shinx,Legends: Arceus,Floaro Gardens,,
025,,Shinx,Legends: Arceus,Deertrack Heights,,
025,,Shinx,Legends: Arceus,Oreburrow Tunnel,,
025,,Shinx,Legends: Arceus,Sonorous Path,,
025,,Shinx,Legends: Arceus,Sacred Plaza,,
025,,Luxio,Legends: Arceus,Floaro Gardens,,
025,,Luxio,Legends: Arceus,Oreburrow Tunnel,,
025,,Luxio,Legends: Arceus,Sandgem Flats,,
025,,Luxio,Legends: Arceus,Lake Verity,,
025,,Luxio,Legends: Arceus,Heavenward Lookout,,
025,,Luxio,Legends: Arceus,Sonorous Path,,
025,,Luxio,Legends: Arceus,Sacred Plaza,,
025,,Luxio,Legends: Arceus,Cloudcap Pass,,
025,,Luxray,Legends: Arceus,Sandgem Flats,,
025,,Luxray,Legends: Arceus,Lake Verity,,
025,,Luxray,Legends: Arceus,Heavenward Lookout,,
025,,Luxray,Legends: Arceus,Sonorous Path,,
025,,Luxray,Legends: Arceus,Sacred Plaza,,
025,,Luxray,Legends: Arceus,Sacred Plaza,,
025,,Luxray,Legends: Arceus,Cloudcap Pass,,
025,,Glameow,Legends: Arceus,Cobalt Coastlands,,
025,,Glameow,Legends: Arceus,Crossing Slope,,
025,,Glameow,Legends: Arceus,Veilstone Cape,,
025,,Glameow,Legends: Arceus,Glacier Terrace,,
025,,Purugly,Legends: Arceus,Crossing Slope,,
025,,Purugly,Legends: Arceus,Veilstone Cape,,
025,,Purugly,Legends: Arceus,Glacier Terrace,,
025,,Meowth,Scarlet,East Province Area Three,,
025,,Meowth,Scarlet,West Province Area Three,,
025,,Meowth,Scarlet,South Province Area Two,,
025,,Meowth,Scarlet,Tera Raid,,
025,,Meowth,Scarlet,Egg,,
025,,Meowth Alolan Form,Scarlet,Egg,,
025,,Meowth Galar Form,Scarlet,Egg,,
025,,Persian,Scarlet,South Province Area Four,,
025,,Persian,Scarlet,West Province Area Three,,
025,,Persian,Scarlet,Tera Raid,,
025,,Shinx,Scarlet,South Province Area Three,,
025,,Shinx,Scarlet,South Province Area Five,,
025,,Shinx,Scarlet,Tera Raid,,
025,,Shinx,Scarlet,Fellhorn Gorge,,
025,,Shinx,Scarlet,Oni Mountain,,
025,,Shinx,Scarlet,Wistful Fields,,
025,,Shinx,Scarlet,Paradise Barrens,,
025,,Shinx,Scarlet,Kitakami Wilds,,
025,,Shinx,Scarlet,Timeless Woods,,
025,,Shinx,Scarlet,Egg,,
025,,Luxio,Scarlet,South Province Area Three,,
025,,Luxio,Scarlet,South Province Area Five,,
025,,Luxio,Scarlet,Tera Raid,,
025,,Luxio,Scarlet,Fellhorn Gorge,,
025,,Luxio,Scarlet,Oni Mountain,,
025,,Luxio,Scarlet,Wistful Fields,,
025,,Luxio,Scarlet,Paradise Barrens,,
025,,Luxio,Scarlet,Kitakami Wilds,,
025,,Luxio,Scarlet,Timeless Woods,,
025,,Luxray,Scarlet,South Province Area Five,,
025,,Luxray,Scarlet,North Province Area Two,,
025,,Luxray,Scarlet,Tera Raid,,
025,,Luxray,Scarlet,Fellhorn Gorge,,
025,,Luxray,Scarlet,Kitakami Wilds,,
025,,Luxray,Scarlet,Timeless Woods,,
025,,Litleo,Scarlet,South Province Area One,,
025,,Litleo,Scarlet,South Province Area Three,,
025,,Litleo,Scarlet,South Province Area Five,,
025,,Litleo,Scarlet,East Province Area One,,
025,,Litleo,Scarlet,East Province Area Two,,
025,,Litleo,Scarlet,Tera Raid,,
025,,Litleo,Scarlet,Savanna Biome,,
025,,Litleo,Scarlet,Egg,,
025,,Pyroar,Scarlet,North Province Area One,,
025,,Pyroar,Scarlet,Dalizapa Passage,,
025,,Pyroar,Scarlet,East Province Area Three,,
025,,Pyroar,Scarlet,Tera Raid,,
025,,Pyroar,Scarlet,Savanna Biome,,
025,,Espurr,Scarlet,Coastal Biome,,
025,,Espurr,Scarlet,Canyon Biome,,
025,,Espurr,Scarlet,Tera Raid,,
025,,Espurr,Scarlet,Egg,,
025,,Meowstic,Scarlet,Coastal Biome,,
025,,Meowstic,Scarlet,Canyon Biome,,
025,,Meowstic,Scarlet,Tera Raid,,
025,,Litten,Scarlet,Canyon Biome,,
025,,Litten,Scarlet,Chargestone Cavern,,
025,,Litten,Scarlet,Egg,,
025,,Sprigatito,Scarlet,Egg,,
025,,Meowth,Violet,East Province Area Three,,
025,,Meowth,Violet,West Province Area Three,,
025,,Meowth,Violet,South Province Area Two,,
025,,Meowth,Violet,Tera Raid,,
025,,Meowth,Violet,Egg,,
025,,Meowth Alolan Form,Violet,Egg,,
025,,Meowth Galar Form,Violet,Egg,,
025,,Persian,Violet,South Province Area Four,,
025,,Persian,Violet,West Province Area Three,,
025,,Persian,Violet,Tera Raid,,
025,,Shinx,Violet,South Province Area Three,,
025,,Shinx,Violet,South Province Area Five,,
025,,Shinx,Violet,Tera Raid,,
025,,Shinx,Violet,Fellhorn Gorge,,
025,,Shinx,Violet,Oni Mountain,,
025,,Shinx,Violet,Wistful Fields,,
025,,Shinx,Violet,Paradise Barrens,,
025,,Shinx,Violet,Kitakami Wilds,,
025,,Shinx,Violet,Timeless Woods,,
025,,Shinx,Violet,Egg,,
025,,Luxio,Violet,South Province Area Three,,
025,,Luxio,Violet,South Province Area Five,,
025,,Luxio,Violet,Tera Raid,,
025,,Luxio,Violet,Fellhorn Gorge,,
025,,Luxio,Violet,Oni Mountain,,
025,,Luxio,Violet,Wistful Fields,,
025,,Luxio,Violet,Paradise Barrens,,
025,,Luxio,Violet,Kitakami Wilds,,
025,,Luxio,Violet,Timeless Woods,,
025,,Luxray,Violet,South Province Area Five,,
025,,Luxray,Violet,North Province Area Two,,
025,,Luxray,Violet,Tera Raid,,
025,,Luxray,Violet,Fellhorn Gorge,,
025,,Luxray,Violet,Kitakami Wilds,,
025,,Luxray,Violet,Timeless Woods,,
025,,Litleo,Violet,South Province Area One,,
025,,Litleo,Violet,South Province Area Three,,
025,,Litleo,Violet,South Province Area Five,,
025,,Litleo,Violet,East Province Area One,,
025,,Litleo,Violet,East Province Area Two,,
025,,Litleo,Violet,Tera Raid,,
025,,Litleo,Violet,Savanna Biome,,
025,,Litleo,Violet,Egg,,
025,,Pyroar,Violet,North Province Area One,,
025,,Pyroar,Violet,Dalizapa Passage,,
025,,Pyroar,Violet,East Province Area Three,,
025,,Pyroar,Violet,Tera Raid,,
025,,Pyroar,Violet,Savanna Biome,,
025,,Espurr,Violet,Coastal Biome,,
025,,Espurr,Violet,Canyon Biome,,
025,,Espurr,Violet,Tera Raid,,
025,,Espurr,Violet,Egg,,
025,,Meowstic,Violet,Coastal Biome,,
025,,Meowstic,Violet,Canyon Biome,,
025,,Meowstic,Violet,Tera Raid,,
025,,Litten,Violet,Canyon Biome,,
025,,Litten,Violet,Chargestone Cavern,,
025,,Litten,Violet,Egg,,
025,,Sprigatito,Violet,Egg,,
025,,Meowth,Let's Go Eevee,Route 24,,
025,,Meowth,Let's Go Eevee,Route 25,,
025,,Meowth,Brilliant Diamond,Trophy Garden,,
025,,Meowth,Shining Pearl,Trophy Garden,,
025,,Meowth,Legends: ZA,Hyperspace Lumiose,,
025,,Meowth Alolan Form,Legends: ZA,Hyperspace Lumiose,,
025,,Meowth Galar Form,Legends: ZA,Hyperspace Lumiose,,
025,,Persian,Legends: ZA,Hyperspace Lumiose,,
025,,Persian Alolan Form,Legends: ZA,Hyperspace Lumiose,,
025,,Skitty,Brilliant Diamond,Route 22,,
025,,Skitty,Shining Pearl,Route 22,,
025,,Skitty,Brilliant Diamond,Grand Underground,,
025,,Skitty,Shining Pearl,Grand Underground,,
025,,Shinx,Brilliant Diamond,Route 202,,
025,,Shinx,Brilliant Diamond,Route 203,,
025,,Shinx,Brilliant Diamond,Route 204,,
025,,Shinx,Brilliant Diamond,Fuego Ironworks,,
025,,Shinx,Brilliant Diamond,Grand Underground,,
025,,Shinx,Shining Pearl,Route 202,,
025,,Shinx,Shining Pearl,Route 203,,
025,,Shinx,Shining Pearl,Route 204,,
025,,Shinx,Shining Pearl,Fuego Ironworks,,
025,,Shinx,Shining Pearl,Grand Underground,,
025,,Luxio,Brilliant Diamond,Fuego Ironworks,,
025,,Luxio,Brilliant Diamond,Grand Underground,,
025,,Luxio,Shining Pearl,Fuego Ironworks,,
025,,Luxio,Shining Pearl,Grand Underground,,
025,,Glameow,Shining Pearl,Route 218,,
025,,Glameow,Shining Pearl,Route 222,,
025,,Glameow,Shining Pearl,Grand Underground,,
025,,Purugly,Shining Pearl,Route 222,,
025,,Purugly,Shining Pearl,Route 229,,
025,,Purugly,Shining Pearl,Grand Underground,,
025,,Purrloin,Legends: ZA,Hyperspace Lumiose,,
025,,Liepard,Legends: ZA,Hyperspace Lumiose,,
025,,Litleo,Legends: ZA,Hyperspace Lumiose,,
025,,Litleo,Legends: ZA,Wild Zone 3,,
025,,Pyroar,Legends: ZA,Wild Zone 17,,
025,,Pyroar,Legends: ZA,Hyperspace Lumiose,,
025,,Espurr,Legends: ZA,Vert Sector 8,,
025,,Espurr,Legends: ZA,Bleu Sector 4,,
025,,Espurr,Legends: ZA,Wild Zone 9,,
025,,Espurr,Legends: ZA,Rouge Sector 4,,
025,,Espurr,Legends: ZA,Rouge Sector 6,,
025,,Espurr,Legends: ZA,Rouge Sector 7,,
025,,Espurr,Legends: ZA,Wild Zone 3,,
025,,Espurr,Legends: ZA,Hyperspace Lumiose,,
025,,Meowstic,Legends: ZA,Wild Zone 9,,
025,,Meowstic,Legends: ZA,Hyperspace Lumiose,,
025,,Perrserker,Legends: ZA,Hyperspace Lumiose,,
026,,Pokémon,Game,Place,Level,Evolution Level
026,,Metapod,heartgold,Route 30 dawn day,4,7
026,,Butterfree,crystal,Route 2 dawn day,7,10
026,,Kakuna,soulsilver,Route 2 night,3,7
026,,Beedrill,silver,Route 2 dawn,7,10
026,,Pidgeotto,heartgold soulsilver,Viridian Forest dawn day,7,18
026,,Pidgeot,ultrasun ultramoon,Route 10,29,36
026,,Raticate,crystal,Route 1 night,6,20
026,,Fearow,gold silver crystal,Route 22 dawn day,7,20
026,,Arbok,silver,Route 3,10,22
026,,Sandslash,gold,Mt. Moon,10,22
026,,Clefable,black white,Giant Chasm,55,Moon Stone
026,,Ninetales,black white,Abundant Shrine,47-50,Fire Stone
026,,Wigglytuff,black white,Route 14,50,Moon Stone
026,,Golbat,platinum,Oreburgh Gate,10,22
026,,Poliwhirl,gold silver crystal,Route 30 surfing,20-24,25
026,,Poliwrath,black white,Wellspring Cave fishing water,35-60,Water Stone
026,,Kadabra,gold silver,Route 8,15,16
026,,Machoke,gold silver,Rock Tunnel,14,28
026,,Weepinbell,heartgold soulsilver,Route 24 night,12,21
026,,Tentacruel,heartgold soulsilver,Route 27 surfing,20,30
026,,Graveler,heartgold soulsilver,Cliff Cave dawn day,20,25
026,,Rapidash,firered leafgreen,Kindle Road,"37, 40",40
026,,Slowbro,sun,Kala’e Bay,18,37
026,,Magneton,ruby sapphire emerald,New Mauville,26,30
026,,Dodrio,heartgold soulsilver,Route 26,30,31
026,,Dewgong,firered leafgreen,Seafom Island B3F Walking,"32, 34",34
026,,Muk,heartgold soulsilver,Celadon City,15,38
026,,Cloyster,black white black2 white2 x y sword shield scarlet violet,,,Water Stone
026,,Haunter,firered leafgreen,Pokémon Tower,20,25
026,,Gengar,diamond pearl platinum,Old Chateau,16-17,Trade
026,,Hypno,gold silver,Route 11,16,26
026,,Kingler,heartgold soulsilver,Cliff Cave,22,28
026,,Electrode,gold silver crystal,Team Rocket HQ,23,30
026,,Exeggutor,sword shield,Workout Sea,50,Leaf Stone
026,,Exeggutor – Alolan Form,sun moon ultrasun ultramoon,Exeggutor Island,40-45,Leaf Stone
026,,Marowak,crystal,Rock Tunnel,12,28
026,,Rhydon,crystal,Victory Road dawn day,35,42
026,,Seadra,gold silver crystal,Whirl Island surfing,2-24,32
026,,Seaking,firered leafgreen,Fuchsia City fishing,20-30,33
026,,Starmie,black white,Route 13 surfing water,,Water Stone
026,,Vaporeon,sword shield scarlet violet,,,Water Stone
026,,Jolteon,sword shield scarlet violet,,,Thunder Stone
026,,Flareon,sword shield scarlet violet,,,Fire Stone
026,,Dragonair,gold silver crystal,Route 45 fishing,10,30
026,,Dragonite,black white,Dragonspiral Tower fishing water,50-70,55
026,,Furret,gold silver crystal,Route 1,6,15
026,,Noctowl,gold silver crystal,Route 2,"4, 7",20
026,,Ledian,silver crystal,Route 2 dawn,7,18
026,,Ariados,gold crystal,Route 2 night,7,22
026,,Crobat,black white,Route 13 tallgrass,50,Friendship
026,,Lanturn,ultrasun ultramoon,Route 8 SOS fishing,10-20,27
026,,Togetic,sword shield legendsarceus,,,Friendship
026,,Xatu,ultrasun ultramoon,Akala Outskirts SOS,21-24,25
026,,Bellossom,sowrd shield scarlet violet,,,Sun Stone
026,,Politoed,sun moon ultrasun ultramoon sword shield scarlet violet,,,Trade + King’s Rock
026,,Skiploom,diamond,Route 205 pokeradar,12,18
026,,Sunflora,black white,Route 12 tallgrass,50,Sun Stone
026,,Quagsire,gold silver,Route 10,16,20
026,,Espeon,sowrd shield scarlet violet,,,Friendship day
026,,Umbreon,sowrd shield scarlet violet,,,Friendship night
026,,Slowking,black white,Abundant Shrine surfing water,,Trade + King’s Rock
026,,Steelix,diamond pearl platinum,Iron Island,,Trade
026,,Granbull,crystal,Route 6,15,23
026,,Scizor,sword shield legendsarceus scarlet violet,,,Trade
026,,Ursaring,crystal,Dark Cave,25,30
026,,Octillery,diamond pearl,Route 213 fishing,20-50,25
026,,Houndoom,pearl,Route 215 pokeradar,"20, 22",24
026,,Kingdra,black white,Route 17 fishing water,,Trade
026,,Porygon2,legendsarceus,Crimson Mirelands,,Trade
026,,Blissey,ultrasun ultramoon sword shield legendsarceus scarlet violet,,,Friendship
026,,Pupitar,crystal,Mt. Silver Cave,20,30
026,,Tyranitar,black white,Route 15 tallgrass,50,55
026,,Linoon,heartgold soulsilver,Route 30 sound,4,20
026,,Silcoon,ruby sapphire emerald,Petalburg Woods,5,7
026,,Cascoon,ruby sapphire emerald,Petalburg Woods,5,7
026,,Ludicolo,shield scarlet violet,,,Water Stone
026,,Shiftry,black2 white2,Nature Preserve tallgrass,,Leaf Stone
026,,Swellow,diamond pearl,Route 213 pokeradar,20-22,22
026,,Pelipper,omegaruby alphasapphire,Route 118,"22, 24",25
026,,Kirlia,diamond pearl,Route 203 pokeradar,6,20
026,,Ninjask,sword shield,Rolling Fields,15,20
026,,Shedinja,sword shield,Bridge Fields (Max Raid Battle),,
026,,Hariyama,x y,Route 11,22-23,24
026,,Delcatty,white2,Castellia City tallgrass,,Moon Stone
026,,Medicham,diamond pearl,Route 217,35-36,37
026,,Sharpedo,sun moon,Poni Breaker Coast fishing,10-43,30
026,,Wailord,sapphire emerald,Route 129 surfing,25-30,40
026,,Whiscash,heartgold soulsilver,Violet City fishing,"10, 20",30
026,,Crawdaunt,ultrasum ultramoon,Vast Pony Canyon – SOS fishing,10-46,30
026,,Milotic,black white black2 white2,Route 1 fishing water,,
026,,Banette,black2 white2,Strange House,32-34,37
026,,Dusclops,platinum,Turnback Cave night,16,37
026,,Sealeo,black2 white2,Undella Bay – Winter surfing water,25-40,32
026,,Walrein,black2 white2,Undella Bay – Winter surfing water,30-40,44
026,,Huntail,black white x ultrasun ultramoon,,,Trade
026,,Gorebyss,black2 white2 y ultrasun ultramoon,,,Trade
026,,Shelgon,sun moon ultrasun ultramoon,Kala’e Bay – SOS,15-18,30
026,,Salamence,sun moon ultrasun ultramoon,Route 3 – SOS,9-12,50
026,,Staravia,diamond pearl,Lake Verity Insert firered leafgreen,4,14
026,,Bibarel,diamond pearl,Lake Verity Insert firered leafgreen,4,15
026,,Roserade,black2 white2 sword shield legendsarceus,,,Shiny Stone
026,,Floatzel,diamond pearl,Route 213,22,26
026,,Gastrodon,diamond pearl,Route 218,28-30,30
026,,Lopunny,black2 ultrasun ultramoon sword shield legendsarceus,,,Friendship
026,,Mismagius,white sun moon legendsarceus violet,,,Dusk Stone
026,,Honchkrow,black ultrasun ultramoon legendsarceus scarlet violet,,,Dusk Stone
026,,Skuntank,diamond,Route 221,29-30,34
026,,Lucario,sun moon ultrasun ultramoon sword shield legendsarceus scarlet violet,,,Friendship
026,,Hippowdon,sword shield,Giant’s Mirror,26-28,34
026,,Drapion,diamond pearl,Great Marsh,"22, 24, 26",40
026,,Toxicroak,diamond pearl,Great Marsh,"22, 24, 26",37
026,,Lumineon,platinum,Route 219,25-35,31
026,,Abomasnow,platinum,Mount Coronet,38-39,40
026,,Weavile,sword shield legendsarceus scarlet violet,,,Trade
026,,Magnezone,black2 white2 sword shield legendsarceus scarlet violet,,,
026,,Rhyperior,sword shield legendsarceus scarlet violet,,,Trade
026,,Electivire,sword shield legendsarceus scarlet violet,,,Trade
026,,Magmotar,sword shield legendsarceus scarlet violet,,,Trade
026,,Togekiss,sun moon sword shield legendsarceus,,,Shiny Stone
026,,Leafeon,sword shield legendsarceus scarlet violet,,,
026,,Glaceon,sword shield legendsarceus scarlet violet,,,
026,,Gliscor,black white black2 white2 legendsarceus scarlet,,,
026,,Porygon-Z,legendsarceus scarlet violet,,,Trade
026,,Gallade,sword shield legendsarceus scarlet violet,,,Dawn Stone
026,,Probopass,legendsarceus scarlet violet,,,
026,,Dusknoir,sword shield legendsarceus scarlet violet,,,Trade
026,,Froslass,sword shield legendsarceus scarlet violet,,,Dawn Stone
026,,Stoutland,black white,Cold Storage tallgrass,23,32
026,,Musharna,black white black2 white2 sword shield,,,Moon Stone
026,,Unfezant,black white,Lostlorn Forest tallgrass,22,32
026,,Boldore,black white,Chargestone Cave,24,25
026,,Gigalith,sword shield,,,Trade
026,,Swoobat,sword shield,,,Friendship
026,,Conkeldurr,sun moon sword shield scarlet violet,,,Trade
026,,Seismitoad,black white,Route 8 water surfing,15-40,36
026,,Leavanny,black white black2 white2 sun moon ultrasun ultramoon scarlet violet,,,Friendship
026,,Whimsicott,black black2 sword shield scarlet violet,,,Sun Stone
026,,Lilligant,white white2 sword shield scarlet violet,,,Sun Stone
026,,Lilligant – Hisuian Form,legendsarceus,Crimson Mirelands,,Sun Stone
026,,Garbodor,black white,Route 9,31-33,36
026,,Cinccino,black white sword shield scarlet violet,,,Shiny Stone
026,,Gothorita,shield,Giant’s Cap,29-32,32
026,,Gothitelle,black,Route 9 tallgrass,32,41
026,,Duosion,white,Route 9,31-34,32
026,,Reuniclus,white,Route 9 tallgrass,34,41
026,,Vanilluxe,sword shield,Route 10,45-48,47
026,,Escavalier,sword shield,,,Trade
026,,Amoonguss,sword shield,Forest of Focus,26,39
026,,Jellicent,black white,Route 4 water surfing,5-20,40
026,,Eelektross,sun moon ultrasun ultramoon scarlet violet,,,Thunder Stone
026,,Chandelure,sword shield scarlet violet,,,Dusk Stone
026,,Beartic,black white,Dragonspiral Tower,"33, 37",37
026,,Accelgor,sword shield,,,Trade
026,,Mienshao,sword shield,Challenge Road,28,50
026,,Golurk,sword shield,Watchtower Ruins,40,43
026,,Bisharp,ultrasun ultramoon,Route 17,33-36,52
026,,Braviary,white2,Route 4,25,54
026,,Mandibuzz,black2,Route 4,25,54
026,,Zweilous,black2 white2,Victory Road dirtcloud,"49, 50",50
026,,Hydreigon,x y,Victory Road,59,64
026,,Volcarona,ultrasun ultramoon,Lush Jungle – SOS,41-44,59
026,,Diggersby,sword shield,North Lake Miloch,14-16,20
026,,Fletchinder,ultrasun ultramoon,Wela Volcano Park – SOS,16-19,17
026,,Talonflame,sword shield,Soothing Wetlands,32,35
026,,Spewpa,scarlet violet,South Province Area One Flowers,8,9
026,,Florges,scarlet violet,North Province Area Three Flowers,,Shiny Stone
026,,Pangoro,sun moon,Route 10 – SOS,24-27,32
026,,Aegislash,sword shield,,,Dusk Stone
026,,Aromatisse,shield,,,Trade
026,,Slurpuff,sword,,,Trade
026,,Malamar,sword shield scarlet violet,,,
026,,Dragalgae,y,Route 8 fishing,35,48
026,,Clawtzer,x,Route 8 fishing,35,37
026,,Heliolisk,ultrasun ultramoon sword shield,,,Sun Stone
026,,Sylveon,sword shield legendsarceus scarlet violet,,,Friendship
026,,Trevenant,x y sun moon sword shield scarlet violet,,,Trade
026,,Gourgeist,sword shield,,,Trade
026,,Toucannon,ultrasun ultramoon,Route 11 – SOS,26-29,28
026,,Gumshoos,ultrasun ultramoon,Route 8 – SOS,17-20,20
026,,Vikavolt,ultrasun ultramoon sword shield scarlet violet,,,
026,,Crabominable,scarlet violet,,,
026,,Toxapex,sword shield,Fields of Honor,20,38
026,,Mudsdale,ultrasun ultramoon,Blush Mountain – SOS,29-32,30
026,,Lurantis,sword shield,Forest of Focus,27,34
026,,Salazzle,ultrasun ultramoon,Wela Volcano Park – SOS,16-19,33
026,,Palossand,sword shield,Loop Lagoon,32,42
026,,Kommo-o,sun moon,Vast Pony Plain – SOS,41-44,45
026,,Corviknight,sword shield,Route 7 blizzard,28-40,38
026,,Flapple,sword scarlet violet,,,Apple
026,,Appletun,shield scarlet violet,,,Apple
026,,Polteageist,sword shield scarlet violet,,,
026,,Alcremie,sword shield scarlet violet,,,
026,,Frosmoth,sword shield scarlet violet,,,Friendship
026,,Pawmot,scarlet violet,Terra Raids,,
026,,Armarouge,scarlet,,,
026,,Ceruledge,violet,,,
026,,Bellibolt,scarlet violet,,,Thunder Stone
026,,Brambleghast,scarlet violet,,,
026,,Scovillain,scarlet violet,,,Fire Stone
026,,Rabsca,scarlet violet,,,
026,,Palafin,scarlet violet,Tera Raids,,
026,,Cetitan,scarlet violet,,,Ice Stone
026,,Dipplin,scarlet violet,Tera Raids,,
026,,Sinistcha,scarlet violet,Tera Raids,,
027,,Poké,,,,
027,,Great,,,,
027,,Ultra,,,,
027,,Master,,,,
027,,Safari,,,,
027,,Fast,,,,
027,,Level,,,,
027,,Lure,,,,
027,,Heavy,,,,
027,,Love,,,,
027,,Friend,,,,
027,,Moon,,,,
027,,Sport,,,,
027,,Net,,,,
027,,Dive,,,,
027,,Nest,,,,
027,,Repeat,,,,
027,,Timer,,,,
027,,Luxury,,,,
027,,Premier,,,,
027,,Dusk,,,,
027,,Heal,,,,
027,,Quick,,,,
027,,Cherish,,,,
027,,Beast,,,,
028,,Zubat,"X , Y 
Omega Ruby , Alpha Sapphire","Connecting Cave
Granite Cave, Meteor Falls, Scorched Slab, Shoal Cave, Seafloor Cavern, Cave of Origin, Victory Road",,
028,,Whismur,"X , Y 
Omega Ruby , Alpha Sapphire","Connecting Cave
Rusturf Tunnel",,
028,,Axew,"X , Y",Connecting Cave,,
028,,Mime Jr.,"X , Y",Reflection Cave,,
028,,Roggenrola,"X , Y",Reflection Cave,,
028,,Carbink,"X , Y",Reflection Cave,,
028,,Slowpoke,"X , Y",Azure Bay,,
028,,Exeggcute,"X , Y",Azure Bay,,
028,,Wingull,"X , Y 
Omega Ruby , Alpha Sapphire","Azure Bay, Route 8, Route 12
Route 103, Route 104, Route 118",,
028,,Smoochum,"X , Y",Frost Cavern,,
028,,Vanilite,"X , Y",Frost Cavern,,
028,,Cubchoo,"X , Y",Frost Cavern,,
028,,Geodude,"X , Y 
Omega Ruby , Alpha Sapphire","Terminus Cave, Victory Road, Route 18
Granite Cave",,
028,,Larvitar,Y,Terminus Cave,,
028,,Aron,"X 
Omega Ruby , Alpha Sapphire","Terminus Cave
Granite Cave, Victory Road",,
028,,Durant,"X , Y","Terminus Cave, Route 18",,
028,,Poliwag,"X , Y",Pokémon Village,,
028,,Lombre,"X , Y",Pokémon Village,,
028,,Foongus,"X , Y","Pokémon Village, Route 15, Route 16, Route 20",,
028,,Graveler,"X , Y",Victory Road,,
028,,Lickitung,"X , Y",Victory Road,,
028,,Floatzel,"X , Y",Victory Road,,
028,,Plusle,"X , Y 
Omega Ruby , Alpha Sapphire","Route 5
Route 110",,
028,,Minun,"X , Y 
Omega Ruby , Alpha Sapphire","Route 5
Route 110",,
028,,Gulpin,"X , Y",Route 5,,
028,,Scraggy,"X , Y",Route 5,,
028,,Psyduck,"X , Y 
Omega Ruby , Alpha Sapphire","Route 7
Safari Zone",,
028,,Hoppip,"X , Y",Route 7,,
028,,Roselia,"X , Y 
Omega Ruby , Alpha Sapphire","Route 7
Route 117",,
028,,Taillow,"X , Y",Route 8,,
028,,Zangoose,"X , Y",Route 8,,
028,,Seviper,"X , Y",Route 8,,
028,,Yanma,"X , Y",Route 10,,
028,,Houndour,X,Route 10,,
028,,Nosepass,"X , Y",Route 10,,
028,,Electrike,"Y 
Omega Ruby , Alpha Sapphire","Route 10
Route 118",,
028,,Nidoran F,"X , Y",Route 11,,
028,,Nidoran M,"X , Y",Route 11,,
028,,Starly,"X , Y",Route 11,,
028,,Stunky,"X , Y",Route 11,,
028,,Tauros,"X , Y",Route 12,,
028,,Mareep,"X , Y",Route 12,,
028,,Miltank,"X , Y",Route 12,,
028,,Ekans,"X , Y",Route 14,,
028,,Bellsprout,"X , Y",Route 14,,
028,,Skorupi,"X , Y",Route 14,,
028,,Murkrow,"X , Y","Route 15, Route 16",,
028,,Kelfki,"X , Y",Route 15,,
028,,Heatmor,"X , Y",Route 18,,
028,,Arbok,"X , Y",Route 19,,
028,,Weepinbell,"X , Y",Route 19,,
028,,Gligar,"X , Y",Route 19,,
028,,Sudowoodo,"X , Y",Route 20,,
028,,Trevenant,"X , Y",Route 20,,
028,,Scyther,"X , Y",Route 21,,
028,,Spinda,"X , Y",Route 21,,
028,,Swablu,"X , Y 
Omega Ruby , Alpha Sapphire","Route 21
Sky Pillar, Route 114, Route 115",,
028,,Zigzagoon,"Omega Ruby , Alpha Sapphire","Petalburg Woods, Route 101, Route 102, Route 103, Route 104, Route 116, Route 117",,
028,,Wurmple,"Omega Ruby , Alpha Sapphire",Petalburg Woods,,
028,,Shroomish,"Omega Ruby , Alpha Sapphire",Petalburg Woods,,
028,,Makuhita,"Omega Ruby , Alpha Sapphire",Granite Cave,,
028,,Sableye,Alpha Sapphire,Granite Cave,,
028,,Mawile,Omega Ruby,Granite Cave,,
028,,Magnemite,"Omega Ruby , Alpha Sapphire","New Mauville, Route 110",,
028,,Voltorb,"Omega Ruby , Alpha Sapphire",New Mauville,,
028,,Grimer,Alpha Sapphire,Fiery Path,,
028,,Koffing,Omega Ruby,Fiery Path,,
028,,Slugma,"Omega Ruby , Alpha Sapphire",Fiery Path,,
028,,Numel,"Omega Ruby , Alpha Sapphire","Fiery Path, Route 112",,
028,,Machop,"Omega Ruby , Alpha Sapphire","Jagged Pass, Route 112",,
028,,Spoink,"Omega Ruby , Alpha Sapphire",Jagged Pass,,
028,,Bagon,"Omega Ruby , Alpha Sapphire",Meteor Falls,,
028,,Oddish,"Omega Ruby , Alpha Sapphire","Safari Zone, Route 117, Route 119, Route 120",,
028,,Doduo,"Omega Ruby , Alpha Sapphire",Safari Zone,,
028,,Vulpix,"Omega Ruby , Alpha Sapphire",Mt. Pyre,,
028,,Meditite,"Omega Ruby , Alpha Sapphire",Mt. Pyre,,
028,,Shuppet,"Omega Ruby , Alpha Sapphire","Mt. Pyre, Route 121, Route 123",,
028,,Spheal,"Omega Ruby , Alpha Sapphire",Shoal Cave,,
028,,Snorunt,"Omega Ruby , Alpha Sapphire",Shoal Cave,,
028,,Golbat,"Omega Ruby , Alpha Sapphire",Sky Pillar,,
028,,Ariados,"Omega Ruby , Alpha Sapphire",Sky Pillar,,
028,,Loudred,"Omega Ruby , Alpha Sapphire",Victory Road,,
028,,Poochyena,"Omega Ruby , Alpha Sapphire","Route 101, Route 103",,
028,,Lotad,Alpha Sapphire,"Route 102, Route 114",,
028,,Seedot,Omega Ruby,"Route 102, Route 114",,
028,,Ralts,"Omega Ruby , Alpha Sapphire",Route 102,,
028,,Tailow,"Omega Ruby , Alpha Sapphire",Route 104,,
028,,Sandshrew,"Omega Ruby , Alpha Sapphire",Route 110,,
028,,Skarmory,"Omega Ruby , Alpha Sapphire",Route 113,,
028,,Spinda,"Omega Ruby , Alpha Sapphire",Route 113,,
028,,Nincada,"Omega Ruby , Alpha Sapphire",Route 116,,
028,,Skitty,"Omega Ruby , Alpha Sapphire",Route 116,,
028,,Marill,"Omega Ruby , Alpha Sapphire","Route 117, Route 120",,
028,,Kecleon,"Omega Ruby , Alpha Sapphire","Route 118, Route 120, Route 121, Route 123",,
029,"Pokémon Gold, Silver, Crystal",Rattata,"Sprout Tower, Bell Tower dawn day",,,
029,"Pokémon Gold, Silver, Crystal",Slowpoke,Slowpoke Well surfing,,,
029,"Pokémon Gold, Silver, Crystal",Krabby,National Park fishing,,,
029,"Pokémon Gold, Silver, Crystal",Magikarp,"Blackthorn City, Route 43, Route 45, Dark Cave (Route 31 Side), Fuchsia City surfing
Route 45, Dragon’s Den, Lake of Rage, Fuchsia City fishing",,,
029,"Pokémon Gold, Silver, Crystal",Hoothoot,National Park gold silver night,,,
029,"Pokémon Gold, Silver, Crystal",Qwilfish,Route 32 – Swarm fishing,,,
029,"Pokémon Gold, Silver, Crystal",Remoraid,Route 44 – Swarm gold silver fishing,,,
029,"Pokémon Ruby, Sapphire, Emerald",Geodude,"Route 111, Route 114, Safari Zone Area 4",,,
029,"Pokémon Ruby, Sapphire, Emerald",Zubat,Altering Cave rocksmash,,,
029,"Pokémon Ruby, Sapphire, Emerald",Golbat,Victory Road B2F emerald,,,
029,"Pokémon Ruby, Sapphire, Emerald",Psyduck,Safari Zone Area 2 surfing,,,
029,"Pokémon Ruby, Sapphire, Emerald",Magikarp,"Sootopolis City surfing
Sootopolis City, Route 104 fishing",,,
029,"Pokémon Ruby, Sapphire, Emerald",Marill,Petalburg City surfing,,,
029,"Pokémon Ruby, Sapphire, Emerald",Smeargle,Artisan Cave emerald,,,
029,"Pokémon Ruby, Sapphire, Emerald",Shuckle,Safari Zone Area 6 emerald rocksmash,,,
029,"Pokémon Ruby, Sapphire, Emerald",Barboach,"Route 111, Route 114, Route 120, Meteor Falls fishing",,,
029,"Pokémon Ruby, Sapphire, Emerald",Whismur,Rusturf Tunnel,,,
029,"Pokémon Ruby, Sapphire, Emerald",Corphish,"Petalburg City, Route 102, Route 117 fishing",,,
029,"Pokémon Ruby, Sapphire, Emerald",Shuppet,Mt. Pyre 1F-3F sapphire emerald,,,
029,"Pokémon Ruby, Sapphire, Emerald",Duskull,Mt. Pyre 1F-3F ruby,,,
029,"Pokémon Ruby, Sapphire, Emerald",Wynaut,Mirage Island,,,
029,"Pokémon Ruby, Sapphire, Emerald",Carvanha,Route 119 fishing,,,
029,"Pokémon Ruby, Sapphire, Emerald",Wailmer,"Dewford Town, Slateport City, Route 105, Route 106, Route 107, Route 108, Route 109, Route 110, Route 115, Route 121, Route 123, Seafloor Cavern, Shoal Cave Main Cave fishing",,,
029,"Pokémon FireRed, LeafGreen",Paras,Mt. Moon B1F,,,
029,"Pokémon FireRed, LeafGreen",Tentacool,"Pallet Town, Cerulean City, Vermilion City, Vermilion City Port, Cinnabar Island, Route 4, Route 10, Route 11, Route 12, Route 13, Route 19, Route 20, Route 21, Route 24 surfing",,,
029,"Pokémon FireRed, LeafGreen",Psyduck,"Viridian City, Fuchsia City, Route 6, Route 22, Route 23, Route 25, Safari Zone firered surfing",,,
029,"Pokémon FireRed, LeafGreen",Zubat,Altering Cave,,,
029,"Pokémon FireRed, LeafGreen",Slowpoke,"Viridian City, Fuchsia City, Route 6, Route 22, Route 23, Route 25, Safari Zone leafgreen surfing",,,
029,"Pokémon FireRed, LeafGreen",Tangela,Route 21,,,
029,"Pokémon FireRed, LeafGreen",Magikarp,"Pallet Town, Viridian City, Cerulean City, Vermilion City, Vermilion City Port, Celadon City, Fuchsia City, Cinnabar Island, Route 4, Route 6, Route 10, Route 11, Route 12, Route 13, Route 19, Route 20, Route 21, Route 22, Route 23, Route 24, Route 25, Cerulean Cave 1F B1F, Safari Zone, Seafoam Islands B3F B4F, One Island, Four Island, Five Island, Treasure Beach, Kindle Road, Cape Brink, Bond Bridge, Resort Gorgeous, Water Labyrinth, Trainer Tower, Ruin Valley, Water Path, Green Path, Outcast Island, Memorial Pillar, Five Isle Meadow, Tanoby Ruins, Berry Forest, Icefall Cave Back Cave Entrance fishing",,,
029,"Pokémon FireRed, LeafGreen",Dunsparce,Three Isle Port,,,
029,"Pokémon FireRed, LeafGreen",Marill,Ruin Valley leafgreen surfing,,,
029,"Pokémon FireRed, LeafGreen",Hoppip,Memorial Pillar,,,
029,"Pokémon FireRed, LeafGreen",Wooper,Ruin Valley firered surfing,,,
029,"Pokémon FireRed, LeafGreen",Slugma,Mt. Ember Ruby Path B3F,,,
029,"Pokémon Diamond, Pearl, Platinum",Golbat,Victory Road B1F diamond pearl surfing,,,
029,"Pokémon Diamond, Pearl, Platinum",Gastly,Old Chateau,,,
029,"Pokémon Diamond, Pearl, Platinum",Magikarp,Route 219 fishing,,,
029,"Pokémon Diamond, Pearl, Platinum",Gyarados,"Route 229, Victory Road B1F, 1F fishing",,,
029,"Pokémon Diamond, Pearl, Platinum",Golduck,"Resort Area, Sendoff Spring surfing",,,
029,"Pokémon Diamond, Pearl, Platinum",Unown D,Solaceo Ruins Seventh Big Room,,,
029,"Pokémon Diamond, Pearl, Platinum",Unown E,Solaceo Ruins Fifth Big Room,,,
029,"Pokémon Diamond, Pearl, Platinum",Unown F,Solaceo Ruins Second Big Room,,,
029,"Pokémon Diamond, Pearl, Platinum",Unown I,Solaceo Ruins Fourth Big Room,,,
029,"Pokémon Diamond, Pearl, Platinum",Unown N,Solaceo Ruins Sixth Big Room,,,
029,"Pokémon Diamond, Pearl, Platinum",Unown R,Solaceo Ruins Third Big Room,,,
029,"Pokémon HeartGold, SoulSilver",Rattata,"Sprout Tower, Bell Tower dawn day",,,
029,"Pokémon HeartGold, SoulSilver",Geodude,"Ruins of Alph (Outside), Rock Tunnel B1F rocksmash",,,
029,"Pokémon HeartGold, SoulSilver",Poliwag,"Mt. Moon Square fishing
Mt. Moon Square – Clefairy Event surfing",,,
029,"Pokémon HeartGold, SoulSilver",Slowpoke,Slowpoke Well surfing,,,
029,"Pokémon HeartGold, SoulSilver",Magikarp,"Blackthorn City, Route 43, Route 45, Dark Cave (Route 31 Side), Fuchsia City surfing
Cliff Edge Gate, Johto Safari Zone (Swamp), Dragon’s Den, Lake of Rage, Fuchsia City, Mt. Moon Square, Cerulean Cave 1F 2F B1F fishing",,,
029,"Pokémon HeartGold, SoulSilver",Hoothoot,National Park night,,,
029,"Pokémon HeartGold, SoulSilver",Qwilfish,Route 32 – Swarm fishing,,,
029,"Pokémon HeartGold, SoulSilver",Remoraid,Route 44 – Swarm fishing,,,
029,"Pokémon HeartGold, SoulSilver",Relicanth,Route 11 – Swarm fishing,,,
029,"Pokémon Black, White",Claydol,"Relic Castle Volcarona’s Room, Room Before",,,
029,"Pokémon Black, White",Basculin Red Strip,"Striaton City, Route 1, Route 3, Route 6, Village Bridge, Wellspring Cave 1F, B1F, Pinwheel Forest, Lostlorn Forest, Dragonspiral Tower Outside, Challenger’s Cave, Victory Road surfing black 
 Striaton City, Route 1, Route 3, Route 6, Wellspring Cave 1F, B1F, Pinwheel Forest, Lostlorn Forest, Dragonspiral Tower Outside, Challenger’s Cave, Victory Road water surfing white",,,
029,"Pokémon Black, White",Basculin Blue Strip,"Striaton City, Route 1, Route 3, Route 6, Village Bridge, Wellspring Cave 1F, B1F, Pinwheel Forest, Lostlorn Forest, Dragonspiral Tower Outside, Challenger’s Cave, Victory Road surfing white 
 Striaton City, Route 1, Route 3, Route 6, Wellspring Cave 1F, B1F, Pinwheel Forest, Lostlorn Forest, Dragonspiral Tower Outside, Challenger’s Cave, Victory Road water surfing black",,,
029,"Pokémon Black, White",Frillish,"Driftveil City, Route 4, Route 17, Route 18, P2 Laboratory surfing",,,
029,"Pokémon Black, White",Stunkfish,"Icirrus City, Route 8, Moor of Icirrus shadow",,,
029,"Pokémon Black, White",Ducklett,Driftveil Drawbridge shadow,,,
029,"Pokémon Black, White",Swanna,Marvelous Bridge tallgrass,,,
029,"Pokémon Black, White",Audino,"Route 1, Route 2, Route 3 dustcloud",,,
029,"Pokémon Black, White",Drilbur,"Wellspring Cave 1F, B1F, Mistralton Cave, Chargestone Cave, Twist Mountain, Giant Chasm dustcloud",,,
029,"Pokémon Black, White",Excadrill,"Challenger’s Cave, Victory Road",,,
029,"Pokémon Black, White",Litwick,Celestial Tower 2F,,,
029,"Pokémon Black, White",Golett,Dragonspire Tower 2F,,,
029,"Pokémon Black2, White2",Grimer,"Castelia Sewers Spring, Summer fishing surfing",,,
029,"Pokémon Black2, White3",Baltoy,Relic Castle Volcarona’s Room,,,
029,"Pokémon Black2, White4",Patrat,Route 19 tallgrass,,,
029,"Pokémon Black2, White5",Basculin Red Strip,"Aspertia City, Route 1, Route 19, Wellspring Cave 1F, B1F, Dragonspiral Tower Outside, Clay Tunnel surfing black2
 Aspertia City, Route 1, Route 19, Wellspring Cave 1F, B1F, Dragonspiral Tower Outside, Clay Tunnel water surfing white2",,,
029,"Pokémon Black2, White6",Basculin Blue Strip,"Aspertia City, Route 1, Route 19, Wellspring Cave 1F, B1F, Dragonspiral Tower Outside, Clay Tunnel surfing white2
 Aspertia City, Route 1, Route 19, Wellspring Cave 1F, B1F, Dragonspiral Tower Outside, Clay Tunnel water surfing black2",,,
029,"Pokémon Black2, White7",Frilish,"Virbank City, Route 4, Route 17, Route 18, P2 Laboratory, Virbank Complex surfing",,,
029,"Pokémon Black2, White8",Stunkfish,Icirrus City surfing,,,
029,"Pokémon Black2, White9",Audino,"Virbank Complex, Reversal Mountain",,,
029,"Pokémon Black2, White10",Ducklett,Driftveil Drawbridge shadow,,,
029,"Pokémon Black2, White11",Swanna,Marvelous Bridge shadow,,,
029,"Pokémon Black2, White12",Drilbur,"Mistralton Cave, Chargestone Cave dustcloud",,,
029,"Pokémon Black2, White13",Excadrill,"Wellspring Cave 1F, B1F, Giant Chasm, Reversal Mountain, Seaside Cave dustcloud",,,
029,"Pokémon Black2, White14",Litwick,Celestial Tower 2F,,,
029,"Pokémon Black2, White15",Golurk,Dragonspiral Tower 2F,,,
029,"Pokémon X, Y",Poliwag,"Laverre City, Couriway Town, Route 14, Route 15, Route 16, Route 19, Route 21, Frost Cavern, Pokémon Village, Victory Road fishing",,,
029,"Pokémon X, Y",Magikarp,"Route 3, Route 22, Parfum Palace fishing",,,
029,"Pokémon X, Y",Luvdisc,"Cyllage City, Ambrette Town, Shalour City, Route 8, Route 12, Azure Bay fishing",,,
029,"Pokémon Omega Ruby, Alpha Sapphire",Geodude,"Route 111, Route 114, Rusturf Tunnel rocksmash",,,
029,"Pokémon Omega Ruby, Alpha Sapphire",Graveler,"Lilycove City, Seafloor Cavern Room 1 2 4, Shoal Cave Low Tide rocksmash",,,
029,"Pokémon Omega Ruby, Alpha Sapphire",Tentacool,"Team Magma Hideout omegaruby surfing 
Team Aqua Hideout alphasapphire surfing",,,
029,"Pokémon Omega Ruby, Alpha Sapphire",Golbat,"Scorched Slab, Seafloor Cavern Rooms, Victory Road 2F",,,
029,"Pokémon Omega Ruby, Alpha Sapphire",Magikarp,"Sootopolis City surfing
Sootopolis City, Route 104 fishing",,,
029,"Pokémon Omega Ruby, Alpha Sapphire",Barboach,"Route 111, Route 114, Route 120, Meteor Falls 1F 1R, Scorched Slab 1F B1F, Victory Road 2F fishing",,,
029,"Pokémon Omega Ruby, Alpha Sapphire",Whismur,Rusturf Tunnel,,,
029,"Pokémon Omega Ruby, Alpha Sapphire",Corphish,"Petalburg City, Route 102 fishing",,,
029,"Pokémon Omega Ruby, Alpha Sapphire",Wailmer,"Dewford Town, Slateport City, Mossdeep City, Pacifidlog City, Route 103, Route 105, Route 106, Route 107, Route 108, Route 109, Route 110, Route 115, Route 122, Route 124, Route 126, Route 127, Route 129, Sea Mauville, Seafloor Cavern Entrance Room 5 6, Shoal Cave High Tide fishing",,,
029,"Pokémon Sun, Moon",Rattata Alolan Form,Verdant Cavern dustcloud moon,,,
029,"Pokémon Sun, Moon",Diglett Alolan Form,"Route 7, Diglett’s Tunnel dustcloud",,,
029,"Pokémon Sun, Moon",Dugtrio Alolan Form,Poni Coast dustcloud,,,
029,"Pokémon Sun, Moon",Tentacool,Hano Beach water,,,
029,"Pokémon Sun, Moon",Yungoos,Verdant Cavern dustcloud sun,,,
029,"Pokémon Sun, Moon",Fomantis,Lush Jungle Shaking Tree,,,
029,"Pokémon UltraSun, UltraMoon",Rattata Alolan Form,Verdant Cavern dustcloud ultramoon,,,
029,"Pokémon UltraSun, UltraMoon",Diglett Alolan Form,"Route 7, Diglett’s Tunnel dustcloud",,,
029,"Pokémon UltraSun, UltraMoon",Dugtrio Alolan Form,Poni Coast dustcloud,,,
029,"Pokémon UltraSun, UltraMoon",Tentacool,Hano Beach water,,,
029,"Pokémon UltraSun, UltraMoon",Kecleon,Dividing Peak Tunnel Shadow,,,
029,"Pokémon UltraSun, UltraMoon",Yungoos,Verdant Cavern dustcloud ultrasun,,,
029,"Pokémon Sword, Shield",Skwovet,"Route 4, 5 (Berry Tree), Ballimere Lake (Visible) blizzard windy",,,
029,"Pokémon Sword, Shield",Greedent,"Route 6, 7, 9 (Berry Tree)",,,
029,"Pokémon Sword, Shield",Lunatone,"Giant’s Cap (Dirt, North) shield",,,
029,"Pokémon Sword, Shield",Solrock,"Giant’s Cap (Dirt, North) sword",,,
029,"Pokémon Sword, Shield",Slowpoke – Galarian Form,"Fields of Honor (Visible, Beach)",,,
029,"Pokémon Sword, Shield",Staryu,"Challenge Beach, Training Lowlands (Visible, Beach)",,,
029,"Pokémon Sword, Shield",Cryogonal,"Slippery Slope, Frostpoint Field (Visible) raindy thunderstorm windy",,,
029,"Pokémon Sword, Shield",Mime Jr.,"Frostpoint Field, Snowslide Slope, Giant’s Foot, Three-Point Pass (Hidden) windy 
Frigid Sea (Hidden) harshsun windy
Ballimere Lake (Hidden) blizzard windy",,,
029,"Pokémon Sword, Shield",Beldum,Snowslide Slope (Visible) rainy thunderstorm windy,,,
029,"Pokémon Sword, Shield",Frosmoth,Path to the Peak (Visible) rainy thunderstorm windy,,,
029,"Pokémon Sword, Shield",Spheal,Frigid Sea (Visible) harshsun windy,,,
029,"Pokémon Sword, Shield",Avalugg,Frigid Sea (Visible) harshsun windy surfing,,,
030,Rustling Grass,Pokémon,Black & White,Black2 & White2,,
030,Rustling Grass,Butterfree,Route 12 white,,,
030,Rustling Grass,Beedrill,Route 12 black,,,
030,Rustling Grass,Clefable,Giant Chasm (Crater Forest),Giant Chasm,,
030,Rustling Grass,Ninetales,Abundant Shrine,Abundant Shrine,,
030,Rustling Grass,Wigglytuff,Route 14,"Routes 1, 2, Dreamyard",,
030,Rustling Grass,Crobat,"Route 13, Giant Chasm (entrance)",Dreamyard,,
030,Rustling Grass,Azumarill,,"Routes 6, 11, 22, Abundant Shrine, Village Bridge",,
030,Rustling Grass,Dunsparce,,"Routes 1, 2, 6, 12, 18, 20, Dreamyard, Floccesy Ranch, Nature Preserve, Victory Road (grove, cave entrance), Village Bridge",,
030,Rustling Grass,Sunflora,Route 12,,,
030,Rustling Grass,Tyranitar,Route 15,Route 15,,
030,Rustling Grass,Shiftry,,Nature Preserve,,
030,Rustling Grass,Slaking,,Pinwheel Forest (inside),,
030,Rustling Grass,Delcatty,,Castelia City white2,,
030,Rustling Grass,Castform,,Route 6,,
030,Rustling Grass,Metagross,Giant Chasm (Crater Forest),Giant Chasm (Crater Forest),,
030,Rustling Grass,Roserade,,"Route 12, Lostlorn Forest, Victory Road (grove)",,
030,Rustling Grass,Vespiqueen,Route 12,"Route 12, Lostlorn Forest",,
030,Rustling Grass,Lopunny,,Castelia City black2,,
030,Rustling Grass,Mismagius,Abundant Shrine white,,,
030,Rustling Grass,Honchkrow,Abundant Shrine black,,,
030,Rustling Grass,Magnezone,,P2 Laboratory,,
030,Rustling Grass,Lickilicky,,Route 2,,
030,Rustling Grass,Tangrowth,"Route 13, Giant Chasm (entrance)","Route 13, Giant Chasm (entrance)",,
030,Rustling Grass,Yanmega,,"Route 3, Pinwheel Forest (outside)",,
030,Rustling Grass,Gliscor,"Route 11, 15","Routes 11, 15, 23",,
030,Rustling Grass,Mamoswine,Giant Chasm (Crater Forest),Giant Chasm (Crater Forest),,
030,Rustling Grass,Patrat,,Route 19,,
030,Rustling Grass,Stoutland,"Route 10, Cold Storage, P2 Laboratory","Routes 1, 2, 3, P2 Laboratory",,
030,Rustling Grass,Pansage,"Lostlorn Forest, Pinwheel Forest (inside)","Lostlorn Forest, Pinwheel Forest (inside)",,
030,Rustling Grass,Pansear,"Lostlorn Forest, Pinwheel Forest (inside)","Lostlorn Forest, Pinwheel Forest (inside)",,
030,Rustling Grass,Panpour,"Lostlorn Forest, Pinwheel Forest (inside)","Lostlorn Forest, Pinwheel Forest (inside)",,
030,Rustling Grass,Musharna,Dreamyard,Dreamyard,,
030,Rustling Grass,Unfezant,"Routes 6, 7, 12, Dragonspiral Tower, Lostlorn Forest","Routes 3, 6, 7, 12, Dragonspiral Tower, Victory Road (cave entrance)",,
030,Rustling Grass,Audino,"Routes 1, 2, 3, 5, 6, 7, 9, 10, 11, 12, 13, 14, 15, 16 and 18, Cold Storage, P2 Laboratory, Dreamyard, Pinwheel Forest, Lostlorn Forest, Dragonspiral Tower, Village Bridge, Giant Chasm and Abundant Shrine","Routes 1, 2, 3, 5, 6, 7, 9, 11, 12, 13, 14, 15, 16, 18, 20, 22, 23,
Abundant Shrine, Castelia City, Dragonspiral Tower, Dreamyard,
Floccesy Ranch, Giant Chasm, Lostlorn Forest, P2 Laboratory, Pinwheel Forest, Reversal Mountain, Victory Road, Nature Preserve, Village Bridge, Virbank Complex",,
030,Rustling Grass,Seismitoad,,Pinwheel Forest (outside),,
030,Rustling Grass,Leavanny,"Route 6, Lostlorn Forest","Routes 6, 12, Lostlorn Forest",,
030,Rustling Grass,Sawk,"Routes 10, 15, 18, Pinwheel Forest (outside) white","Routes 15, 18, 23, Pinwheel Forest (outside) white2",,
030,Rustling Grass,Throh,"Routes 10, 15, 18, Pinwheel Forest (outside) black","Routes 15, 18, 23, Pinwheel Forest (outside) black2",,
030,Rustling Grass,Scolipede,,Pinwheel Forest (inside),,
030,Rustling Grass,Lilligant,"Abundant Shrine, Lostlorn Forest, Pinwheel Forest (inside) white","Abundant Shrine, Castelia City, Lostlorn Forest, Pinwheel Forest (inside), Victory Road (grove) white2",,
030,Rustling Grass,Whimsicott,"Abundant Shrine, Lostlorn Forest, Pinwheel Forest (inside) black","Abundant Shrine, Castelia City, Lostlorn Forest, Pinwheel Forest (inside), Victory Road (grove) black2",,
030,Rustling Grass,Reuniclus,Route 9 white,Route 9 white2,,
030,Rustling Grass,Gothitelle,Route 9 black,Route 9 black2,,
030,Rustling Grass,Cincinno,"Routes 5, 9, 16, Cold Storage","Routes 5, 9, 16",,
030,Rustling Grass,Vanilluxe,,"Dragonspiral Tower, Giant Chasm (entrance)",,
030,Rustling Grass,Emolga,"Routes 5, 6, 7, 9, 10, 11, 12, 13, 14, 15, 16, Abundant Shrine, Dragonspiral Tower, Giant Chasm (entrance), Lostlorn Forest, Village Bridge","Routes 5, 6, 7, 9, 11, 12, 13, 14, 15, 16, 22, 23, Abundant Shrine, Dragonspiral Tower, Lostlorn Forest, Village Bridge",,
030,Rustling Grass,Klinklang,,P2 Laboratory,,
030,Dust Cloud,Pokémon,Black & White,Black2 & White2,,
030,Dust Cloud,Onix,,"Relic Passage, Twist Mountain, Victory Road, Clay Tunnel, Underground Ruins",,
030,Dust Cloud,Steelix,,"Twist Mountain, Clay Tunnel, Underground Ruins",,
030,Dust Cloud,Drilbur,"Chargestone Cave, Mistralton Cave, Wellspring Cave","Chargestone Cave, Mistralton Cave, Relic Passage",,
030,Dust Cloud,Excadrill,"Giant Chasm, Challenger’s Cave, Victory Road","Giant Chasm, Reversal Mountain, Wellspring Cave, Twist Mountain, Victory Road, Clay Tunnel, Underground Ruins, Seaside Cave",,
030,Flying Pokémon’s Shadow,Ducklett,,,,
030,Flying Pokémon’s Shadow,Swanna,,,,
030,Rippling Water,Pokémon,Fishing or Surfing,Black & White,Black2 & White2,
030,Rippling Water,Slowpoke,Surfing,Abundant Shrine,,
030,Rippling Water,Slowbro,Surfing,Abundant Shrine,,
030,Rippling Water,Poliwhirl,Fishing,,,
030,Rippling Water,Poliwrath,Fishing,,,
030,Rippling Water,Shellder,Fishing,,,
030,Rippling Water,Cloyster,Fishing,,,
030,Rippling Water,Grimer,Fishing & Surfing,–,,
030,Rippling Water,Muk,Fishing & Surfing,–,,
030,Rippling Water,Krabby,Fishing,–,,
030,Rippling Water,Kingler,Fishing,,,
030,Rippling Water,Seel,Surfing,,,
030,Rippling Water,Dewgong,Surfing,,,
030,Rippling Water,Staryu,Surfing,,,
030,Rippling Water,Starmie,Surfing,,,
030,Rippling Water,Horsea,Fishing,–,,
030,Rippling Water,Seadra,Fishing,,,
030,Rippling Water,Goldeen,Fishing,,,
030,Rippling Water,Seaking,Fishing,,,
030,Rippling Water,Lapras,Surfing,,,
030,Rippling Water,Magikarp,Fishing,–,,
030,Rippling Water,Gyarados,Fishing,–,,
030,Rippling Water,Dratini,Fishing,,,
030,Rippling Water,Dragonair,Fishing,,,
030,Rippling Water,Dragonite,Fishing,,,
030,Rippling Water,Chinchou,Fishing,,,
030,Rippling Water,Lanturn,Fishing,,,
030,Rippling Water,Marill,Surfing,–,,
030,Rippling Water,Azumarill,Surfing,–,,
030,Rippling Water,Slowking,Surfing,,–,
030,Rippling Water,Politoed,Fishing,,,
030,Rippling Water,Corsola,Surfing,,,
030,Rippling Water,Mantine,Surfing,,,
030,Rippling Water,Qwilfish,Fishing,,,
030,Rippling Water,Remoraid,Fishing,–,,
030,Rippling Water,Octillery,Fishing,,,
030,Rippling Water,Kingdra,Fishing,,,
030,Rippling Water,Wailmer,Surfing,,,
030,Rippling Water,Wailord,Surfing,,,
030,Rippling Water,Corphish,Surfing,–,,
030,Rippling Water,Crawdaunt,Surfing,–,,
030,Rippling Water,Sealeo,Surfing,,,
030,Rippling Water,Walrein,Surfing,,,
030,Rippling Water,Carvanha,Fishing,,,
030,Rippling Water,Sharpedo,Fishing,,,
030,Rippling Water,Barboach,Fishing,,,
030,Rippling Water,Whiscash,Fishing,,,
030,Rippling Water,Feebas,Fishing,,,
030,Rippling Water,Milotic,Fishing,,,
030,Rippling Water,Huntail,Fishing,,,
030,Rippling Water,Gorebyss,Fishing,,,
030,Rippling Water,Relicanth,Fishing,,,
030,Rippling Water,Luvdisc,Fishing,,,
030,Rippling Water,Buizel,Surfing,,,
030,Rippling Water,Floatzel,Surfing,,,
030,Rippling Water,Lumineon,Fishing,,,
030,Rippling Water,Basculin,Surfing & Fishing,,,
030,Rippling Water,Jellicent,Surfing,,,
030,Rippling Water,Alomomola,Surfing,,,
030,Rippling Water,Palpitoad,Surfing,–,,
030,Rippling Water,Siesmitoad,Surfing,,,
030,Rippling Water,Stunkfish,Surfing & Fishing,,,
031,,Pikachu,,,,
031,,Clefairy,,,,
031,,Jigglypuff,,,,
031,,Meowth,,,,
031,,Chansey,,,,
031,,Ditto platinum,,,,
031,,Eevee,,,,
031,,Porygon diamond pearl brilliantdiamond shiningpearl,,,,
031,,Pichu,,,,
031,,Cleffa,,,,
031,,Igglybuff,,,,
031,,Marill,,,,
031,,Azurill,,,,
031,,Roselia,,,,
031,,Plusle,,,,
031,,Minun,,,,
031,,Castform,,,,
031,,Staravia,,,,
031,,Kricketune,,,,
031,,Bonsly,,,,
031,,Mime Jr.,,,,
031,,Happiny,,,,
032,,Seedot,"Routes 203, 204 and 210 (South), Eterna Forest",Ruby,,
032,,Nuzleaf,Routes 210 (South) and 229,Ruby,,
032,,Mazile,Iron Island,Ruby,,
032,,Zangoose,Routes 208 and 210 (North),Ruby,,
032,,Solrock,"Lake Verity, Lake Acuity, Lake Valor, Mt. Coronet, Sendoff Spring, Turnback Cave",Ruby,,
032,,Lotad,"Routes 203, 204, 205 (North), and 212 (South)",Sapphire,,
032,,Lombre,Routes 212 (South) and 229,Sapphire,,
032,,Sableye,Iron Island,Sapphire,,
032,,Seviper,Routes 208 and 210 (North),Sapphire,,
032,,Lunatone,"Lake Verity, Lake Acuity, Lake Valor, Mt. Coronet, Sendoff Spring, Turnback Cave",Sapphire,,
032,,Caterpie,"Route 204 platinum (South) diamond pearl , Eterna Forest platinum",FireRed,,
032,,Metapod,Eterna Forest,FireRed,,
032,,Ekans,Route 212 (South),FireRed,,
032,,Arbok,Great Marsh,FireRed,,
032,,Growlithe,Routes 201 and 202,FireRed,,
032,,Elekid,"Route 205, Valley Windworks diamond pearl",FireRed,,
032,,Weedle,"Route 204 platinum (South) diamond pearl , Eterna Forest platinum",LeafGreen,,
032,,Kakuna,Eterna Forest,LeafGreen,,
032,,Sandshrew,Wayward Cave,LeafGreen,,
032,,Sandslash,Route 228,LeafGreen,,
032,,Vulpix,Routes 209 and 214,LeafGreen,,
032,,Magby,"Route 227, Stark Mountain diamond pearl",LeafGreen,,
032,,Teddiursa,"Route 211 diamond pearl (West) platinum , Acuity Lakefront diamond pearl , Lake Acuity platinum",Emerald,,
032,,Ursaring,"Routes 216 and 217, Acuity Lakefront platinum , Lake Acuity diamond pearl",Emerald,,
032,,Pineco,"Eterna Forest, Routes 203, 204, 210 (South) and 229",Emerald,,
032,,Gligar,"Stark Mountain, Routes 206, 207, 214, 215, and 227 diamond pearl",Emerald,,
032,,Shuckle,Route 224,Emerald,,
032,,Haunter,Old Chateau diamond pearl,"FireRed , LeafGreen , Ruby , Sapphire , Emerald",,
032,,Gengar,Old Chateau,"FireRed , LeafGreen , Ruby , Sapphire , Emerald",,
032,,Staravia,Lake Verity diamond pearl,"FireRed , LeafGreen , Emerald",,
032,,Bibarel,Lake Verity diamond pearl,"FireRed , LeafGreen , Emerald",,
033,,Vulpix,Silver,,,
033,,Meowth,Silver,,,
033,,Persian,Silver,,,
033,,Mankey,Gold,,,
033,,Primeape,Gold,,,
033,,Growlith,Gold,,,
033,,Ledyba,Silver,,,
033,,Ledian,Silver,,,
033,,Spinarak,Gold,,,
033,,Gligar,Gold,,,
033,,Teddiursa,Gold,,,
033,,Ursaring,Gold,,,
033,,Delibird,Silver,,,
033,,Mantine,Gold,,,
033,,Skarmory,Silver,,,
033,,Phanpy,Silver,,,
033,,Donphan,Silver,,,
033,,Lotad,Sapphire,,,
033,,Seedot,Ruby,,,
033,,Sableye,Sapphire,,,
033,,Mawile,Ruby,,,
033,,Zangoose,Ruby,,,
033,,Seviper,Sapphire,,,
033,,Lunatone,Sapphire,,,
033,,Solrock,Ruby,,,
033,,Latias,Sapphire,,,
033,,Latios,Ruby,,,
033,,Kyogre,Sapphire,,,
033,,Groudon,Ruby,,,
033,,Meowth,Emerald,,,
033,,Ditto,Emerald,,,
033,,Hoothoot,Emerald,,,
033,,Ledyba,Emerald,,,
033,,Spinarak,Emerald,,,
033,,Mareep,Emerald,,,
033,,Sudowoodo,Emerald,,,
033,,Aipom,Emerald,,,
033,,Sunkern,Emerald,,,
033,,Wooper,Emerald,,,
033,,Pineco,Emerald,,,
033,,Gligar,Emerald,,,
033,,Snubbull,Emerald,,,
033,,Shuckle,Emerald,,,
033,,Teddiursa,Emerald,,,
033,,Remoraid,Emerald,,,
033,,Houndour,Emerald,,,
033,,Stantler,Emerald,,,
033,,Smeargle,Emerald,,,
033,,Miltank,Emerald,,,
033,,Ekans,FireRed,,,
033,,Arbok,FireRed,,,
033,,Sandshrew,LeafGreen,,,
033,,Sandslash,LeafGreen,,,
033,,Vulpix,LeafGreen,,,
033,,Oddish,FireRed,,,
033,,Gloom,FireRed,,,
033,,Psyduck,FireRed,,,
033,,Growlithe,FireRed,,,
033,,Bellsprout,LeafGreen,,,
033,,Weepinbell,LeafGreen,,,
033,,Slowpoke,LeafGreen,,,
033,,Slowbro,LeafGreen,,,
033,,Shellder,FireRed,,,
033,,Staryu,LeafGreen,,,
033,,Scyther,FireRed,,,
033,,Electabuzz,FireRed,,,
033,,Magmar,LeafGreen,,,
033,,Pinsir,LeafGreen,,,
033,,Marill,LeafGreen,,,
033,,Wooper,FireRed,,,
033,,Murkrow,FireRed,,,
033,,Misdreavus,LeafGreen,,,
033,,Qwilfish,FireRed,,,
033,,Sneasel,LeafGreen,,,
033,,Remoraid,LeafGreen,,,
033,,Delibird,FireRed,,,
033,,Mantine,LeafGreen,,,
033,,Skarmory,FireRed,,,
033,,Slowpoke,Pearl,,,
033,,Seel,Diamond,,,
033,,Scyther,Diamond,,,
033,,Pinsir,Pearl,,,
033,,Murkrow,Diamond,,,
033,,Misdreavus,Pearl,,,
033,,Hondour,Pearl,,,
033,,Stantler,Diamond,,,
033,,Larvitar,Diamond,,,
033,,Poochyena,Diamond,,,
033,,Aron,Diamond,,,
033,,Kecleon,Diamond,,,
033,,Spheal,Pearl,,,
033,,Bagon,Pearl,,,
033,,Cranidos,Diamond,,,
033,,Shieldon,Pearl,,,
033,,Glameow,Pearl,,,
033,,Stunky,Diamond,,,
033,,Dialga,Diamond,,,
033,,Palkia,Pearl,,,
033,,Tangela,Platinum,,,
033,,Electabuzz,Platinum,,,
033,,Magmar,Platinum,,,
033,,Articuno,Platinum,,,
033,,Zapdos,Platinum,,,
033,,Moltres,Platinum,,,
033,,Tropius,Platinum,,,
033,,Vulpix,SoulSilver,,,
033,,Meowth,SoulSilver,,,
033,,Mankey,HeartGold,,,
033,,Growlithe,HeartGold,,,
033,,Omanyte,HeartGold,,,
033,,Kabuto,SoulSilver,,,
033,,Ledyba,SoulSilver,,,
033,,Spinarak,HeartGold,,,
033,,Gligar,HeartGold,,,
033,,Teddiursa,SoulSilver,,,
033,,Delibird,SoulSilver,,,
033,,Mantine,HeartGold,,,
033,,Skarmory,SoulSilver,,,
033,,Phanpy,HeartGold,,,
033,,Sableye,HeartGold,,,
033,,Mawile,SoulSilver,,,
033,,Gulpin,SoulSilver,,,
033,,Baltoy,HeartGold,,,
033,,Lileep,SoulSilver,,,
033,,Anorith,HeartGold,,,
033,,Latias,HeartGold,,,
033,,Latios,SoulSilver,,,
033,,Kyogre,HeartGold,,,
033,,Groudon,SoulSilver,,,
033,,Caterpie,White,,,
033,,Weedle,Black,,,
033,,Paras,White,,,
033,,Murkrow,Black,,,
033,,Misdreavus,White,,,
033,,Houndour,Black,,,
033,,Poochyena,White,,,
033,,Shroomish,Black,,,
033,,Plusle,Black,,,
033,,Minun,White,,,
033,,Gothita,Black,,,
033,,Solosis,White,,,
033,,Rufflet,White,,,
033,,Vullaby,Black,,,
033,,Tornadus,Black,,,
033,,Thundurus,White,,,
033,,Pidgey,White,,,
033,,Nidoran F,White,,,
033,,Nidoran M,White,,,
033,,Oddish,White,,,
033,,Abra,White,,,
033,,Machop,White,,,
033,,Bellsprout,White,,,
033,,Magnemite,White,,,
033,,Gastly,White,,,
033,,Rhyhorn,White,,,
033,,Chansey,White,,,
033,,Electabuzz,White,,,
033,,Magmar,White,,,
033,,Porygon,White,,,
033,,Togepi,White,,,
033,,Mareep,White,,,
033,,Marill,White,,,
033,,Hoppip,White,,,
033,,Wooper,White,,,
033,,Wurmple,White,,,
033,,Lotad,White,,,
033,,Seedot,White,,,
033,,Ralts,White,,,
033,,Surskit,White,,,
033,,Slakoth,White,,,
033,,Whismur,White,,,
033,,Aron,White,,,
033,,Roselia,White,,,
033,,Trapinch,White,,,
033,,Corphish,White,,,
033,,Bagon,White,,,
033,,Starly,White,,,
033,,Shinx,White,,,
033,,Caterpie,White2,,,
033,,Weedle,Black2,,,
033,,Mr.Mime,White2,,,
033,,Electabuzz,White2,,,
033,,Magmar,Black2,,,
033,,Ledyba,White2,,,
033,,Spinarak,Black2,,,
033,,Sudowoodo,Black2,,,
033,,Skitty,White2,,,
033,,Plusle,Black2,,,
033,,Minun,White2,,,
033,,Numel,White2,,,
033,,Spoink,Black2,,,
033,,Regice,White2,,,
033,,Registeel,Black2,,,
033,,Latias,White2,,,
033,,Latios,Black2,,,
033,,Buneary,Black2,,,
033,,Glameow,White2,,,
033,,Stunky,Black2,,,
033,,Gible,Black2,,,
033,,Gothita,Black2,,,
033,,Solosis,White2,,,
033,,Rufflet,White2,,,
033,,Vullaby,Black2,,,
033,,Shellder,Y,,,
033,,Staryu,X,,,
033,,Pinsir,X,,,
033,,Omanyte,Y,,,
033,,Kabuto,Y,,,
033,,Heracross,Y,,,
033,,Houndour,X,,,
033,,Larvitar,Y,,,
033,,Poochyena,X,,,
033,,Aron,X,,,
033,,Electrike,Y,,,
033,,Lileep,X,,,
033,,Anorith,X,,,
033,,Purrloin,Y,,,
033,,Throh,Y,,,
033,,Sawk,X,,,
033,,Spritzee,Y,,,
033,,Swirlix,X,,,
033,,Skrelp,Y,,,
033,,Clauncher,X,,,
033,,Omanyte,Alpha Sapphire,,,
033,,Kabuto,Omega Ruby,,,
033,,Lugia,Alpha Sapphire,,,
033,,Ho-oh,Omega Ruby,,,
033,,Lotad,Alpha Sapphire,,,
033,,Seedot,Omega Ruby,,,
033,,Sableye,Alpha Sapphire,,,
033,,Mawile,Omega Ruby,,,
033,,Zangoose,Omega Ruby,,,
033,,Seviper,Alpha Sapphire,,,
033,,Lunatone,Alpha Sapphire,,,
033,,Solrock,Omega Ruby,,,
033,,Latias,Alpha Sapphire,,,
033,,Latios,Omega Ruby,,,
033,,Kyogre,Alpha Sapphire,,,
033,,Groudon,Omega Ruby,,,
033,,Cranidos,Alpha Sapphire,,,
033,,Shieldon,Omega Ruby,,,
033,,Shellos West Sea,Omega Ruby,,,
033,,Shellos East Sea,Alpha Sapphire,,,
033,,Dialga,Alpha Sapphire,,,
033,,Palkia,Omega Ruby,,,
033,,Throh,Omega Ruby,,,
033,,Sawk,Alpha Sapphire,,,
033,,Tirtouga,Alpha Sapphire,,,
033,,Archen,Omega Ruby,,,
033,,Tornadus,Omega Ruby,,,
033,,Thundurus,Alpha Sapphire,,,
033,,Reshiram,Omega Ruby,,,
033,,Zekrom,Alpha Sapphire,,,
033,,Skrelp,Omega Ruby,,,
033,,Clauncher,Alpha Sapphire,,,
033,,Sandshrew Alolan Form,Moon,,,
033,,Vulpix Alolan Form,Sun,,,
033,,Cranidos,Sun,,,
033,,Shieldon,Moon,,,
033,,Cottonee,Sun,,,
033,,Petilil,Moon,,,
033,,Tirtouga,Sun,,,
033,,Rufflet,Moon,,,
033,,Archen,Sun,,,
033,,Vullaby,Moon,,,
033,,Oranguru,Moon,,,
033,,Passimian,Sun,,,
033,,Turtonator,Sun,,,
033,,Drampa,Moon,,,
033,,Sandshrew Alolan Form,UltraMoon,,,
033,,Vulpix Alolan Form,UltraSun,,,
033,,Houndour,UltraSun,,,
033,,Raikou,UltraSun,,,
033,,Entei,UltraMoon,,,
033,,Lugia,UltraMoon,,,
033,,Ho-oh,UltraSun,,,
033,,Electrike,UltraMoon,,,
033,,Baltoy,UltraMoon,,,
033,,Latias,UltraMoon,,,
033,,Latios,UltraSun,,,
033,,Groudon,UltraSun,,,
033,,Kyogre,UltraMoon,,,
033,,Dialga,UltraSun,,,
033,,Palkia,UltraMoon,,,
033,,Heatran,UltraSun,,,
033,,Regigigas,UltraMoon,,,
033,,Cottonee,UltraSun,,,
033,,Petilil,UltraMoon,,,
033,,Basculin Red-Stripped,UltraSun,,,
033,,Basculin Blue-Stripped,UltraMoon,,,
033,,Golett,UltraSun,,,
033,,Rufflet,UltraSun,,,
033,,Vullaby,UltraMoon,,,
033,,Tornadus,UltraSun,,,
033,,Thundurus,UltraMoon,,,
033,,Reshiram,UltraSun,,,
033,,Zekrom,UltraMoon,,,
033,,Skrelp,UltraMoon,,,
033,,Clauncher,UltraSun,,,
033,,Xerneas,UltraSun,,,
033,,Yveltal,UltraMoon,,,
033,,Oranguru,UltraMoon,,,
033,,Passimian,UltraSun,,,
033,,Turtonator,UltraSun,,,
033,,Drampa,UltraMoon,,,
033,,Ponyta,Shield,,,
033,,Farfetch’d,Sword,,,
033,,Corsola,Shield,,,
033,,Larvitar,Shield,,,
033,,Lotad,Shield,,,
033,,Seedot,Sword,,,
033,,Sableye,Shield,,,
033,,Mawile,Sword,,,
033,,Lunatone,Shield,,,
033,,Solrock,Sword,,,
033,,Croagunk,Shield,,,
033,,Basculin Red-Striped,Sword,,,
033,,Basculin Blue-Striped,Shield,,,
033,,Darumaka,Sword,,,
033,,Scraggy,Sword,,,
033,,Gothita,Sword,,,
033,,Solosis,Shield,,,
033,,Rufflet,Sword,,,
033,,Vullaby,Shield,,,
033,,Deino,Sword,,,
033,,Spritzee,Shield,,,
033,,Swirlix,Sword,,,
033,,Goomy,Shield,,,
033,,Oranguru,Shield,,,
033,,Passimian,Sword,,,
033,,Turtonator,Sword,,,
033,,Drampa,Shield,,,
033,,Jangmo-o,Sword,,,
033,,Stonjourner,Sword,,,
033,,Eiscue,Shield,,,
033,,Pinsir,Sword,,,
033,,Heracross,Shield,,,
033,,Skrelp,Shield,,,
033,,Clauncher,Sword,,,
033,,Omanyte,Sword,,,
033,,Kabuto,Shield,,,
033,,Lugia,Shield,,,
033,,Ho-oh,Sword,,,
033,,Bagon,Sword,,,
033,,Latias,Shield,,,
033,,Latios,Sword,,,
033,,Kyogre,Shield,,,
033,,Groudon,Sword,,,
033,,Gible,Shield,,,
033,,Dialga,Sword,,,
033,,Palkia,Shield,,,
033,,Tornadus,Sword,,,
033,,Thundurus,Shield,,,
033,,Reshiram,Sword,,,
033,,Zekrom,Shield,,,
033,,Xerneas,Sword,,,
033,,Yveltal,Shield,,,
033,,Solgaleo,Sword,,,
033,,Lunala,Shield,,,
033,,Tauros Blaze Breed,Scarlet,,,
033,,Tauros Aqua Breed,Violet,,,
033,,Misdreavus,Violet,,,
033,,Larvitar,Scarlet,,,
033,,Gulpin,Violet,,,
033,,Bagon,Violet,,,
033,,Drifloon,Scarlet,,,
033,,Stunky,Scarlet,,,
033,,Deino,Scarlet,,,
033,,Skrelp,Scarlet,,,
033,,Clauncher,Violet,,,
033,,Oranguru,Scarlet,,,
033,,Passimian,Violet,,,
033,,Stonjourner,Scarlet,,,
033,,Eiscue,Violet,,,
033,,Dreepy,Violet,,,
033,,Great Tusk,Scarlet,,,
033,,Screaming Tail,Scarlet,,,
033,,Brute Bonnet,Scarlet,,,
033,,Flutter Mane,Scarlet,,,
033,,Slither Wing,Scarlet,,,
033,,Sandy Shocks,Scarlet,,,
033,,Iron Treads,Violet,,,
033,,Iron Bundle,Violet,,,
033,,Iron Hands,Violet,,,
033,,Iron Jugulis,Violet,,,
033,,Iron Moth,Violet,,,
033,,Iron Thorns,Violet,,,
033,,Roaring Moon,Scarlet,,,
033,,Iron Valiant,Violet,,,
033,,Aipom,Violet,,,
033,,Gligar,Scarlet,,,
033,,Cramorant,Scarlet,,,
033,,Morpeko,Violet,,,
033,,Sandshrew,Violet,,,
033,,Vulpix,Scarlet,,,
033,,Cranidos,Scarlet,,,
033,,Shieldon,Violet,,,
033,,Ekans,Let's Go Eevee,,,
033,,Arbok,Let's Go Eevee,,,
033,,Sandshrew,Let's Go Pikachu,,,
033,,Sandshrew Alolan Form,Let's Go Pikachu,,,
033,,Sandslash,Let's Go Pikachu,,,
033,,Sandslash Alolan Form,Let's Go Pikachu,,,
033,,Vulpix,Let's Go Eevee,,,
033,,Vulpix Alolan Form,Let's Go Eevee,,,
033,,Ninetales,Let's Go Eevee,,,
033,,Ninetales Alolan Form,Let's Go Eevee,,,
033,,Oddish,Let's Go Pikachu,,,
033,,Gloom,Let's Go Pikachu,,,
033,,Vilpeplume,Let's Go Pikachu,,,
033,,Meowth,Let's Go Eevee,,,
033,,Meowth Alolan Form,Let's Go Eevee,,,
033,,Persian Alolan Form,Let's Go Eevee,,,
033,,Mankey,Let's Go Pikachu,,,
033,,Primeape,Let's Go Pikachu,,,
033,,Growlithe,Let's Go Pikachu,,,
033,,Bellsprout,Let's Go Eevee,,,
033,,Weepinbell,Let's Go Eevee,,,
033,,Victreebel,Let's Go Eevee,,,
033,,Grimer,Let's Go Pikachu,,,
033,,Grimer Alolan Form,Let's Go Pikachu,,,
033,,Muk,Let's Go Pikachu,,,
033,,Muk Alolan Form,Let's Go Pikachu,,,
033,,Koffing,Let's Go Eevee,,,
033,,Weezing,Let's Go Eevee,,,
033,,Scyther,Let's Go Pikachu,,,
033,,Pinsir,Let's Go Eevee,,,
033,,Caterpie,Brilliant Diamond,,,
033,,Metapod,Brilliant Diamond,,,
033,,Butterfree,Brilliant Diamond,,,
033,,Weedle,Shining Pearl,,,
033,,Kakuna,Shining Pearl,,,
033,,Beedrill,Shining Pearl,,,
033,,Ekans,Brilliant Diamond,,,
033,,Arbok,Brilliant Diamond,,,
033,,Sandshrew,Shining Pearl,,,
033,,Sandslash,Shining Pearl,,,
033,,Vulpix,Shining Pearl,,,
033,,Ninetales,Shining Pearl,,,
033,,Growlithe,Brilliant Diamond,,,
033,,Arcanine,Brilliant Diamond,,,
033,,Slowpoke,Shining Pearl,,,
033,,Slowbro,Shining Pearl,,,
033,,Seel,Brilliant Diamond,,,
033,,Dewgong,Brilliant Diamond,,,
033,,Scyther,Brilliant Diamond,,,
033,,Electabuzz,Brilliant Diamond,,,
033,,Magmar,Shining Pearl,,,
033,,Pinsir,Shining Pearl,,,
033,,Articuno,Shining Pearl,,,
033,,Zapdos,Shining Pearl,,,
033,,Moltres,Shining Pearl,,,
033,,Murkrow,Brilliant Diamond,,,
033,,Misdreavus,Shining Pearl,,,
033,,Gligar,Brilliant Diamond,,,
033,,Teddiursa,Shining Pearl,,,
033,,Ursaring,Shining Pearl,,,
033,,Stantler,Shining Pearl,,,
033,,Elekid,Brilliant Diamond,,,
033,,Magby,Shining Pearl,,,
033,,Raikou,Brilliant Diamond,,,
033,,Entei,Brilliant Diamond,,,
033,,Suicune,Brilliant Diamond,,,
033,,Larvitar,Brilliant Diamond,,,
033,,Pupitar,Brilliant Diamond,,,
033,,Tyranitar,Brilliant Diamond,,,
033,,Lugia,Shining Pearl,,,
033,,Ho-Oh,Brilliant Diamond,,,
033,,Lotad,Shining Pearl,,,
033,,Lombre,Shining Pearl,,,
033,,Ludicolo,Shining Pearl,,,
033,,Seedot,Brilliant Diamond,,,
033,,Nuzleaf,Brilliant Diamond,,,
033,,Shiftry,Brilliant Diamond,,,
033,,Sableye,Shining Pearl,,,
033,,Mawile,Brilliant Diamond,,,
033,,Zangoose,Brilliant Diamond,,,
033,,Seviper,Shining Pearl,,,
033,,Lunatone,Shining Pearl,,,
033,,Solrock,Brilliant Diamond,,,
033,,Kecleon,Brilliant Diamond,,,
033,,Bagon,Shining Pearl,,,
033,,Shelgon,Shining Pearl,,,
033,,Salamence,Shining Pearl,,,
033,,Cranidos,Brilliant Diamond,,,
033,,Rampardos,Brilliant Diamond,,,
033,,Shieldon,Shining Pearl,,,
033,,Bastiodon,Shining Pearl,,,
033,,Mismagius,Shining Pearl,,,
033,,Honchkrow,Brilliant Diamond,,,
033,,Glameow,Shining Pearl,,,
033,,Purugly,Shining Pearl,,,
033,,Stunky,Brilliant Diamond,,,
033,,Skuntank,Brilliant Diamond,,,
033,,Gliscor,Brilliant Diamond,,,
033,,Dialga,Brilliant Diamond,,,
033,,Palkia,Shining Pearl,,,
034,,Nidoran F,Route 201,,,
034,,Nidorina,"Valor Lakefront, Route 221",,,
034,,Nidoran M,Route 201,,,
034,,Nidorino,"Valor Lakefront, Route 221",,,
034,,Venonat,Route 229,,,
034,,Venomoth,Route 229,,,
034,,Mankey,Routes 225 and 226,,,
034,,Primeape,Routes 225 and 226,,,
034,,Slowpoke,Route 205 (North) pearl platinum shiningpearl,,,
034,,Grimer,Route 212 (South),,,
034,,Tauros,Routes 209 diamond pearl brilliantdiamond shiningpearl and 210 (South),,,
034,,Ditto,Route 218 diamond pearl brilliantdiamond shiningpearl,,,
034,,Sentret,Route 202,,,
034,,Togepi,Route 230,,,
034,,Mareep,Valley Windworks,,,
034,,Flaaffy,Route 222,,,
034,,Hoppip,"Route 205 (North diamond brilliantdiamond and South), Fuego Ironworks pearl shiningpearl",,,
034,,Skiploom,"Route 205 (North) diamond brilliantdiamond, Fuego Ironworks pearl shiningpearl",,,
034,,Sunkern,Route 204 (North),,,
034,,Wobbuffet,"Lake Verity, Lake Valor, Lake Acuity diamond pearl brilliantdiamond shiningpearl",,,
034,,Houndoom,Routes 214 and 215 pearl shiningpearl,,,
034,,Stantler,Route 207 pearl platinum shiningpearl,,,
034,,Smeargle,Routes 208 platinum and 212 (North),,,
034,,Tyrogue,Routes 208 diamond pearl brilliantdiamond shiningpearl and 211 (West),,,
034,,Miltank,Routes 209 diamond pearl brilliantdiamond shiningpearl and 210 (South),,,
034,,Larvitar,Route 207 diamond brilliantdiamond,,,
034,,Poochyena,Route 214 platinum,,,
034,,Mightyena,Routes 214 and 215 diamond brilliantdiamond,,,
034,,Swellow,Route 213,,,
034,,Ralts,Routes 203 and 204 diamond pearl brilliantdiamond shiningpearl,,,
034,,Kirlia,"Routes 203 and 204 diamond pearl brilliantdiamond shiningpearl, Route 209 platinum",,,
034,,Nincada,Eterna Forest,,,
034,,Loudred,Mt. Coronet,,,
034,,Aron,Fuego Ironworks diamond platinum brilliantdiamond,,,
034,,Torkoal,"Route 227, Stark Mountain",,,
034,,Trapinch,Route 228 diamond pearl brilliantdiamond shiningpearl,,,
034,,Vibrava,Route 228 diamond pearl brilliantdiamond shiningpearl,,,
034,,Swablu,Route 211 (East) diamond pearl brilliantdiamond shiningpearl,,,
034,,Baltoy,Route 206,,,
034,,Kecleon,Route 210 (North) diamond brilliantdiamond,,,
034,,Duskull,Route 224 diamond pearl brilliantdiamond shiningpearl,,,
034,,Dusclops,Route 224 diamond pearl brilliantdiamond shiningpearl,,,
034,,Snorunt,"Routes 216 and 217, Acuity Lakefront diamond pearl brilliantdiamond shiningpearl",,,
034,,Bagon,Route 210 (North) pearl platinum shiningpearl,,,
035,,Ho-oh,Gold,,,
035,,Lugia,Silver,,,
035,,Suicune,Crystal,,,
035,,Groudon,Ruby,,,
035,,Kyogre,Sapphire,,,
035,,Rayquaza,Emerald,,,
035,,Dialga,Diamond,,,
035,,Palkia,Pearl,,,
035,,Giratina,Platinum,,,
035,,Ho-oh,HeartGold,,,
035,,Lugia,SoulSilver,,,
035,,Dialga,Brilliant Diamond,,,
035,,Palkia,Shining Pearl,,,
036,"Gold , Silver , Crystal ","Caterpie gold,crystal-1",Forest Group,,,
036,"Gold , Silver , Crystal ","Metapod gold,crystal-1",Forest Group,,,
036,"Gold , Silver , Crystal ","Butterfree gold,crystal-1",Forest Group,,,
036,"Gold , Silver , Crystal ","Weedle silver-1,crystal-1",Forest Group,,,
036,"Gold , Silver , Crystal ","Kakuna silver-1,crystal-1",Forest Group,,,
036,"Gold , Silver , Crystal ","Beedrill silver-1,crystal-1",Forest Group,,,
036,"Gold , Silver , Crystal ",Exeggcute,"Forest Group gold,silver-1 / Route Group, Border Group, Lake Group crystal-1",,,
036,"Gold , Silver , Crystal ",Pineco,"Forest Group gold,silver-1 / Route Group, Border Group, Lake Group crystal-1",,,
036,"Gold , Silver , Crystal ",Hoothoot crystal-1,"Forest Group, Route Group, Border Group, Lake Group",,,
036,"Gold , Silver , Crystal ",Noarfang crystal-1,Forest Group,,,
036,"Gold , Silver , Crystal ",Spearow,Mountain Group / Town Group crystal-1,,,
036,"Gold , Silver , Crystal ",Aipom,Mountain Group / Town Group crystal-1,,,
036,"Gold , Silver , Crystal ",Heracross,Mountain Group / Town Group crystal-1,,,
036,"Gold , Silver , Crystal ","Venonat gold,silver-1",City Group,,,
036,"Gold , Silver , Crystal ","Venomoth gold,silver-1",City Group,,,
036,"Gold , Silver , Crystal ","Abra gold,silver-1",City Group,,,
036,"Gold , Silver , Crystal ","Magnemite gold,silver-1",City Group,,,
036,"Gold , Silver , Crystal ",Ekans crystal-1,Town Group / Border Group,,,
036,"Gold , Silver , Crystal ",Ledyba crystal-1,Route Group,,,
036,"Gold , Silver , Crystal ",Spinarak crystal-1,Route Group,,,
036,"Gold , Silver , Crystal ",Venonat crystal-1,Lake Group,,,
036,GSC Group,Forest Group,"Azalea Town, Ilex Forest, Lake of Rage, Route 26, 27, 34, 35, 36, 37, 38, 39 gold silver
Ilex Forest crystal",,,
036,GSC Group,Mountain Group,"Route 29, 30, 31, 32, 33, 42, 43 and 44 gold silver
Route 44 crystal",,,
036,GSC Group,City Group,"New Bark Town, Violet City, Ecruteak City, Mahogany Town, Blackthorn City",,,
036,GSC Group,Town Group,"Azalea Town, Route 33, 42",,,
036,GSC Group,Route Group,"Route 29, 30, 31, 34, 35, 36, 37, 38, 39",,,
036,GSC Group,Border Group,"Route 26, 27, 32",,,
036,GSC Group,Lake Group,"Lake of Rage, Route 43",,,
036,"HeartGold , SoulSilver ",Exeggcute,"Johto Group, Cherrygrove City, Violet City, Route 32, Route 38, Lake of Rage Group, Route 47, National Park",,,
036,"HeartGold , SoulSilver ",Hoothoot,"Johto Group, Cherrygrove City, Violet City, Route 32, Viridian City Group, Pewter City, Cerulean City Group, Coastal Kanto Group, Mt. Moon Group, Route 25, Route 38, Lake of Rage Group, Route 47, Ilex Forest, National Park",,,
036,"HeartGold , SoulSilver ",Pineco,"Johto Group, Cherrygrove City, Violet City, Route 32, Viridian City Group, Pewter City, Cerulean City Group, Mt. Moon Group, Route 25, Route 38, Lake of Rage Group, Route 47, Ilex Forest, National Park",,,
036,"HeartGold , SoulSilver ",Ledyba soulsilver-1,"Johto Group, Cherrygrove City, Viridian City Group, Coastal Kanto Group, Route 38, Route 47, National Park",,,
036,"HeartGold , SoulSilver ",Spinarak heartgold,"Johto Group, Cherrygrove City, Viridian City Group, Coastal Kanto Group, Route 38, Route 47, National Park",,,
036,"HeartGold , SoulSilver ",Taillow,Cherrygrove City,,,
036,"HeartGold , SoulSilver ",Spearow,"Johto Mountain Group, Vermillion and Celadon City Group, Route 45",,,
036,"HeartGold , SoulSilver ",Aipom,"Johto Mountain Group, Mt. Silver Group, Route 45",,,
036,"HeartGold , SoulSilver ",Heracross,"Johto Mountain Group, Vermillion and Celadon City Group, Mt. Silver Group, Route 45, Route 47",,,
036,"HeartGold , SoulSilver ",Wurmple,"Viridian City Group, Pewter City, Coastal Kanto Group, Mt. Moon Group",,,
036,"HeartGold , SoulSilver ",Starly,Pewter City,,,
036,"HeartGold , SoulSilver ",Combee,"Cerulean City Group, Vermillion and Celadon City Group, Route 25",,,
036,"HeartGold , SoulSilver ",Tangela,Coastal Kanto Group,,,
036,"HeartGold , SoulSilver ",Slakoth,Route 25,,,
036,"HeartGold , SoulSilver ",Natu,Mt. Silver Group,,,
036,"HeartGold , SoulSilver ",Burmy,Route 38,,,
036,"HeartGold , SoulSilver ",Venonat,Lake of Rage Group,,,
036,"HeartGold , SoulSilver ",Metapod heartgold,"Route 47, Ilex Forest",,,
036,"HeartGold , SoulSilver ",Butterfree heartgold,"Route 47, Ilex Forest",,,
036,"HeartGold , SoulSilver ",Kakuna soulsilver-1,"Route 47, Ilex Forest",,,
036,"HeartGold , SoulSilver ",Beedrill soulsilver-1,"Route 47, Ilex Forest",,,
036,"HeartGold , SoulSilver ",Noarfang,Ilex Forest,,,
036,"HeartGold , SoulSilver ",Caterpie heartgold,Ilex Forest,,,
036,"HeartGold , SoulSilver ",Weedle soulsilver-1,Ilex Forest,,,
036,"HeartGold , SoulSilver ",Cherubi,National Park,,,
036,HGSS Group,Johto Group,"New Bark Town, Ecruteak City, Safari Zone Gate, Routes 26, 27, 29, 30, 31, 34, 35, 36, 37, 39, 48",,,
036,HGSS Group,Johto Mountain Group,"Azalea Town, Routes 33, 42, 44, 46",,,
036,HGSS Group,Viridian City Group,"Pallet Town, Viridian City, Routes 1, 2, 22",,,
036,HGSS Group,Cerulean City Group,"Cerulean City, Routes 5, 6, 8",,,
036,HGSS Group,Vermillion and Celadon City Group,"Vermilion City, Celadon City, Routes 7, 11, 16",,,
036,HGSS Group,Coastal Kanto Group,"Fuchsia City, Routes 12, 13, 14, 15, 18, 21",,,
036,HGSS Group,Mt. Moon Group,"Route 3, 4",,,
036,HGSS Group,Mt. Silver Group,"Route 28, Mt. Silver, Mt. Silver Cave",,,
036,HGSS Group,Lake of Rage Group,"Route 43, Lake of Rage",,,
037,"Gold , Silver , Crystal ",Krabby,"Dark Cave, Route 40, Cianwood City",,,
037,"Gold , Silver , Crystal ",Shuckle,"Dark Cave, Route 40, Cianwood City",,,
037,"Ruby , Sapphire , Emerald ",Geodude,"Granit Cave, Route 111, Route 114, Safari Zone Area 4, Victory Road",,,
037,"Ruby , Sapphire , Emerald ",Graveler,Victory Road,,,
037,"Ruby , Sapphire , Emerald ",Shuckle,Safari Zone Area 6 emerald,,,
037,"Ruby , Sapphire , Emerald ",Nosepass,Granite Cave,,,
037,"FireRed , LeafGreen ",Geodude,"Kindle Road, Mt. Ember, Rock Tunnel, Seavault Canyon, Cerulean Cave",,,
037,"FireRed , LeafGreen ",Graveler,"Kindle Road, Mt. Ember, Rock Tunnel, Seavault Canyon, Cerulean Cave",,,
037,"FireRed , LeafGreen ",Slugma,Mt. Ember B3F,,,
037,"FireRed , LeafGreen ",Magcargo,Mt. Ember B3F,,,
037,"HeartGold , SoulSilver ",Geodude,"Dark Cave, Victory Road, Cerulean Cave B1F 1F, Ruins of Alph",,,
037,"HeartGold , SoulSilver ",Graveler,"Victory Road, Cerulean Cave B1F 1F",,,
037,"HeartGold , SoulSilver ",Diglett,Vermilion City,,,
037,"HeartGold , SoulSilver ",Krabby,"Cianwood City, Route 19, Cliff Cave",,,
037,"HeartGold , SoulSilver ",Kingler,"Route 19, Cliff Cave",,,
037,"HeartGold , SoulSilver ",Dunsparce,Dark Cave,,,
037,"HeartGold , SoulSilver ",Shuckle,"Cianwood City, Vermilion City",,,
037,"X , Y ",Graveler,"Route 13, Route 18, Terminus Cave, Victory Road",,,
037,"X , Y ",Onix,"Cyllage City x, Glittering Cave",,,
037,"X , Y ",Slugma,Route 13,,,
037,"X , Y ",Shuckle,"Route 18, Terminus Cave, Victory Road",,,
037,"X , Y ",Dwebble,"Ambrette Town, Route 8, Route 12, Azure Bay, Cyllage City, Glittering Cave",,,
037,"X , Y ",Binacle,"Ambrette Town, Route 8, Route 12, Azure Bay
Cyllage City y",,,
037,"Omega Ruby , Alpha Sapphire ",Geodude,"Rusturf Tunnel, Route 111, Route 114, Granite Cave",,,
037,"Omega Ruby , Alpha Sapphire ",Graveler,"Lilycove City, Shoal Cave, Seafloor Cavern, Mirage Caves, Mirage Forests, Mirage Islands, Mirage Mountains",,,
037,"Omega Ruby , Alpha Sapphire ",Nosepass,Granite Cave,,,
037,"Omega Ruby , Alpha Sapphire ",Boldore,Mirage Caves,,,
037,"Omega Ruby , Alpha Sapphire ",Binacle,Mirage Islands,,,
037,"Omega Ruby , Alpha Sapphire ",Crustle,Mirage Mountains,,,
039,Kanto Champions,Brock,Geodude,,,
039,Kanto Champions,Brock,Graveler,,,
039,Kanto Champions,Brock,Golem,,,
039,Kanto Champions,Brock,Onix,,,
039,Kanto Champions,Brock,Rhyhorn,,,
039,Kanto Champions,Brock,Omastar,,,
039,Kanto Champions,Brock,Kabutops,,,
039,Kanto Champions,Brock,Aerodactyl,,,
039,Kanto Champions,Brock,Tyranitar,,,
039,Kanto Champions,Brock,Relicanth,,,
039,Kanto Champions,Brock,Rampardos,,,
039,Kanto Champions,Brock,Rhyperior,,,
039,Kanto Champions,Misty,Blastoise,,,
039,Kanto Champions,Misty,Golduck,,,
039,Kanto Champions,Misty,Slowbro,,,
039,Kanto Champions,Misty,Seaking,,,
039,Kanto Champions,Misty,Staryu,,,
039,Kanto Champions,Misty,Starmie,,,
039,Kanto Champions,Misty,Lapras,,,
039,Kanto Champions,Misty,Quagsire,,,
039,Kanto Champions,Misty,Lanturn,,,
039,Kanto Champions,Misty,Milotic,,,
039,Kanto Champions,Misty,Floatzel,,,
039,Kanto Champions,Misty,Carracosta,,,
039,Kanto Champions,Misty,Swanna,,,
039,Kanto Champions,Misty,Jellicent,,,
039,Kanto Champions,Lt. Surge,Pikachu,,,
039,Kanto Champions,Lt. Surge,Raichu,,,
039,Kanto Champions,Lt. Surge,Magneton,,,
039,Kanto Champions,Lt. Surge,Voltorb,,,
039,Kanto Champions,Lt. Surge,Electrode,,,
039,Kanto Champions,Lt. Surge,Electabuzz,,,
039,Kanto Champions,Lt. Surge,Jolteon,,,
039,Kanto Champions,Lt. Surge,Ampharos,,,
039,Kanto Champions,Lt. Surge,Lanturn,,,
039,Kanto Champions,Lt. Surge,Manectric,,,
039,Kanto Champions,Lt. Surge,Pachirisu,,,
039,Kanto Champions,Lt. Surge,Magnezone,,,
039,Kanto Champions,Lt. Surge,Electivire,,,
039,Kanto Champions,Erika,Venusaur,,,
039,Kanto Champions,Erika,Gloom,,,
039,Kanto Champions,Erika,Vileplume,,,
039,Kanto Champions,Erika,Weepinbell,,,
039,Kanto Champions,Erika,Victreebell,,,
039,Kanto Champions,Erika,Exeggcutor,,,
039,Kanto Champions,Erika,Tangela,,,
039,Kanto Champions,Erika,Jumpluff,,,
039,Kanto Champions,Erika,Bellossom,,,
039,Kanto Champions,Erika,Shiftry,,,
039,Kanto Champions,Erika,Cradily,,,
039,Kanto Champions,Erika,Roserade,,,
039,Kanto Champions,Erika,Abomasnow,,,
039,Kanto Champions,Erika,Tangrowth,,,
039,Kanto Champions,Erika,Whimsicott,,,
039,Kanto Champions,Erika,Lilligant,,,
039,Kanto Champions,Koga,Venonat,,,
039,Kanto Champions,Koga,Venomoth,,,
039,Kanto Champions,Koga,Muk,,,
039,Kanto Champions,Koga,Koffing,,,
039,Kanto Champions,Koga,Weezing,,,
039,Kanto Champions,Koga,Ariados,,,
039,Kanto Champions,Koga,Crobat,,,
039,Kanto Champions,Koga,Forretress,,,
039,Kanto Champions,Koga,Swalot,,,
039,Kanto Champions,Koga,Skuntank,,,
039,Kanto Champions,Koga,Toxicroak,,,
039,Kanto Champions,Janine,Arbok,,,
039,Kanto Champions,Janine,Nidoqueen,,,
039,Kanto Champions,Janine,Tentacruel,,,
039,Kanto Champions,Janine,Venomoth,,,
039,Kanto Champions,Janine,Weezing,,,
039,Kanto Champions,Janine,Ariados,,,
039,Kanto Champions,Janine,Crobat,,,
039,Kanto Champions,Janine,Drapion,,,
039,Kanto Champions,Janine,Toxicroak,,,
039,Kanto Champions,Janine,Roserade,,,
039,Kanto Champions,Sabrina,Abra,,,
039,Kanto Champions,Sabrina,Kadabra,,,
039,Kanto Champions,Sabrina,Alakazam,,,
039,Kanto Champions,Sabrina,Venomoth,,,
039,Kanto Champions,Sabrina,Hypno,,,
039,Kanto Champions,Sabrina,Exeggcutor,,,
039,Kanto Champions,Sabrina,Mr. Mime,,,
039,Kanto Champions,Sabrina,Jynx,,,
039,Kanto Champions,Sabrina,Mewtwo,,,
039,Kanto Champions,Sabrina,Espeon,,,
039,Kanto Champions,Sabrina,Slowking,,,
039,Kanto Champions,Sabrina,Wobbuffet,,,
039,Kanto Champions,Sabrina,Metagross,,,
039,Kanto Champions,Sabrina,Gallade,,,
039,Kanto Champions,Sabrina,Sigilyph,,,
039,Kanto Champions,Sabrina,Woobat,,,
039,Kanto Champions,Sabrina,Swoobat,,,
039,Kanto Champions,Blaine,Charizard,,,
039,Kanto Champions,Blaine,Ninetales,,,
039,Kanto Champions,Blaine,Growlithe,,,
039,Kanto Champions,Blaine,Arcanine,,,
039,Kanto Champions,Blaine,Ponyta,,,
039,Kanto Champions,Blaine,Rapidash,,,
039,Kanto Champions,Blaine,Magmar,,,
039,Kanto Champions,Blaine,Flareon,,,
039,Kanto Champions,Blaine,Houndoom,,,
039,Kanto Champions,Blaine,Magcargo,,,
039,Kanto Champions,Blaine,Camerupt,,,
039,Kanto Champions,Blaine,Torkoal,,,
039,Kanto Champions,Blaine,Magmotar,,,
039,Kanto Champions,Blaine,Rotom,,,
039,Kanto Champions,Giovanni,Sandslash,,,
039,Kanto Champions,Giovanni,Nidoqueen,,,
039,Kanto Champions,Giovanni,Nidorino,,,
039,Kanto Champions,Giovanni,Nidoking,,,
039,Kanto Champions,Giovanni,Persian,,,
039,Kanto Champions,Giovanni,Dugtrio,,,
039,Kanto Champions,Giovanni,Golem,,,
039,Kanto Champions,Giovanni,Onix,,,
039,Kanto Champions,Giovanni,Marowak,,,
039,Kanto Champions,Giovanni,Rhyhorn,,,
039,Kanto Champions,Giovanni,Rhydon,,,
039,Kanto Champions,Giovanni,Kangaskhan,,,
039,Kanto Champions,Giovanni,Honchrow,,,
039,Kanto Champions,Giovanni,Rhyperior,,,
039,Kanto Champions,Giovanni,Garchomp,,,
039,Kanto Champions,Giovanni,Hippowdon,,,
039,Kanto Champions,Giovanni,Gliscor,,,
039,Kanto Champions,Giovanni,Krookodile,,,
039,Kanto Champions,Blue,Venusaur,,,
039,Kanto Champions,Blue,Charizard,,,
039,Kanto Champions,Blue,Blastoise,,,
039,Kanto Champions,Blue,Pidgeot,,,
039,Kanto Champions,Blue,Sandslash,,,
039,Kanto Champions,Blue,Arcanine,,,
039,Kanto Champions,Blue,Alakazam,,,
039,Kanto Champions,Blue,Machamp,,,
039,Kanto Champions,Blue,Magneton,,,
039,Kanto Champions,Blue,Cloyster,,,
039,Kanto Champions,Blue,Exeggcutor,,,
039,Kanto Champions,Blue,Rhydon,,,
039,Kanto Champions,Blue,Gyarados,,,
039,Kanto Champions,Blue,Vaporeon,,,
039,Kanto Champions,Blue,Jolteon,,,
039,Kanto Champions,Blue,Flareon,,,
039,Kanto Champions,Blue,Aerodactyl,,,
039,Kanto Champions,Blue,Heracross,,,
039,Kanto Champions,Blue,Tyranitar,,,
039,Kanto Champions,Blue,Rhyperior,,,
039,Johto Champions,Falkner,Pidgey,,,
039,Johto Champions,Falkner,Pidgeotto,,,
039,Johto Champions,Falkner,Pidgeot,,,
039,Johto Champions,Falkner,Fearow,,,
039,Johto Champions,Falkner,Dodrio,,,
039,Johto Champions,Falkner,Aerodactyl,,,
039,Johto Champions,Falkner,Noctowl,,,
039,Johto Champions,Falkner,Crobat,,,
039,Johto Champions,Falkner,Xatu,,,
039,Johto Champions,Falkner,Lugia,,,
039,Johto Champions,Falkner,Swellow,,,
039,Johto Champions,Falkner,Pelipper,,,
039,Johto Champions,Falkner,Staraptor,,,
039,Johto Champions,Falkner,Honchrow,,,
039,Johto Champions,Bugsy,Metapod,,,
039,Johto Champions,Bugsy,Kakuna,,,
039,Johto Champions,Bugsy,Scyther,,,
039,Johto Champions,Bugsy,Pinsir,,,
039,Johto Champions,Bugsy,Forretress,,,
039,Johto Champions,Bugsy,Shuckle,,,
039,Johto Champions,Bugsy,Scizor,,,
039,Johto Champions,Bugsy,Heracross,,,
039,Johto Champions,Bugsy,Shedinja,,,
039,Johto Champions,Bugsy,Armaldo,,,
039,Johto Champions,Bugsy,Yanmega,,,
039,Johto Champions,Bugsy,Vespiquen,,,
039,Johto Champions,Whitney,Clefairy,,,
039,Johto Champions,Whitney,Clefable,,,
039,Johto Champions,Whitney,Wigglytuff,,,
039,Johto Champions,Whitney,Tauros,,,
039,Johto Champions,Whitney,Miltank,,,
039,Johto Champions,Whitney,Girafarig,,,
039,Johto Champions,Whitney,Ursaring,,,
039,Johto Champions,Whitney,Blissey,,,
039,Johto Champions,Whitney,Delcatty,,,
039,Johto Champions,Whitney,Bibarel,,,
039,Johto Champions,Whitney,Lopunny,,,
039,Johto Champions,Whitney,Ambipom,,,
039,Johto Champions,Whitney,Lickilicky,,,
039,Johto Champions,Whitney,Watchog,,,
039,Johto Champions,Whitney,Cinccino,,,
039,Johto Champions,Morty,Gastly,,,
039,Johto Champions,Morty,Haunter,,,
039,Johto Champions,Morty,Gengar,,,
039,Johto Champions,Morty,Sableye,,,
039,Johto Champions,Morty,Banette,,,
039,Johto Champions,Morty,Drifblim,,,
039,Johto Champions,Morty,Dusknoir,,,
039,Johto Champions,Morty,Mismagius,,,
039,Johto Champions,Morty,Froslass,,,
039,Johto Champions,Morty,Chandelure,,,
039,Johto Champions,Morty,Cofagrigus,,,
039,Johto Champions,Morty,Jellicent,,,
039,Johto Champions,Chuck,Primeape,,,
039,Johto Champions,Chuck,Poliwrath,,,
039,Johto Champions,Chuck,Machamp,,,
039,Johto Champions,Chuck,Hitmonlee,,,
039,Johto Champions,Chuck,Hitmonchan,,,
039,Johto Champions,Chuck,Hitmontop,,,
039,Johto Champions,Chuck,Breloom,,,
039,Johto Champions,Chuck,Medicham,,,
039,Johto Champions,Chuck,Conkeldurr,,,
039,Johto Champions,Jasmine,Magnemite,,,
039,Johto Champions,Jasmine,Forretress,,,
039,Johto Champions,Jasmine,Steelix,,,
039,Johto Champions,Jasmine,Skarmory,,,
039,Johto Champions,Jasmine,Mawile,,,
039,Johto Champions,Jasmine,Metagross,,,
039,Johto Champions,Jasmine,Empoleon,,,
039,Johto Champions,Jasmine,Bronzong,,,
039,Johto Champions,Jasmine,Magnezone,,,
039,Johto Champions,Jasmine,Lucario,,,
039,Johto Champions,Jasmine,Ferrothorn,,,
039,Johto Champions,Jasmine,Klinklang,,,
039,Johto Champions,Jasmine,Excadrill,,,
039,Johto Champions,Pryce,Cloyster,,,
039,Johto Champions,Pryce,Seel,,,
039,Johto Champions,Pryce,Dewgong,,,
039,Johto Champions,Pryce,Jynx,,,
039,Johto Champions,Pryce,Lapras,,,
039,Johto Champions,Pryce,Piloswine,,,
039,Johto Champions,Pryce,Glalie,,,
039,Johto Champions,Pryce,Walrein,,,
039,Johto Champions,Pryce,Abomasnow,,,
039,Johto Champions,Pryce,Froslass,,,
039,Johto Champions,Pryce,Mamoswine,,,
039,Johto Champions,Pryce,Weavile,,,
039,Johto Champions,Clair,Charizard,,,
039,Johto Champions,Clair,Gyarados,,,
039,Johto Champions,Clair,Aerodactyl,,,
039,Johto Champions,Clair,Dragonair,,,
039,Johto Champions,Clair,Dragonite,,,
039,Johto Champions,Clair,Kingdra,,,
039,Johto Champions,Clair,Altaria,,,
039,Johto Champions,Clair,Salamence,,,
039,Johto Champions,Clair,Garchomp,,,
039,Johto Champions,Clair,Druddigon,,,
039,Hoenn Champions,Roxanne,Geodude,,,
039,Hoenn Champions,Roxanne,Golem,,,
039,Hoenn Champions,Roxanne,Onix,,,
039,Hoenn Champions,Roxanne,Omanyte,,,
039,Hoenn Champions,Roxanne,Omastar,,,
039,Hoenn Champions,Roxanne,Kabuto,,,
039,Hoenn Champions,Roxanne,Kabutops,,,
039,Hoenn Champions,Roxanne,Aerodactyl,,,
039,Hoenn Champions,Roxanne,Steelix,,,
039,Hoenn Champions,Roxanne,Nosepass,,,
039,Hoenn Champions,Roxanne,Aggron,,,
039,Hoenn Champions,Roxanne,Relicanth,,,
039,Hoenn Champions,Roxanne,Armaldo,,,
039,Hoenn Champions,Roxanne,Cradily,,,
039,Hoenn Champions,Roxanne,Probopass,,,
039,Hoenn Champions,Roxanne,Carracosta,,,
039,Hoenn Champions,Brawly,Machop,,,
039,Hoenn Champions,Brawly,Machamp,,,
039,Hoenn Champions,Brawly,Hitmonlee,,,
039,Hoenn Champions,Brawly,Hitmonchan,,,
039,Hoenn Champions,Brawly,Hitmontop,,,
039,Hoenn Champions,Brawly,Heracross,,,
039,Hoenn Champions,Brawly,Breloom,,,
039,Hoenn Champions,Brawly,Makuhita,,,
039,Hoenn Champions,Brawly,Hariyama,,,
039,Hoenn Champions,Brawly,Meditite,,,
039,Hoenn Champions,Brawly,Medicham,,,
039,Hoenn Champions,Brawly,Scrafty,,,
039,Hoenn Champions,Brawly,Mienfoo,,,
039,Hoenn Champions,Wattson,Pikachu,,,
039,Hoenn Champions,Wattson,Raichu,,,
039,Hoenn Champions,Wattson,Magnemite,,,
039,Hoenn Champions,Wattson,Magneton,,,
039,Hoenn Champions,Wattson,Voltorb,,,
039,Hoenn Champions,Wattson,Electrode,,,
039,Hoenn Champions,Wattson,Electabuzz,,,
039,Hoenn Champions,Wattson,Mareep,,,
039,Hoenn Champions,Wattson,Flaafy,,,
039,Hoenn Champions,Wattson,Ampharos,,,
039,Hoenn Champions,Wattson,Electrike,,,
039,Hoenn Champions,Wattson,Manetric,,,
039,Hoenn Champions,Wattson,Plusle,,,
039,Hoenn Champions,Wattson,Minun,,,
039,Hoenn Champions,Wattson,Rotom,,,
039,Hoenn Champions,Wattson,Magnezone,,,
039,Hoenn Champions,Flannery,Growlithe,,,
039,Hoenn Champions,Flannery,Arcanine,,,
039,Hoenn Champions,Flannery,Ponyta,,,
039,Hoenn Champions,Flannery,Rapidash,,,
039,Hoenn Champions,Flannery,Slugma,,,
039,Hoenn Champions,Flannery,Magcargo,,,
039,Hoenn Champions,Flannery,Houndour,,,
039,Hoenn Champions,Flannery,Houndoom,,,
039,Hoenn Champions,Flannery,Brasegali,,,
039,Hoenn Champions,Flannery,Numel,,,
039,Hoenn Champions,Flannery,Camerupt,,,
039,Hoenn Champions,Flannery,Torkoal,,,
039,Hoenn Champions,Flannery,Magmotar,,,
039,Hoenn Champions,Flannery,Chandelure,,,
039,Hoenn Champions,Norman,Chansey,,,
039,Hoenn Champions,Norman,Kangaskhan,,,
039,Hoenn Champions,Norman,Tauros,,,
039,Hoenn Champions,Norman,Linoone,,,
039,Hoenn Champions,Norman,Vigoroth,,,
039,Hoenn Champions,Norman,Slaking,,,
039,Hoenn Champions,Norman,Spinda,,,
039,Hoenn Champions,Norman,Kecleon,,,
039,Hoenn Champions,Norman,Castform,,,
039,Hoenn Champions,Norman,Exploud,,,
039,Hoenn Champions,Norman,Zangoose,,,
039,Hoenn Champions,Norman,Ambipom,,,
039,Hoenn Champions,Norman,Bouffalant,,,
039,Hoenn Champions,Norman,Staraptor,,,
039,Hoenn Champions,Norman,Sawsbuck,,,
039,Hoenn Champions,Norman,Stoutland,,,
039,Hoenn Champions,Winona,Gyarados,,,
039,Hoenn Champions,Winona,Dratini,,,
039,Hoenn Champions,Winona,Dragonair,,,
039,Hoenn Champions,Winona,Dragonite,,,
039,Hoenn Champions,Winona,Hoothoot,,,
039,Hoenn Champions,Winona,Noctowl,,,
039,Hoenn Champions,Winona,Skarmory,,,
039,Hoenn Champions,Winona,Swellow,,,
039,Hoenn Champions,Winona,Pelipper,,,
039,Hoenn Champions,Winona,Swablu,,,
039,Hoenn Champions,Winona,Altaria,,,
039,Hoenn Champions,Winona,Tropius,,,
039,Hoenn Champions,Winona,Rayquaza,,,
039,Hoenn Champions,Winona,Honchrow,,,
039,Hoenn Champions,Winona,Sigilyph,,,
039,Hoenn Champions,Tate and Liza,Drowzee,,,
039,Hoenn Champions,Tate and Liza,Hypno,,,
039,Hoenn Champions,Tate and Liza,Slowpoke,,,
039,Hoenn Champions,Tate and Liza,Xatu,,,
039,Hoenn Champions,Tate and Liza,Slowking,,,
039,Hoenn Champions,Tate and Liza,Gardevoir,,,
039,Hoenn Champions,Tate and Liza,Lunatone,,,
039,Hoenn Champions,Tate and Liza,Solrock,,,
039,Hoenn Champions,Tate and Liza,Chimecho,,,
039,Hoenn Champions,Tate and Liza,Claydol,,,
039,Hoenn Champions,Tate and Liza,Grumpig,,,
039,Hoenn Champions,Tate and Liza,Gallade,,,
039,Hoenn Champions,Tate and Liza,Bronzong,,,
039,Hoenn Champions,Tate and Liza,Gothitelle,,,
039,Hoenn Champions,Tate and Liza,Reuniclus,,,
039,Hoenn Champions,Wallace,Tentacruel,,,
039,Hoenn Champions,Wallace,Starmie,,,
039,Hoenn Champions,Wallace,Seaking,,,
039,Hoenn Champions,Wallace,Gyarados,,,
039,Hoenn Champions,Wallace,Swampert,,,
039,Hoenn Champions,Wallace,Ludicolo,,,
039,Hoenn Champions,Wallace,Sealeo,,,
039,Hoenn Champions,Wallace,Walrein,,,
039,Hoenn Champions,Wallace,Luvdisc,,,
039,Hoenn Champions,Wallace,Whiscash,,,
039,Hoenn Champions,Wallace,Milotic,,,
039,Hoenn Champions,Wallace,Wailord,,,
039,Hoenn Champions,Wallace,Sharpedo,,,
039,Hoenn Champions,Juan,Poliwag,,,
039,Hoenn Champions,Juan,Poliwhirl,,,
039,Hoenn Champions,Juan,Lapras,,,
039,Hoenn Champions,Juan,Politoed,,,
039,Hoenn Champions,Juan,Luvdisc,,,
039,Hoenn Champions,Juan,Kingdra,,,
039,Hoenn Champions,Juan,Whiscash,,,
039,Hoenn Champions,Juan,Sealeo,,,
039,Hoenn Champions,Juan,Walrein,,,
039,Hoenn Champions,Juan,Crawdaunt,,,
039,Hoenn Champions,Juan,Huntail,,,
039,Hoenn Champions,Juan,Gorebyss,,,
039,Hoenn Champions,Juan,Relicanth,,,
039,Sinnoh Champions,Roark,Geodude,,,
039,Sinnoh Champions,Roark,Golem,,,
039,Sinnoh Champions,Roark,Onix,,,
039,Sinnoh Champions,Roark,Aerodactyl,,,
039,Sinnoh Champions,Roark,Sudowoodo,,,
039,Sinnoh Champions,Roark,Tyranitar,,,
039,Sinnoh Champions,Roark,Relicanth,,,
039,Sinnoh Champions,Roark,Cranidos,,,
039,Sinnoh Champions,Roark,Rampardos,,,
039,Sinnoh Champions,Roark,Probopass,,,
039,Sinnoh Champions,Roark,Archeops,,,
039,Sinnoh Champions,Roark,Crustle,,,
039,Sinnoh Champions,Gardenia,Jumpluff,,,
039,Sinnoh Champions,Gardenia,Bellossom,,,
039,Sinnoh Champions,Gardenia,Breloom,,,
039,Sinnoh Champions,Gardenia,Tropius,,,
039,Sinnoh Champions,Gardenia,Turtwig,,,
039,Sinnoh Champions,Gardenia,Torterra,,,
039,Sinnoh Champions,Gardenia,Cherubi,,,
039,Sinnoh Champions,Gardenia,Cherrim,,,
039,Sinnoh Champions,Gardenia,Roserade,,,
039,Sinnoh Champions,Gardenia,Carnivine,,,
039,Sinnoh Champions,Gardenia,Tangrowth,,,
039,Sinnoh Champions,Gardenia,Leafeon,,,
039,Sinnoh Champions,Maylene,Machoke,,,
039,Sinnoh Champions,Maylene,Machamp,,,
039,Sinnoh Champions,Maylene,Breloom,,,
039,Sinnoh Champions,Maylene,Meditite,,,
039,Sinnoh Champions,Maylene,Medicham,,,
039,Sinnoh Champions,Maylene,Infernape,,,
039,Sinnoh Champions,Maylene,Lucario,,,
039,Sinnoh Champions,Maylene,Toxicroak,,,
039,Sinnoh Champions,Maylene,Gallade,,,
039,Sinnoh Champions,Crasher Wake,Poliwrath,,,
039,Sinnoh Champions,Crasher Wake,Gyarados,,,
039,Sinnoh Champions,Crasher Wake,Quagsire,,,
039,Sinnoh Champions,Crasher Wake,Ludicolo,,,
039,Sinnoh Champions,Crasher Wake,Sharpedo,,,
039,Sinnoh Champions,Crasher Wake,Empoleon,,,
039,Sinnoh Champions,Crasher Wake,Floatzel,,,
039,Sinnoh Champions,Crasher Wake,Lumineon,,,
039,Sinnoh Champions,Crasher Wake,Gastrodon,,,
039,Sinnoh Champions,Fantina,Haunter,,,
039,Sinnoh Champions,Fantina,Gengar,,,
039,Sinnoh Champions,Fantina,Duskull,,,
039,Sinnoh Champions,Fantina,Banette,,,
039,Sinnoh Champions,Fantina,Drifblim,,,
039,Sinnoh Champions,Fantina,Mismagius,,,
039,Sinnoh Champions,Fantina,Dusknoir,,,
039,Sinnoh Champions,Fantina,Spiritomb,,,
039,Sinnoh Champions,Fantina,Rotom,,,
039,Sinnoh Champions,Fantina,Jellicent,,,
039,Sinnoh Champions,Fantina,Giratina,,,
039,Sinnoh Champions,Byron,Magneton,,,
039,Sinnoh Champions,Byron,Forretress,,,
039,Sinnoh Champions,Byron,Steelix,,,
039,Sinnoh Champions,Byron,Skarmory,,,
039,Sinnoh Champions,Byron,Aggron,,,
039,Sinnoh Champions,Byron,Bronzor,,,
039,Sinnoh Champions,Byron,Bronzong,,,
039,Sinnoh Champions,Byron,Bastiodon,,,
039,Sinnoh Champions,Byron,Magnezone,,,
039,Sinnoh Champions,Byron,Excadrill,,,
039,Sinnoh Champions,Candice,Sneasel,,,
039,Sinnoh Champions,Candice,Piloswine,,,
039,Sinnoh Champions,Candice,Medicham,,,
039,Sinnoh Champions,Candice,Glalie,,,
039,Sinnoh Champions,Candice,Snover,,,
039,Sinnoh Champions,Candice,Abomasnow,,,
039,Sinnoh Champions,Candice,Weavile,,,
039,Sinnoh Champions,Candice,Mamoswine,,,
039,Sinnoh Champions,Candice,Froslass,,,
039,Sinnoh Champions,Candice,Glaceon,,,
039,Sinnoh Champions,Volkner,Raichu,,,
039,Sinnoh Champions,Volkner,Electrode,,,
039,Sinnoh Champions,Volkner,Jolteon,,,
039,Sinnoh Champions,Volkner,Lanturn,,,
039,Sinnoh Champions,Volkner,Octillery,,,
039,Sinnoh Champions,Volkner,Ambipom,,,
039,Sinnoh Champions,Volkner,Luxray,,,
039,Sinnoh Champions,Volkner,Electivire,,,
039,Sinnoh Champions,Volkner,Rotom,,,
039,Sinnoh Champions,Volkner,Eelektross,,,
039,Sinnoh Champions,Volkner,Galvantula,,,
039,Sinnoh Champions,Volkner,Zebstrika,,,
039,Unova Champions,Cilan,Serperior,,,
039,Unova Champions,Cilan,Lillipup,,,
039,Unova Champions,Cilan,Pansage,,,
039,Unova Champions,Cilan,Simisage,,,
039,Unova Champions,Cilan,Maractus,,,
039,Unova Champions,Cilan,Ferrothorn,,,
039,Unova Champions,Cilan,Jumpluff,,,
039,Unova Champions,Cilan,Whimsicott,,,
039,Unova Champions,Cilan,Lilligant,,,
039,Unova Champions,Chili,Arcanine,,,
039,Unova Champions,Chili,Camerupt,,,
039,Unova Champions,Chili,Magmotar,,,
039,Unova Champions,Chili,Emboar,,,
039,Unova Champions,Chili,Lillipup,,,
039,Unova Champions,Chili,Pansear,,,
039,Unova Champions,Chili,Simisear,,,
039,Unova Champions,Chili,Heatmor,,,
039,Unova Champions,Chili,Darmanitan,,,
039,Unova Champions,Cress,Lillipup,,,
039,Unova Champions,Cress,Panpour,,,
039,Unova Champions,Cress,Simipour,,,
039,Unova Champions,Cress,Basculin,,,
039,Unova Champions,Cress,Slowking,,,
039,Unova Champions,Cress,Golduck,,,
039,Unova Champions,Cress,Floatzel,,,
039,Unova Champions,Cress,Azumarill,,,
039,Unova Champions,Cress,Crawdaunt,,,
039,Unova Champions,Cress,Samurott,,,
039,Unova Champions,Cress,Seismitoad,,,
039,Unova Champions,Lenora,Herdier,,,
039,Unova Champions,Lenora,Watchog,,,
039,Unova Champions,Lenora,Audino,,,
039,Unova Champions,Lenora,Clefable,,,
039,Unova Champions,Lenora,Kangaskhan,,,
039,Unova Champions,Lenora,Sawsbuck,,,
039,Unova Champions,Lenora,Dunsparce,,,
039,Unova Champions,Lenora,Braviary,,,
039,Unova Champions,Lenora,Cinccino,,,
039,Unova Champions,Lenora,Lickilicky,,,
039,Unova Champions,Burgh,Whirlipede,,,
039,Unova Champions,Burgh,Dwebble,,,
039,Unova Champions,Burgh,Crustle,,,
039,Unova Champions,Burgh,Swadloon,,,
039,Unova Champions,Burgh,Leavanny,,,
039,Unova Champions,Burgh,Shelmet,,,
039,Unova Champions,Burgh,Escavalier,,,
039,Unova Champions,Burgh,Karrablast,,,
039,Unova Champions,Burgh,Accelgor,,,
039,Unova Champions,Burgh,Vespiquen,,,
039,Unova Champions,Burgh,Durant,,,
039,Unova Champions,Burgh,Heracross,,,
039,Unova Champions,Elesa,Emolga,,,
039,Unova Champions,Elesa,Zebstrika,,,
039,Unova Champions,Elesa,Flaafy,,,
039,Unova Champions,Elesa,Ampharos,,,
039,Unova Champions,Elesa,Joltik,,,
039,Unova Champions,Elesa,Galvantula,,,
039,Unova Champions,Elesa,Eelektross,,,
039,Unova Champions,Elesa,Stunfisk,,,
039,Unova Champions,Elesa,Luxray,,,
039,Unova Champions,Clay,Krokorok,,,
039,Unova Champions,Clay,Krookodile,,,
039,Unova Champions,Clay,Palpitoad,,,
039,Unova Champions,Clay,Seismitoad,,,
039,Unova Champions,Clay,Excadrill,,,
039,Unova Champions,Clay,Sandslash,,,
039,Unova Champions,Clay,Onix,,,
039,Unova Champions,Clay,Claydol,,,
039,Unova Champions,Clay,Mamoswine,,,
039,Unova Champions,Clay,Golurk,,,
039,Unova Champions,Clay,Flygon,,,
039,Unova Champions,Skyla,Swoobat,,,
039,Unova Champions,Skyla,Unfezant,,,
039,Unova Champions,Skyla,Swanna,,,
039,Unova Champions,Skyla,Skarmory,,,
039,Unova Champions,Skyla,Sigilyph,,,
039,Unova Champions,Skyla,Archeops,,,
039,Unova Champions,Skyla,Braviary,,,
039,Unova Champions,Skyla,Mandibuzz,,,
039,Unova Champions,Skyla,Jumpluff,,,
039,Unova Champions,Skyla,Drifblim,,,
039,Unova Champions,Brycen,Vanillish,,,
039,Unova Champions,Brycen,Vanilluxe,,,
039,Unova Champions,Brycen,Cryogonal,,,
039,Unova Champions,Brycen,Beartic,,,
039,Unova Champions,Brycen,Weavile,,,
039,Unova Champions,Brycen,Dewgong,,,
039,Unova Champions,Brycen,Walrein,,,
039,Unova Champions,Brycen,Pawniard,,,
039,Unova Champions,Brycen,Vullaby,,,
039,Unova Champions,Brycen,Mandibuzz,,,
039,Unova Champions,Brycen,Honchrow,,,
039,Unova Champions,Brycen,Scrafty,,,
039,Unova Champions,Brycen,Zoroark,,,
039,Unova Champions,Brycen,Heracross,,,
039,Unova Champions,Brycen,Sawk,,,
039,Unova Champions,Brycen,Escavalier,,,
039,Unova Champions,Brycen,Houndoom,,,
039,Unova Champions,Brycen,Bisharp,,,
039,Unova Champions,Brycen,Sharpedo,,,
039,Unova Champions,Brycen,Hydreigon,,,
039,Unova Champions,Drayden,Fraxure,,,
039,Unova Champions,Drayden,Haxorus,,,
039,Unova Champions,Drayden,Druddigon,,,
039,Unova Champions,Drayden,Flygon,,,
039,Unova Champions,Drayden,Altaria,,,
039,Unova Champions,Drayden,Hydreigon,,,
039,Unova Champions,Drayden,Salamence,,,
039,Unova Champions,Iris,Fraxure,,,
039,Unova Champions,Iris,Haxorus,,,
039,Unova Champions,Iris,Druddigon,,,
039,Unova Champions,Iris,Hydreigon,,,
039,Unova Champions,Iris,Archeops,,,
039,Unova Champions,Iris,Aggron,,,
039,Unova Champions,Iris,Lapras,,,
039,Unova Champions,Cheren,Patrat,,,
039,Unova Champions,Cheren,Watchog,,,
039,Unova Champions,Cheren,Lillipup,,,
039,Unova Champions,Cheren,Stoutland,,,
039,Unova Champions,Cheren,Pidove,,,
039,Unova Champions,Cheren,Cinccino,,,
039,Unova Champions,Cheren,Zangoose,,,
039,Unova Champions,Cheren,Lopunny,,,
039,Unova Champions,Cheren,Castform,,,
039,Unova Champions,Cheren,Bouffalant,,,
039,Unova Champions,Cheren,Porygon-Z,,,
039,Unova Champions,Cheren,Lickilicky,,,
039,Unova Champions,Roxie,Koffing,,,
039,Unova Champions,Roxie,Whirlipede,,,
039,Unova Champions,Roxie,Grimer,,,
039,Unova Champions,Roxie,Scolipede,,,
039,Unova Champions,Roxie,Seviper,,,
039,Unova Champions,Roxie,Garbodor,,,
039,Unova Champions,Roxie,Golbat,,,
039,Unova Champions,Roxie,Crobat,,,
039,Unova Champions,Roxie,Amoonguss,,,
039,Unova Champions,Roxie,Drapion,,,
039,Unova Champions,Roxie,Toxicroak,,,
039,Unova Champions,Marlon,Carracosta,,,
039,Unova Champions,Marlon,Wailord,,,
039,Unova Champions,Marlon,Jellicent,,,
039,Unova Champions,Marlon,Mantine,,,
039,Unova Champions,Marlon,Starmie,,,
039,Unova Champions,Marlon,Alomomola,,,
039,Unova Champions,Marlon,Quagsire,,,
039,Unova Champions,Marlon,Cloyster,,,
039,Kalos Champions,Viola,Surskit,,,
039,Kalos Champions,Viola,Masquerain,,,
039,Kalos Champions,Viola,Vivillion,,,
039,Kalos Champions,Grant,Amaura,,,
039,Kalos Champions,Grant,Aurorus,,,
039,Kalos Champions,Grant,Tyrunt,,,
039,Kalos Champions,Grant,Tyrantrum,,,
039,Kalos Champions,Korrina,Lucario,,,
039,Kalos Champions,Korrina,Mienfoo,,,
039,Kalos Champions,Korrina,Machoke,,,
039,Kalos Champions,Korrina,Machamp,,,
039,Kalos Champions,Korrina,Hawlucha,,,
039,Kalos Champions,Ramos,Jumpluff,,,
039,Kalos Champions,Ramos,Weepinbell,,,
039,Kalos Champions,Ramos,Victreebell,,,
039,Kalos Champions,Ramos,Gogoat,,,
039,Kalos Champions,Clemont,Emolga,,,
039,Kalos Champions,Clemont,Magneton,,,
039,Kalos Champions,Clemont,Magnezone,,,
039,Kalos Champions,Clemont,Heliolisk,,,
039,Kalos Champions,Valerie,Mawile,,,
039,Kalos Champions,Valerie,Mr. Mime,,,
039,Kalos Champions,Valerie,Sylveon,,,
039,Kalos Champions,Olympia,Sigilyph,,,
039,Kalos Champions,Olympia,Slowking,,,
039,Kalos Champions,Olympia,Meowstic,,,
039,Kalos Champions,Wulfric,Abomasnow,,,
039,Kalos Champions,Wulfric,Cryogonal,,,
039,Kalos Champions,Wulfric,Avalugg,,,
039,Galar Champions,Milo,Bellossom,,,
039,Galar Champions,Milo,Shiftry,,,
039,Galar Champions,Milo,Ludicolo,,,
039,Galar Champions,Milo,Cherrim,,,
039,Galar Champions,Milo,Tsareena,,,
039,Galar Champions,Milo,Gossifleur,,,
039,Galar Champions,Milo,Eldegoss,,,
039,Galar Champions,Milo,Flapple,,,
039,Galar Champions,Milo,Appletun,,,
039,Galar Champions,Nessa,Goldeen,,,
039,Galar Champions,Nessa,Seaking,,,
039,Galar Champions,Nessa,Arrokuda,,,
039,Galar Champions,Nessa,Barraskewda,,,
039,Galar Champions,Nessa,Drednaw,,,
039,Galar Champions,Nessa,Golisopod,,,
039,Galar Champions,Nessa,Pelipper,,,
039,Galar Champions,Nessa,Quagsire,,,
039,Galar Champions,Nessa,Toxapex,,,
039,Galar Champions,Kabu,Ninetales,,,
039,Galar Champions,Kabu,Arcanine,,,
039,Galar Champions,Kabu,Centiskorch,,,
039,Galar Champions,Kabu,Torkoal,,,
039,Galar Champions,Kabu,Salazzle,,,
039,Galar Champions,Bea,Hitmontop,,,
039,Galar Champions,Bea,Pangoro,,,
039,Galar Champions,Bea,Sirfetch’d,,,
039,Galar Champions,Bea,Machamp,,,
039,Galar Champions,Bea,Hawlucha,,,
039,Galar Champions,Bea,Grapploct,,,
039,Galar Champions,Bea,Falinks,,,
039,Galar Champions,Allister,Yamask,,,
039,Galar Champions,Allister,Mimikyu,,,
039,Galar Champions,Allister,Cursola,,,
039,Galar Champions,Allister,Gengar,,,
039,Galar Champions,Allister,Dusknoir,,,
039,Galar Champions,Allister,Chandelure,,,
039,Galar Champions,Allister,Polteageist,,,
039,Galar Champions,Allister,Runerigus,,,
039,Galar Champions,Opal,Weezing,,,
039,Galar Champions,Opal,Mawile,,,
039,Galar Champions,Opal,Togekiss,,,
039,Galar Champions,Opal,Alcremie,,,
039,Galar Champions,Bede,Mawile,,,
039,Galar Champions,Bede,Gardevoir,,,
039,Galar Champions,Bede,Rapidash,,,
039,Galar Champions,Bede,Sylveon,,,
039,Galar Champions,Bede,Hatterene,,,
039,Galar Champions,Gordie,Barbaracle,,,
039,Galar Champions,Gordie,Shuckle,,,
039,Galar Champions,Gordie,Stonjourner,,,
039,Galar Champions,Gordie,Coalossal,,,
039,Galar Champions,Gordie,Tyranitar,,,
039,Galar Champions,Melony,Frosmoth,,,
039,Galar Champions,Melony,Darmanitan,,,
039,Galar Champions,Melony,Eiscue,,,
039,Galar Champions,Melony,Lapras,,,
039,Galar Champions,Melony,Mr. Rime,,,
039,Galar Champions,Piers,Scrafty,,,
039,Galar Champions,Piers,Malamar,,,
039,Galar Champions,Piers,Skuntank,,,
039,Galar Champions,Piers,Obstagoon,,,
039,Galar Champions,Piers,Toxtricity,,,
039,Galar Champions,Marnie,Liepard,,,
039,Galar Champions,Marnie,Toxicroak,,,
039,Galar Champions,Marnie,Scrafty,,,
039,Galar Champions,Marnie,Morpeko,,,
039,Galar Champions,Marnie,Grimmsnarl,,,
039,Galar Champions,Raihan,Gigalith,,,
039,Galar Champions,Raihan,Flygon,,,
039,Galar Champions,Raihan,Sandaconda,,,
039,Galar Champions,Raihan,Duraludon,,,
039,Galar Champions,Raihan,Torkoal,,,
039,Galar Champions,Raihan,Goodra,,,
039,Galar Champions,Raihan,Turtonator,,,
039,Pladea Champions,Katy,Nymble,,,
039,Pladea Champions,Katy,Lokix,,,
039,Pladea Champions,Katy,Tarountula,,,
039,Pladea Champions,Katy,Spidops,,,
039,Pladea Champions,Katy,Teddiursa,,,
039,Pladea Champions,Katy,Ursaring,,,
039,Pladea Champions,Katy,Forretress,,,
039,Pladea Champions,Katy,Heracross,,,
039,Pladea Champions,Katy,Araquanid,,,
039,Pladea Champions,Brassius,Petilil,,,
039,Pladea Champions,Brassius,Lilligant,,,
039,Pladea Champions,Brassius,Smoliv,,,
039,Pladea Champions,Brassius,Arboliva,,,
039,Pladea Champions,Brassius,Sudowoodo,,,
039,Pladea Champions,Brassius,Breloom,,,
039,Pladea Champions,Brassius,Tsareena,,,
039,Pladea Champions,Brassius,Vileplume,,,
039,Pladea Champions,Iono,Wattrel,,,
039,Pladea Champions,Iono,Kilowattrel,,,
039,Pladea Champions,Iono,Bellibolt,,,
039,Pladea Champions,Iono,Luxio,,,
039,Pladea Champions,Iono,Mismagius,,,
039,Pladea Champions,Iono,Electrode,,,
039,Pladea Champions,Iono,Luxray,,,
039,Pladea Champions,Iono,Electivire,,,
039,Pladea Champions,Kofu,Veluza,,,
039,Pladea Champions,Kofu,Wugtrio,,,
039,Pladea Champions,Kofu,Crabominable,,,
039,Pladea Champions,Kofu,Pelipper,,,
039,Pladea Champions,Kofu,Clawitzer,,,
039,Pladea Champions,Kofu,Feraligatr,,,
039,Pladea Champions,Larry,Komala,,,
039,Pladea Champions,Larry,Dudunsparce,,,
039,Pladea Champions,Larry,Staraptor,,,
039,Pladea Champions,Larry,Oinkologne,,,
039,Pladea Champions,Larry,Braviary,,,
039,Pladea Champions,Ryme,Banette,,,
039,Pladea Champions,Ryme,Mimikyu,,,
039,Pladea Champions,Ryme,Houndstone,,,
039,Pladea Champions,Ryme,Toxtricity,,,
039,Pladea Champions,Ryme,Spiritomb,,,
039,Pladea Champions,Ryme,Golurk,,,
039,Pladea Champions,Tulip,Farigiraf,,,
039,Pladea Champions,Tulip,Gardevoir,,,
039,Pladea Champions,Tulip,Espathra,,,
039,Pladea Champions,Tulip,Florges,,,
039,Pladea Champions,Tulip,Gallade,,,
039,Pladea Champions,Tulip,Delphox,,,
039,Pladea Champions,Grusha,Frosmoth,,,
039,Pladea Champions,Grusha,Beartic,,,
039,Pladea Champions,Grusha,Cetitan,,,
039,Pladea Champions,Grusha,Altaria,,,
039,Pladea Champions,Grusha,Weavile,,,
039,Pladea Champions,Grusha,Ninetales,,,
040,,Red,Poliwrath – Nyoro – Male,,,
040,,Red,Venusaur – Fusshii – Male,,,
040,,Red,Pikachu – Pika – Male,,,
040,,Red,Snorlax – Gon – Male,,,
040,,Red,Gyarados – Gyara – Male,,,
040,,Red,Aerodactyl – Pte – Male,,,
040,,Red,Espeon – Vui – Male,,,
040,,Red,Nidorino – Dori – Male,,,
040,,Red,Diglett – Dig – Male,,,
040,,Red,Sandshrew – San – Male,,,
040,,Red,Krabby – Cra – Female,,,
040,,Green,Wigglytuff – Puriri – Female,,,
040,,Green,Blastoise – Kame-chan – Male,,,
040,,Green,Ditto – Meta-chan,,,
040,,Green,Clefable – Pikkun – Male,,,
040,,Green,Nidoqueen – Nido-chan – Female,,,
040,,Green,Jigglypuff – Ririri – Female,,,
040,,Green,Abra – Kee-chan – Female,,,
040,,Yellow,Rattatac – Rattchan – Male,,,
040,,Yellow,Dodrio – Dodosuke – Male,,,
040,,Yellow,Golem – Golosuke – Male,,,
040,,Yellow,Omastar – Omsuke – Male,,,
040,,Yellow,Butterfree – Piisuke – Male,,,
040,,Yellow,Pikachu – Chuchu – Female,,,
040,,Gold,Ambipom – Etaro – Male,,,
040,,Gold,Politoed – Nyotaro – Male,,,
040,,Gold,Typhlosion – Bakutaro – Male,,,
040,,Gold,Sunflora – Kimataro – Female,,,
040,,Gold,Sudowoodo – Utaro – Male,,,
040,,Gold,Togekiss – Togetaro – Male,,,
040,,Gold,Pichu – Pich – Male,,,
040,,Gold,Mantine – Mantaro – Male,,,
040,,Crystal,Smoochum – Mupyon – Female,,,
040,,Crystal,Arcanine – Winpyon – Male,,,
040,,Crystal,Parasect – Parapyon – Female,,,
040,,Crystal,Cubone – Karapyon – Male,,,
040,,Crystal,Hitmonchan – Ebipyon – Male,,,
040,,Crystal,Xatu – Naipyon – Female,,,
040,,Crystal,Meganium – Megapyon – Male,,,
040,,Crystal,Mr. Mime – Baripyon – Female,,,
040,,Ruby,Mightyena – Nana – Female,,,
040,,Ruby,Delcatty – Coco – Female,,,
040,,Ruby,Gardevoir – Ruru – Female,,,
040,,Ruby,Swampert – Zuzu – Male,,,
040,,Ruby,Milotic – Mimi – Female,,,
040,,Ruby,Castform – Popo – Female,,,
040,,Sapphire,Aggron – Dorara – Male,,,
040,,Sapphire,Blaziken – Chamo – Female,,,
040,,Sapphire,Wailord – Eruru – Male,,,
040,,Sapphire,Tropius – Tororo – Male,,,
040,,Sapphire,Donphan – Fadodo – Male,,,
040,,Sapphire,Gallade – Kiruru – Male,,,
040,,Sapphire,Relicanth – Jirara – Male,,,
040,,Diamond,Munchlax – Bee – Male,,,
040,,Diamond,Torterra – Ruu – Male,,,
040,,Diamond,Bastiodon – Puu – Male,,,
040,,Diamond,Lickilicky – Rii – Male,,,
040,,Diamond,Mammoswine – Muu – Male,,,
040,,Diamond,Regigigas – Gii,,,
040,,Pearl,Chatot – Perahiko – Male,,,
040,,Pearl,Infernape – Saruhiko – Male,,,
040,,Pearl,Luxray – Torahiko – Male,,,
040,,Pearl,Buizel – Selhiko – Male,,,
040,,Pearl,Tauros – Taurohiko – Male,,,
040,,Pearl,Diglett – Dighiko – Male,,,
040,,Black,Braviary – Warr – Male,,,
040,,Black,Musharna – Musha – Male,,,
040,,Black,Emboar – Buoh – Male,,,
040,,Black,Galvantula – Tula – Male,,,
040,,Black,Carracosta – Goura – Male,,,
040,,White,Serperior – Amanda – Female,,,
040,,White,Deerling – Jessica – Female,,,
040,,White,Stunfisk – Dorothy – Female,,,
040,,White,Alomomola – Nancy – Female,,,
040,,White,Duosion – Yunibo – Male,,,
040,,White,Vullaby – Barbara – Female,,,
040,,White,Tepig – Bubu – Female,,,
040,,Blake,Kabutops – Kabutomaru – Male,,,
040,,Blake,Gliscor – Liomaru – Male,,,
040,,Whitley,Foongus – Dake-chan – Male,,,
040,,X,Kangaskhan – Garu – Female,,,
040,,X,Chesnaught – Marisso – Male,,,
040,,X,Charizard – Salamè – Male,,,
040,,X,Manectric – Élec – Male,,,
040,,X,Gengar – Lasma – Male,,,
040,,X,Pinsir – Rute – Male,,,
040,,Y,Fletchinder – Yako-chan – Female,,,
040,,Y,Sylveon – Vuivui – Female,,,
040,,Y,Greninja – Kerokero – Male,,,
040,,Y,Rhyhorn – Saisai – Male,,,
040,,Y,Absol – Solsol – Male,,,
040,,Y,Xerneas – Xerxer,,,
040,,Sun,Meowth – Dollar – Male,,,
040,,Sun,Incineroar – En – Male,,,
040,,Sun,Wishiwashi – Baht – Male,,,
040,,Sun,Mimikyu – Franc – Male,,,
040,,Sun,Crabominable – Dong – Male,,,
040,,Sun,Stakataka – Lei,,,
040,,Henry,Sirfetch’d – Ransun – Male,,,
040,,Henry,Rillaboom – Sutikkun – Male,,,
040,,Henry,Gurdurr – Tekkotsun – Male,,,
040,,Henry,Oranguru – Gunbain – Male,,,
040,,Henry,Mr. Rime – Kayne – Male,,,
040,,Casey,Cinderace – Bit – Male,,,
040,,Casey,Arrokuda – Kilo – Male,,,
040,,Casey,Toxtricity – Tera – Male,,,
040,,Casey,Eiscue – Peta – Male,,,
040,,Casey,Falinks – Giga,,,
040,,Casey,Stunfisk – Mega – Male,,,
041,,Swablu,,,,
041,,Zigzagoon,,,,
041,,Skitty,,,,
041,,Pichu,,,,
042,,Makuhita,,,,
042,,Bayleef,,,,
042,,Quilava,,,,
042,,Croconaw,,,,
042,,Flaaffy,,,,
042,,Misdreavus,,,,
042,,Noctowl,,,,
042,,Quagsire,,,,
042,,Skiploom,,,,
042,,Slugma,,,,
042,,Furret,,,,
042,,Yanma,,,,
042,,Remoraid,,,,
042,,Mantine,,,,
042,,Qwilfish,,,,
042,,Meditite,,,,
042,,Dunsparce,,,,
042,,Swablu,,,,
042,,Sudowoodo,,,,
042,,Hitmontop,,,,
042,,Entei,,,,
042,,Ledian,,,,
042,,Suicune,,,,
042,,Gligar,,,,
042,,Stantler,,,,
042,,Piloswine,,,,
042,,Sneasel,,,,
042,,Aipom,,,,
042,,Murkrow,,,,
042,,Forretress,,,,
042,,Ariados,,,,
042,,Granbull,,,,
042,,Vibrava,,,,
042,,Raikou,,,,
042,,Sunflora,,,,
042,,Delibird,,,,
042,,Heracross,,,,
042,,Skarmory,,,,
042,,Miltank,,,,
042,,Absol,,,,
042,,Houndoom,,,,
042,,Tropius,,,,
042,,Metagross,,,,
042,,Tyranitar,,,,
042,,Smeargle,,,,
042,,Ursaring,,,,
042,,Shuckle,,,,
042,,Togetic,,,,
043,,Eevee,,,,
043,,Hoppip,,,,
043,,Phanpy,,,,
043,,Surskit,,,,
043,,Zubat,,,,
043,,Aron,,,,
043,,Wooper,,,,
043,,Sandshrew,,,,
043,,Gligar,,,,
043,,Trapinch,,,,
043,,Togepi,,,,
043,,Chikorita,,,,
043,,Cyndaquil,,,,
043,,Totodile,,,,
043,,Elekid,,,,
043,,Meditite,,,,
043,,Shuckle,,,,
043,,Larvitar,,,,
051,Introduced in X and Y,Venusaur,,,,
051,Introduced in X and Y,Charizard,,,,
051,Introduced in X and Y,Blastoise,,,,
051,Introduced in X and Y,Alakazam,,,,
051,Introduced in X and Y,Gengar,,,,
051,Introduced in X and Y,Kangaskhan,,,,
051,Introduced in X and Y,Pinsir,,,,
051,Introduced in X and Y,Gyarados,,,,
051,Introduced in X and Y,Aerodactyl,,,,
051,Introduced in X and Y,Ampharos,,,,
051,Introduced in X and Y,Scizor,,,,
051,Introduced in X and Y,Heracross,,,,
051,Introduced in X and Y,Houndoom,,,,
051,Introduced in X and Y,Tyranitar,,,,
051,Introduced in X and Y,Blaziken,,,,
051,Introduced in X and Y,Gardevoir,,,,
051,Introduced in X and Y,Mawile,,,,
051,Introduced in X and Y,Aggron,,,,
051,Introduced in X and Y,Medicham,,,,
051,Introduced in X and Y,Manetric,,,,
051,Introduced in X and Y,Banette,,,,
051,Introduced in X and Y,Absol,,,,
051,Introduced in X and Y,Latias,,,,
051,Introduced in X and Y,Latios,,,,
051,Introduced in X and Y,Garchomp,,,,
051,Introduced in X and Y,Lucario,,,,
051,Introduced in X and Y,Abomasnow,,,,
051,Introduced in Omega Ruby and Alpha Sapphire,Beedrill,,,,
051,Introduced in Omega Ruby and Alpha Sapphire,Pidgeot,,,,
051,Introduced in Omega Ruby and Alpha Sapphire,Slowbro,,,,
051,Introduced in Omega Ruby and Alpha Sapphire,Steelix,,,,
051,Introduced in Omega Ruby and Alpha Sapphire,Sceptile,,,,
051,Introduced in Omega Ruby and Alpha Sapphire,Swampert,,,,
051,Introduced in Omega Ruby and Alpha Sapphire,Sableye,,,,
051,Introduced in Omega Ruby and Alpha Sapphire,Sharpedo,,,,
051,Introduced in Omega Ruby and Alpha Sapphire,Camerupt,,,,
051,Introduced in Omega Ruby and Alpha Sapphire,Altaria,,,,
051,Introduced in Omega Ruby and Alpha Sapphire,Glalie,,,,
051,Introduced in Omega Ruby and Alpha Sapphire,Salamence,,,,
051,Introduced in Omega Ruby and Alpha Sapphire,Metagross,,,,
051,Introduced in Omega Ruby and Alpha Sapphire,Lopunny,,,,
051,Introduced in Omega Ruby and Alpha Sapphire,Gallade,,,,
051,Introduced in Omega Ruby and Alpha Sapphire,Audino,,,,
051,Introduced in Legends: Z-A,Raichu,,,,
051,Introduced in Legends: Z-A,Clefable,,,,
051,Introduced in Legends: Z-A,Victreebel,,,,
051,Introduced in Legends: Z-A,Starmie,,,,
051,Introduced in Legends: Z-A,Dragonite,,,,
051,Introduced in Legends: Z-A,Meganium,,,,
051,Introduced in Legends: Z-A,Feraligatr,,,,
051,Introduced in Legends: Z-A,Skarmory,,,,
051,Introduced in Legends: Z-A,Chimecho,,,,
051,Introduced in Legends: Z-A,Absol,,,,
051,Introduced in Legends: Z-A,Staraptor,,,,
051,Introduced in Legends: Z-A,Garchomp,,,,
051,Introduced in Legends: Z-A,Lucario,,,,
051,Introduced in Legends: Z-A,Froslass,,,,
051,Introduced in Legends: Z-A,Heatran,,,,
051,Introduced in Legends: Z-A,Darkrai,,,,
051,Introduced in Legends: Z-A,Emboar,,,,
051,Introduced in Legends: Z-A,Excadrill,,,,
051,Introduced in Legends: Z-A,Scolipede,,,,
051,Introduced in Legends: Z-A,Scrafty,,,,
051,Introduced in Legends: Z-A,Eelektross,,,,
051,Introduced in Legends: Z-A,Chandelure,,,,
051,Introduced in Legends: Z-A,Golurk,,,,
051,Introduced in Legends: Z-A,Chesnaught,,,,
051,Introduced in Legends: Z-A,Delphox,,,,
051,Introduced in Legends: Z-A,Greninja,,,,
051,Introduced in Legends: Z-A,Pyroar,,,,
051,Introduced in Legends: Z-A,Meowstic,,,,
051,Introduced in Legends: Z-A,Malamar,,,,
051,Introduced in Legends: Z-A,Barbaracle,,,,
051,Introduced in Legends: Z-A,Dragalgae,,,,
051,Introduced in Legends: Z-A,Hawlucha,,,,
051,Introduced in Legends: Z-A,Crabominable,,,,
051,Introduced in Legends: Z-A,Golisopod,,,,
051,Introduced in Legends: Z-A,Drampa,,,,
051,Introduced in Legends: Z-A,Falinks,,,,
051,Introduced in Legends: Z-A,Scovillain,,,,
051,Introduced in Legends: Z-A,Glimmora,,,,
051,Introduced in Legends: Z-A,Tatsugiri (Curly Form),,,,
051,Introduced in Legends: Z-A,Tatsugiri (Droopy Form),,,,
051,Introduced in Legends: Z-A,Tatsugiri (Stretchy Form),,,,
051,Introduced in Legends: Z-A,Baxcalibur,,,,
052,,Rattata,"Gold , Silver , Crystal",Dude Route 29,,
052,,Poochyena,"Ruby , Sapphire",Starter Battle,,
052,,Zigzagoon,Emerald,Starter Battle,,
052,,Zigzagoon,"Ruby , Sapphire , Emerald",Wally Capture Tutorial,,
052,,Ralts,"Ruby , Sapphire , Emerald",Wally Capture,,
052,,Weedle,"FireRed , LeafGreen",Old man,,
052,,Rattata,"FireRed , LeafGreen",Teachy TV,,
052,,Poliwag,"FireRed , LeafGreen",Teachy TV,,
052,,Butterfree,"FireRed , LeafGreen",Teachy TV,,
052,,Pidgey,"FireRed , LeafGreen",Teachy TV,,
052,,Oddish,"FireRed , LeafGreen",Teachy TV,,
052,,Jigglypuff,"FireRed , LeafGreen",Teachy TV,,
052,,Marowak,"FireRed , LeafGreen",Lavender Tower ghost,,
052,,Starly,"Diamond , Pearl",Starter Battle,,
052,,Mincinno,"Black , White",Game Introduction,,
052,,Mincinno,"Black , White",Catching Tutorial,,
052,,Patrat,"Black , White",Catching Tutorial,,
052,,Cincinno,"Black2 , White2",Game Introduction,,
052,,Lilipup,"Black2 , White2",Catching Tutorial,,
052,,Purrloin,"Black2 , White2",Bianca Capture,,
052,,Fletchling,"X , Y",Capture Tutorial Used Pokémon,,
052,,Bunnelby,"X , Y",Capture Tutorial Captured Pokémon,,
052,,Shellder,"Scarlet , Violet",Arven Pokémon Against Titan,,
052,,Nacli,"Scarlet , Violet",Arven Pokémon Against Titan,,
052,,Toadscool,"Scarlet , Violet",Arven Pokémon Against Titan,,
052,,Scovillain,"Scarlet , Violet",Arven Pokémon Against Titan,,
052,,Greedent,"Scarlet , Violet",Arven Pokémon Against Titan,,
053,,Sun & Moon,Day,Place,UltraSun & UltraMoon,
053,,Totodile,Monday,Seaward Cave,Squirtle,
053,,Spheal,Monday,Route 7,Spheal,
053,,Swinub,Monday,Tapu Village,Swinub,
053,,Conkeldurr,Monday,Poni Plains,Aggron,
053,,Deino,Tuesday,Ten Carat Hill,Onix,
053,,Luxio,Tuesday,Route 8,Combusken,
053,,Duosion,Tuesday,Roule 16,Prinplup,
053,,Togekiss,Tuesday,Poni Gauntlet,Rotom,
053,,Horsea,Wednesday,Kala’e Bay,Horsea,
053,,Honedge,Wednesday,Akala Outskirts,Honedge,
053,,Roselia,Wednesday,Ula’ula Meadow,Grotle,
053,,Leavanny,Wednesday,Poni Meadow,Leavanny,
053,,Klink,Thursday,Hau’oli City,Scatterbug,
053,,Serperior,Thursday,Exeggutor Island,Chesnaught,
053,,Venipede,Thursday,Route 4,Beedrill,
053,,Staravia,Thursday,Route 10,Pidgeot,
053,,Chikorita,Friday,Route 2,Bulbasaur,
053,,Bellsprout,Friday,Route 5,Grovyle,
053,,Vigoroth,Friday,Route 11,Monferno,
053,,Samurott,Friday,Poni Wilds,Greninja,
053,,Litwick,Saturday,Hau’oli Cemetery,Litwick,
053,,Marill,Saturday,Brooklet Hill,Marshtomp,
053,,Axew,Saturday,Mount Hokulani,Axew,
053,,Emboar,Saturday,Ancient Poni Path,Delphox,
053,,Cyndaquil,Sunday,Route 3,Charmander,
053,,Gothita,Sunday,Route 6,Ralts,
053,,Rhyhorn,Sunday,Blush Mountain,Rhyhorn,
053,,Eelektross,Sunday,Poni Grove,Eelektross (Same as SM),
055,,Celebi,Crystal,GS Ball,,
055,,Latias,"Ruby , Emerald",Eon Ticket,,
055,,Latios,"Sapphire , Emerald",Eon Ticket,,
055,,Mew,Emerald,Old Sea Map,,
055,,Lugia,"Emerald , FireRed , LeafGreen",Mystic Ticket,,
055,,Ho-oh,"Emerald , FireRed , LeafGreen",Mystic Ticket,,
055,,Deoxys Speed Form,Emerald,Aurora Ticket,,
055,,Deoxys Attack Form,FireRed,Aurora Ticket,,
055,,Deoxys Defense Form,LeafGreen,Aurora Ticket,,
055,,Darkrai,"Diamond , Pearl , Platinum",Member Card,,
055,,Shaymin,"Diamond , Pearl , Platinum",Oak’s Letter,,
055,,Arceus,"Diamond , Pearl , Platinum",Azure Flute,,
055,,Regirock,Platinum,Event Regigigas,,
055,,Regice,Platinum,Event Regigigas,,
055,,Registeel,Platinum,Event Regigigas,,
055,,Latias,SoulSilver,Enigma Stone,,
055,,Latios,HeartGold,Enigma Stone,,
055,,Latias,Omega Ruby,Eon Ticket,,
055,,Latios,Sapphire Alpha,Eon Ticket,,
056,Generation 3,Jirachi,WISHMKR,Pokémon Colosseum Bonus Disc,,
056,Generation 3,Jirachi,CHANNEL,Pokémon Channel (EU and AU),,
056,Generation 4,Manaphy,Pokémon Ranger,Egg to Trade,,
056,Generation 5 – Black and White,Pikachu,Sakura Shinkansen,,,
056,Generation 5 – Black and White,Pikachu,Festival – Tohoku,,,
056,Generation 5 – Black and White,Pikachu,Summer Carnival Korea,,,
056,Generation 5 – Black and White,Pikachu,ÉTÉ2012,,,
056,Generation 5 – Black and White,Pikachu,SMR2012,,,
056,Generation 5 – Black and White,Pikachu,EST2012,,,
056,Generation 5 – Black and White,Pikachu,VER2012,,,
056,Generation 5 – Black and White,Piplup,Searcher,,,
056,Generation 5 – Black and White,Kyogre,Super Strong – Fukuoka,,,
056,Generation 5 – Black and White,Groudon,Super Strong – Fukuoka,,,
056,Generation 5 – Black and White,Gardevoir,Super Strong – Kagoshima,,,
056,Generation 5 – Black and White,Gardevoir,Super Strong – Kumamoto,,,
056,Generation 5 – Black and White,Gardevoir,Super Strong – Kokura,,,
056,Generation 5 – Black and White,Gardevoir,Super Strong – Saga,,,
056,Generation 5 – Black and White,Gardevoir,Super Strong – Sasebo,,,
056,Generation 5 – Black and White,Gardevoir,Super Strong – Nagasaki,,,
056,Generation 5 – Black and White,Gardevoir,Super Strong – Beppu,,,
056,Generation 5 – Black and White,Gardevoir,Super Strong – Miyazaki,,,
056,Generation 5 – Black and White,Milotic,Super Strong – Kagoshima,,,
056,Generation 5 – Black and White,Milotic,Super Strong – Kumamoto,,,
056,Generation 5 – Black and White,Milotic,Super Strong – Kokura,,,
056,Generation 5 – Black and White,Milotic,Super Strong – Saga,,,
056,Generation 5 – Black and White,Milotic,Super Strong – Sasebo,,,
056,Generation 5 – Black and White,Milotic,Super Strong – Nagasaki,,,
056,Generation 5 – Black and White,Milotic,Super Strong – Beppu,,,
056,Generation 5 – Black and White,Milotic,Super Strong – Miyazaki,,,
056,Generation 5 – Black and White,Walrein,Super Strong – Kagoshima,,,
056,Generation 5 – Black and White,Walrein,Super Strong – Kumamoto,,,
056,Generation 5 – Black and White,Walrein,Super Strong – Kokura,,,
056,Generation 5 – Black and White,Walrein,Super Strong – Saga,,,
056,Generation 5 – Black and White,Walrein,Super Strong – Sasebo,,,
056,Generation 5 – Black and White,Walrein,Super Strong – Nagasaki,,,
056,Generation 5 – Black and White,Walrein,Super Strong – Beppu,,,
056,Generation 5 – Black and White,Walrein,Super Strong – Miyazaki,,,
056,Generation 5 – Black and White,Ludicolo,Super Strong – Kagoshima,,,
056,Generation 5 – Black and White,Ludicolo,Super Strong – Kumamoto,,,
056,Generation 5 – Black and White,Ludicolo,Super Strong – Kokura,,,
056,Generation 5 – Black and White,Ludicolo,Super Strong – Saga,,,
056,Generation 5 – Black and White,Ludicolo,Super Strong – Sasebo,,,
056,Generation 5 – Black and White,Ludicolo,Super Strong – Nagasaki,,,
056,Generation 5 – Black and White,Ludicolo,Super Strong – Beppu,,,
056,Generation 5 – Black and White,Ludicolo,Super Strong – Miyazaki,,,
056,Generation 5 – Black and White,Blaziken,Super Strong – Kagoshima,,,
056,Generation 5 – Black and White,Blaziken,Super Strong – Kumamoto,,,
056,Generation 5 – Black and White,Blaziken,Super Strong – Kokura,,,
056,Generation 5 – Black and White,Blaziken,Super Strong – Saga,,,
056,Generation 5 – Black and White,Blaziken,Super Strong – Sasebo,,,
056,Generation 5 – Black and White,Blaziken,Super Strong – Nagasaki,,,
056,Generation 5 – Black and White,Blaziken,Super Strong – Beppu,,,
056,Generation 5 – Black and White,Blaziken,Super Strong – Miyazaki,,,
056,Generation 5 – Black and White,Swampert,Super Strong – Kagoshima,,,
056,Generation 5 – Black and White,Swampert,Super Strong – Kumamoto,,,
056,Generation 5 – Black and White,Swampert,Super Strong – Kokura,,,
056,Generation 5 – Black and White,Swampert,Super Strong – Saga,,,
056,Generation 5 – Black and White,Swampert,Super Strong – Sasebo,,,
056,Generation 5 – Black and White,Swampert,Super Strong – Nagasaki,,,
056,Generation 5 – Black and White,Swampert,Super Strong – Beppu,,,
056,Generation 5 – Black and White,Swampert,Super Strong – Miyazaki,,,
056,Generation 5 – Black and White,Salamence,Super Strong – Kagoshima,,,
056,Generation 5 – Black and White,Salamence,Super Strong – Kumamoto,,,
056,Generation 5 – Black and White,Salamence,Super Strong – Kokura,,,
056,Generation 5 – Black and White,Salamence,Super Strong – Saga,,,
056,Generation 5 – Black and White,Salamence,Super Strong – Sasebo,,,
056,Generation 5 – Black and White,Salamence,Super Strong – Nagasaki,,,
056,Generation 5 – Black and White,Salamence,Super Strong – Beppu,,,
056,Generation 5 – Black and White,Salamence,Super Strong – Miyazaki,,,
056,Generation 5 – Black and White,Metagross,Super Strong – Kagoshima,,,
056,Generation 5 – Black and White,Metagross,Super Strong – Kumamoto,,,
056,Generation 5 – Black and White,Metagross,Super Strong – Kokura,,,
056,Generation 5 – Black and White,Metagross,Super Strong – Saga,,,
056,Generation 5 – Black and White,Metagross,Super Strong – Sasebo,,,
056,Generation 5 – Black and White,Metagross,Super Strong – Nagasaki,,,
056,Generation 5 – Black and White,Metagross,Super Strong – Beppu,,,
056,Generation 5 – Black and White,Metagross,Super Strong – Miyazaki,,,
056,Generation 5 – Black and White,Sceptile,Super Strong – Kagoshima,,,
056,Generation 5 – Black and White,Sceptile,Super Strong – Kumamoto,,,
056,Generation 5 – Black and White,Sceptile,Super Strong – Kokura,,,
056,Generation 5 – Black and White,Sceptile,Super Strong – Saga,,,
056,Generation 5 – Black and White,Sceptile,Super Strong – Sasebo,,,
056,Generation 5 – Black and White,Sceptile,Super Strong – Nagasaki,,,
056,Generation 5 – Black and White,Sceptile,Super Strong – Beppu,,,
056,Generation 5 – Black and White,Sceptile,Super Strong – Miyazaki,,,
056,Generation 5 – Black and White,Pansage,Cilan’s Pansage,Egg to Trade,,
056,Generation 5 – Black and White,Pidove,Ash’s Pidove,Egg to Trade,,
056,Generation 5 – Black and White,Axew,Iris’s Axew,Egg to Trade,,
056,Generation 5 – Black 2 and White 2,Bulbasaur,Sticker Promotional Kanto First Partner Eggs,Egg to Trade,,
056,Generation 5 – Black 2 and White 2,Charmander,Sticker Promotional Kanto First Partner Eggs,Egg to Trade,,
056,Generation 5 – Black 2 and White 2,Squirtle,Sticker Promotional Kanto First Partner Eggs,Egg to Trade,,
057,Wild Tera Type Pokémon,Houndoom,Alfornada Cavern,,,
057,Wild Tera Type Pokémon,Umbreon,Alfornada Cavern,,,
057,Wild Tera Type Pokémon,Sandygast,Asado Desert,,,
057,Wild Tera Type Pokémon,Cyclizar,Asado Desert,,,
057,Wild Tera Type Pokémon,Tsareena,Casseroya Lake,,,
057,Wild Tera Type Pokémon,Gyarados,Casseroya Lake,,,
057,Wild Tera Type Pokémon,Slowbro,Casseroya Lake,,,
057,Wild Tera Type Pokémon,Vaporeon,Casseroya Lake,,,
057,Wild Tera Type Pokémon,Drednaw,Casseroya Lake,,,
057,Wild Tera Type Pokémon,Azumarill,Casseroya Lake,,,
057,Wild Tera Type Pokémon,Bellibolt,Casseroya Lake,,,
057,Wild Tera Type Pokémon,Ursaring,Dalizapa Passage,,,
057,Wild Tera Type Pokémon,Espathra,Dalizapa Passage,,,
057,Wild Tera Type Pokémon,Sneasel,Dalizapa Passage,,,
057,Wild Tera Type Pokémon,Lucario,Dalizapa Passage,,,
057,Wild Tera Type Pokémon,Toxapex,East Province Area One,,,
057,Wild Tera Type Pokémon,Salandit,East Province Area One,,,
057,Wild Tera Type Pokémon,Floette,East Province Area One,,,
057,Wild Tera Type Pokémon,Growlithe,East Province Area Two,,,
057,Wild Tera Type Pokémon,Tauros,East Province Area Two,,,
057,Wild Tera Type Pokémon,Kirlia,East Province Area Three,,,
057,Wild Tera Type Pokémon,Falinks,East Province Area Three,,,
057,Wild Tera Type Pokémon,Pyroar,East Province Area Three,,,
057,Wild Tera Type Pokémon,Espeon,East Province Area Three,,,
057,Wild Tera Type Pokémon,Primeape,Glaseado Mountain,,,
057,Wild Tera Type Pokémon,Frigibax,Glaseado Mountain,,,
057,Wild Tera Type Pokémon,Veluza,Glaseado Mountain,,,
057,Wild Tera Type Pokémon,Glaceon,Glaseado Mountain,,,
057,Wild Tera Type Pokémon,Revavroom,Glaseado Mountain,,,
057,Wild Tera Type Pokémon,Pincurchin,Glaseado Mountain,,,
057,Wild Tera Type Pokémon,Avalugg,Glaseado Mountain,,,
057,Wild Tera Type Pokémon,Raichu,North Paldean Sea,,,
057,Wild Tera Type Pokémon,Wugtrio,North Province Area One,,,
057,Wild Tera Type Pokémon,Eelektross,North Province Area One,,,
057,Wild Tera Type Pokémon,Slaking,North Province Area Two,,,
057,Wild Tera Type Pokémon,Corviknight,North Province Area Two,,,
057,Wild Tera Type Pokémon,Dragonite,North Province Area Two,,,
057,Wild Tera Type Pokémon,Mimikyu,North Province Area Two,,,
057,Wild Tera Type Pokémon,Sylveon,North Province Area Three,,,
057,Wild Tera Type Pokémon,Pawmo,North Province Area Three,,,
057,Wild Tera Type Pokémon,Fletchling,South Province Area Two,,,
057,Wild Tera Type Pokémon,Diglett,South Province Area Two,,,
057,Wild Tera Type Pokémon,Meowth,South Province Area Two,,,
057,Wild Tera Type Pokémon,Jigglypuff,South Province Area Three,,,
057,Wild Tera Type Pokémon,Dunsparce,South Province Area Three,,,
057,Wild Tera Type Pokémon,Sliggoo,South Province Area Four,,,
057,Wild Tera Type Pokémon,Golduck,South Province Area Four,,,
057,Wild Tera Type Pokémon,Leafeon,South Province Area Four,,,
057,Wild Tera Type Pokémon,Scyther,South Province Area Four,,,
057,Wild Tera Type Pokémon,Shinx,South Province Area Five,,,
057,Wild Tera Type Pokémon,Flareon,South Province Area Five,,,
057,Wild Tera Type Pokémon,Houndstone,South Province Area Five,,,
057,Wild Tera Type Pokémon,Flamigo,South Province Area Five,,,
057,Wild Tera Type Pokémon,Dragonair,South Province Area Six,,,
057,Wild Tera Type Pokémon,Hawlucha,South Province Area Six,,,
057,Wild Tera Type Pokémon,Grafaiai,Tagtree Thicket,,,
057,Wild Tera Type Pokémon,Torkoal,West Province Area One,,,
057,Wild Tera Type Pokémon,Altaria,West Province Area One,,,
057,Wild Tera Type Pokémon,Lokix,West Province Area One,,,
057,Wild Tera Type Pokémon,Buizel,West Province Area One,,,
057,Wild Tera Type Pokémon,Jolteon,West Province Area One,,,
057,Wild Tera Type Pokémon,Axew,West Province Area One,,,
057,Wild Tera Type Pokémon,Tinkatuff,West Province Area One,,,
057,Wild Tera Type Pokémon,Rockruff,West Province Area One,,,
057,Wild Tera Type Pokémon,Garchomp,West Province Area Two,,,
057,Wild Tera Type Pokémon,Naclstack,West Province Area Two,,,
057,Wild Tera Type Pokémon,Breloom,West Province Area Three,,,
057,Wild Tera Type Pokémon,Rockruff,West Province Area Three,,,
057,Wild Tera Type Pokémon,Glimmora,Crystal Pool,,,
057,Wild Tera Type Pokémon,Vullaby,Fellhorn Gorge,,,
057,Wild Tera Type Pokémon,Slugma,Infernal Pass,,,
057,Wild Tera Type Pokémon,Lampent,Infernal Pass,,,
057,Wild Tera Type Pokémon,Munchlax,Kitakami Road,,,
057,Wild Tera Type Pokémon,Swanna,Kitakami Wilds,,,
057,Wild Tera Type Pokémon,Vikavolt,Kitakami Wilds,,,
057,Wild Tera Type Pokémon,Arbok,Mossfell Confluence,,,
057,Wild Tera Type Pokémon,Poliwhirl,Mossfell Confluence,,,
057,Wild Tera Type Pokémon,Poltchageist,Mossfell Confluence,,,
057,Wild Tera Type Pokémon,Geodude,Oni Mountain,,,
057,Wild Tera Type Pokémon,Hakamo-o,Oni Mountain,,,
057,Wild Tera Type Pokémon,Nosepass,Paradise Barrens,,,
057,Wild Tera Type Pokémon,Sandslash,Reveler’s Road,,,
057,Wild Tera Type Pokémon,Vulpix,Reveler’s Road,,,
057,Wild Tera Type Pokémon,Trevenant,Timeless Woods,,,
057,Wild Tera Type Pokémon,Quagsire,Timeless Woods,,,
057,Wild Tera Type Pokémon,Dusclops,Timeless Woods,,,
057,Wild Tera Type Pokémon,Yanma,Wistful Fields,,,
057,Wild Tera Type Pokémon,Gurdurr,Wistful Fields,,,
057,Wild Tera Type Pokémon,Applin,Apple Hills,,,
057,Wild Tera Type Pokémon,Magneton,Canyon Biome,,,
057,Wild Tera Type Pokémon,Hitmontop,Canyon Biome,,,
057,Wild Tera Type Pokémon,Rhydon,Canyon Biome,,,
057,Wild Tera Type Pokémon,Trumbeak,Coastal Biome,,,
057,Wild Tera Type Pokémon,Bruxish,Coastal Biome,,,
057,Wild Tera Type Pokémon,Seadra,Coastal Biome,,,
057,Wild Tera Type Pokémon,Muk,Coastal Biome,,,
057,Wild Tera Type Pokémon,Golurk,Polar Biome,,,
057,Wild Tera Type Pokémon,Dewgong,Polar Biome,,,
057,Wild Tera Type Pokémon,Abomasnow,Polar Biome,,,
057,Wild Tera Type Pokémon,Duraludon,Polar Biome,,,
057,Wild Tera Type Pokémon,Lapras,Polar Biome,,,
057,Wild Tera Type Pokémon,Reuniclus,Polar Biome,,,
057,Wild Tera Type Pokémon,Metang,Polar Biome,,,
057,Wild Tera Type Pokémon,Tauros,Savanna Biome,,,
057,Wild Tera Type Pokémon,Vibrava,Savanna Biome,,,
057,Wild Tera Type Pokémon,Rabsca,Savanna Biome,,,
057,Wild Tera Type Pokémon,Magmar,Savanna Biome,,,
057,Wild Tera Type Pokémon,Eelektross,Chargestone Cavern,,,
057,Wild Tera Type Pokémon,Porygon,Chargestone Cavern,,,
057,Wild Tera Type Pokémon,Granbull,Torchlit Labyrinth,,,
057,Wild Stellar Tera Type Pokémon,Haxorus,Canyon Biome,,,
057,Wild Stellar Tera Type Pokémon,Electabuzz,Canyon Biome,,,
057,Wild Stellar Tera Type Pokémon,Skarmory,Canyon Biome,,,
057,Wild Stellar Tera Type Pokémon,Graveler,Canyon Biome,,,
057,Wild Stellar Tera Type Pokémon,Girafarig,Canyon Biome,,,
057,Wild Stellar Tera Type Pokémon,Altaria,Canyon Biome,,,
057,Wild Stellar Tera Type Pokémon,Magnezone,Canyon Biome,,,
057,Wild Stellar Tera Type Pokémon,Scrafty,Canyon Biome,,,
057,Wild Stellar Tera Type Pokémon,Cinccino,Canyon Biome,,,
057,Wild Stellar Tera Type Pokémon,Golurk,Canyon Biome,,,
057,Wild Stellar Tera Type Pokémon,Malamar,Canyon Biome,,,
057,Wild Stellar Tera Type Pokémon,Minior,Canyon Biome,,,
057,Wild Stellar Tera Type Pokémon,Zangoose,Coastal Biome,,,
057,Wild Stellar Tera Type Pokémon,Araquanid,Coastal Biome,,,
057,Wild Stellar Tera Type Pokémon,Lanturn,Coastal Biome,,,
057,Wild Stellar Tera Type Pokémon,Venonat,Coastal Biome,,,
057,Wild Stellar Tera Type Pokémon,Exeggcute,Coastal Biome,,,
057,Wild Stellar Tera Type Pokémon,Seadra,Coastal Biome,,,
057,Wild Stellar Tera Type Pokémon,Vigoroth,Coastal Biome,,,
057,Wild Stellar Tera Type Pokémon,Torkoal,Coastal Biome,,,
057,Wild Stellar Tera Type Pokémon,Seviper,Coastal Biome,,,
057,Wild Stellar Tera Type Pokémon,Rotom,Coastal Biome,,,
057,Wild Stellar Tera Type Pokémon,Alomomola,Coastal Biome,,,
057,Wild Stellar Tera Type Pokémon,Talonflame,Coastal Biome,,,
057,Wild Stellar Tera Type Pokémon,Malamar,Coastal Biome,,,
057,Wild Stellar Tera Type Pokémon,Comfey,Coastal Biome,,,
057,Wild Stellar Tera Type Pokémon,Bruxish,Coastal Biome,,,
057,Wild Stellar Tera Type Pokémon,Lapras,Polar Biome,,,
057,Wild Stellar Tera Type Pokémon,Dewgong,Polar Biome,,,
057,Wild Stellar Tera Type Pokémon,Duraludon,Polar Biome,,,
057,Wild Stellar Tera Type Pokémon,Porygon,Polar Biome,,,
057,Wild Stellar Tera Type Pokémon,Beldum,Polar Biome,,,
057,Wild Stellar Tera Type Pokémon,Abomasnow,Polar Biome,,,
057,Wild Stellar Tera Type Pokémon,Reuniclus,Polar Biome,,,
057,Wild Stellar Tera Type Pokémon,Beartic,Polar Biome,,,
057,Wild Stellar Tera Type Pokémon,Minior,Polar Biome,,,
057,Wild Stellar Tera Type Pokémon,Milcery,Polar Biome,,,
057,Wild Stellar Tera Type Pokémon,Flygon,Savanna Biome,,,
057,Wild Stellar Tera Type Pokémon,Dodrio,Savanna Biome,,,
057,Wild Stellar Tera Type Pokémon,Krookodile,Savanna Biome,,,
057,Wild Stellar Tera Type Pokémon,Venonat,Savanna Biome,,,
057,Wild Stellar Tera Type Pokémon,Exeggcute,Savanna Biome,,,
057,Wild Stellar Tera Type Pokémon,Rhyhorn,Savanna Biome,,,
057,Wild Stellar Tera Type Pokémon,Scyther,Savanna Biome,,,
057,Wild Stellar Tera Type Pokémon,Magmar,Savanna Biome,,,
057,Wild Stellar Tera Type Pokémon,Tauros,Savanna Biome,,,
057,Wild Stellar Tera Type Pokémon,Smeargle,Savanna Biome,,,
057,Wild Stellar Tera Type Pokémon,Zebstrika,Savanna Biome,,,
057,Wild Stellar Tera Type Pokémon,Drilbur,Savanna Biome,,,
057,Wild Stellar Tera Type Pokémon,Braviary,Savanna Biome,,,
057,Wild Stellar Tera Type Pokémon,Pyroar,Savanna Biome,,,
057,Wild Stellar Tera Type Pokémon,Rellor,Savanna Biome,,,
061,Obsidian Fieldlands,Golbat,,,,
061,Obsidian Fieldlands,Parasect,,,,
061,Obsidian Fieldlands,Alakazam,,,,
061,Obsidian Fieldlands,Graveler,,,,
061,Obsidian Fieldlands,Rapidash,,,,
061,Obsidian Fieldlands,Scyther,,,,
061,Obsidian Fieldlands,Magikarp,,,,
061,Obsidian Fieldlands,Gyarados,,,,
061,Obsidian Fieldlands,Snorlax,,,,
061,Obsidian Fieldlands,Heracross,,,,
061,Obsidian Fieldlands,Stantler,,,,
061,Obsidian Fieldlands,Blissey,,,,
061,Obsidian Fieldlands,Infernape,,,,
061,Obsidian Fieldlands,Staravia,,,,
061,Obsidian Fieldlands,Bibarel,,,,
061,Obsidian Fieldlands,Kricketune,,,,
061,Obsidian Fieldlands,Luxio,,,,
061,Obsidian Fieldlands,Floatzel,,,,
061,Obsidian Fieldlands,Lopunny,,,,
061,Crimson Mirelands,Raichu,,,,
061,Crimson Mirelands,Onix,,,,
061,Crimson Mirelands,Rhyhorn,,,,
061,Crimson Mirelands,Ursaring,,,,
061,Crimson Mirelands,Whiscash,,,,
061,Crimson Mirelands,Torterra,,,,
061,Crimson Mirelands,Roserade,,,,
061,Crimson Mirelands,Vespiquen,,,,
061,Crimson Mirelands,Pachirisu,,,,
061,Crimson Mirelands,Honchkrow,,,,
061,Crimson Mirelands,Skuntank,,,,
061,Crimson Mirelands,Hippowdon,,,,
061,Crimson Mirelands,Toxicroak,,,,
061,Crimson Mirelands,Carnivine,,,,
061,Crimson Mirelands,Lickilicky,,,,
061,Crimson Mirelands,Tangrowth,,,,
061,Crimson Mirelands,Yanmega,,,,
061,Crimson Mirelands,Sliggoo,,,,
061,Cobalt Coastlands,Ninetales,,,,
061,Cobalt Coastlands,Golduck,,,,
061,Cobalt Coastlands,Machoke,,,,
061,Cobalt Coastlands,Tentacruel,,,,
061,Cobalt Coastlands,Chansey,,,,
061,Cobalt Coastlands,Gyarados,,,,
061,Cobalt Coastlands,Qwilfish,,,,
061,Cobalt Coastlands,Octillery,,,,
061,Cobalt Coastlands,Mantine,,,,
061,Cobalt Coastlands,Walrein,,,,
061,Cobalt Coastlands,Empoleon,,,,
061,Cobalt Coastlands,Mothim,,,,
061,Cobalt Coastlands,Gastrodon,,,,
061,Cobalt Coastlands,Ambipom,,,,
061,Cobalt Coastlands,Purugly,,,,
061,Cobalt Coastlands,Drapion,,,,
061,Cobalt Coastlands,Lumineon,,,,
061,Cobalt Coastlands,Dusknoir,,,,
061,Coronet Highlands,Clefable,,,,
061,Coronet Highlands,Golem,,,,
061,Coronet Highlands,Crobat,,,,
061,Coronet Highlands,Gligar,,,,
061,Coronet Highlands,Steelix,,,,
061,Coronet Highlands,Luxray,,,,
061,Coronet Highlands,Mothim,,,,
061,Coronet Highlands,Mismagius,,,,
061,Coronet Highlands,Bronzong,,,,
061,Coronet Highlands,Gabite,,,,
061,Coronet Highlands,Carnivine,,,,
061,Coronet Highlands,Rhyperior,,,,
061,Coronet Highlands,Electivire,,,,
061,Coronet Highlands,Gliscor,,,,
061,Coronet Highlands,Probopass,,,,
061,Coronet Highlands,Goodra,,,,
061,Alabaster Icelands,Machamp,,,,
061,Alabaster Icelands,Electabuzz,,,,
061,Alabaster Icelands,Sneasel,,,,
061,Alabaster Icelands,Swinub,,,,
061,Alabaster Icelands,Piloswine,,,,
061,Alabaster Icelands,Gardevoir,,,,
061,Alabaster Icelands,Chimecho,,,,
061,Alabaster Icelands,Glalie,,,,
061,Alabaster Icelands,Garchomp,,,,
061,Alabaster Icelands,Lucario,,,,
061,Alabaster Icelands,Abomasnow,,,,
061,Alabaster Icelands,Mamoswine,,,,
061,Alabaster Icelands,Gallade,,,,
061,Alabaster Icelands,Froslass,,,,
063,,Rattata,Alola,,,
063,,Raticate,Alola,,,
063,,Raichu,Alola,,,
063,,Sandshrew,Alola,,,
063,,Sandslash,Alola,,,
063,,Vulpix,Alola,,,
063,,Ninetales,Alola,,,
063,,Diglett,Alola,,,
063,,Dugtrio,Alola,,,
063,,Meowth,Alola,,,
063,,Meowth,Galar,,,
063,,Persian,Alola,,,
063,,Growlithe,Hisui,,,
063,,Arcanine,Hisui,,,
063,,Geodude,Alola,,,
063,,Graveler,Alola,,,
063,,Golem,Alola,,,
063,,Ponyta,Galar,,,
063,,Rapidash,Galar,,,
063,,Slowpoke,Galar,,,
063,,Slowbro,Galar,,,
063,,Farfetch’d,Galar,,,
063,,Grimer,Alola,,,
063,,Muk,Alola,,,
063,,Voltorb,Hisui,,,
063,,Electrode,Hisui,,,
063,,Exeggutor,Alola,,,
063,,Marowak,Alola,,,
063,,Weezing,Galar,,,
063,,Mr. Mime,Galar,,,
063,,Tauros,Paldea,,,
063,,Tauros,Paldea,,,
063,,Tauros,Paldea,,,
063,,Typhlosion,Hisui,,,
063,,Wooper,Paldea,,,
063,,Sneasel,Hisui,,,
063,,Corsola,Galar,,,
063,,Zigzagoon,Galar,,,
063,,Linoone,Galar,,,
063,,Samurott,Hisui,,,
063,,Lilligant,Hisui,,,
063,,Darumaka,Galar,,,
063,,Darmanitan,Galar,,,
063,,Yamask,Galar,,,
063,,Zorua,Hisui,,,
063,,Zoroark,Hisui,,,
063,,Stunfisk,Galar,,,
063,,Braviary,Hisui,,,
063,,Sliggoo,Hisui,,,
063,,Goodra,Hisui,,,
063,,Avalugg,Hisui,,,
063,,Decidueye,Hisui,,,
064,,Diglett,Route 4,,,
064,,Diglett,Route 4,,,
064,,Abomasnow,Route 10,,,
064,,Beartic,Route 10,,,
064,,Stunfisk,Galar Mine no. 2,,,
064,,Stunfisk,Galar Mine no. 2,,,
064,,Stunfisk,Galar Mine no. 2,,,
064,,Stunfisk,Galar Mine no. 2,,,
064,,Stunfisk,Galar Mine no. 2,,,
064,,Stunfisk,Slumbering Weald,,,
064,,Carkol,Galar Mine,,,
064,,Carkol,Galar Mine,,,
064,,Grapploct,Route 9,,,
064,,Grapploct,Route 9,,,
064,,Grapploct,Route 9,,,
064,,Grapploct,Route 9,,,
064,,Grapploct,Route 9,,,
064,,Impidimp,Glimwood Tangle,,,
064,,Impidimp,Glimwood Tangle,,,
064,,Falinks,Route 8,,,
064,,Vulpix,Motostoke Stadium,,,
064,,Litwick,Motostoke Stadium,,,
064,,Sizzlipede,Motostoke Stadium,,,
064,,Lapras,Route 2,,,
064,,Crawdaunt,Turffield,,,
064,,Glalie,Route 9,,,
064,,Gastrodon,Galar Mine no. 2,,,
064,,Crustle,Route 8,,,
064,,Eldegoss,Route 5,,,
064,,Drednaw,Galar Mine no. 2,,,
064,,Drednaw,Route 2,,,
064,,Morgrem,Glimwood Tangle,,,
064,,Obstagoon,Route 2,,,
064,,Meowth,Regina,,,
064,,Ponyta,Regina,,,
064,,Farfetch’d,Regina,,,
064,,Exeggutor,Regina,,,
064,,Marowak,Regina,,,
064,,Weezing,Regina,,,
064,,Mr. Mime,Regina,,,
064,,Corsola,Regina,,,
064,,Zigzagoon,Regina,,,
064,,Darumaka,Regina,,,
064,,Stunfisk,Regina,,,
064,,Wailord,Workout Sea,,,
065,"X, Y",Ledyba,,,,
065,"X, Y",Volbeat,,,,
065,"X, Y",Illumise,,,,
065,"X, Y",Burmy,,,,
065,"X, Y",Combee,,,,
065,"X, Y",Spewpa,,,,
065,"Sun, Moon, UltraSun, UltraMoon",Crabrawler,,,,
065,"Sword, Shield",Skwovet,,,,
065,"Sword, Shield",Greedent,,,,
065,"Sword, Shield",Cherubi,,,,
065,"Sword, Shield",Applin,,,,
065,"Sword, Shield",Flapple,,,,
065,"Sword, Shield",Appletun,,,,
065,"Sword, Shield",Emolga,,,,
065,"Sword, Shield",Munchlax,,,,